-- MySQL dump 10.16  Distrib 10.1.12-MariaDB, for debian-linux-gnu (x86_64)
--
-- Host: localhost    Database: shpenzimet
-- ------------------------------------------------------
-- Server version	10.1.12-MariaDB-1~trusty

/*!40101 SET @OLD_CHARACTER_SET_CLIENT=@@CHARACTER_SET_CLIENT */;
/*!40101 SET @OLD_CHARACTER_SET_RESULTS=@@CHARACTER_SET_RESULTS */;
/*!40101 SET @OLD_COLLATION_CONNECTION=@@COLLATION_CONNECTION */;
/*!40101 SET NAMES utf8 */;
/*!40103 SET @OLD_TIME_ZONE=@@TIME_ZONE */;
/*!40103 SET TIME_ZONE='+00:00' */;
/*!40014 SET @OLD_UNIQUE_CHECKS=@@UNIQUE_CHECKS, UNIQUE_CHECKS=0 */;
/*!40014 SET @OLD_FOREIGN_KEY_CHECKS=@@FOREIGN_KEY_CHECKS, FOREIGN_KEY_CHECKS=0 */;
/*!40101 SET @OLD_SQL_MODE=@@SQL_MODE, SQL_MODE='NO_AUTO_VALUE_ON_ZERO' */;
/*!40111 SET @OLD_SQL_NOTES=@@SQL_NOTES, SQL_NOTES=0 */;

--
-- Table structure for table `xxl_budget`
--

DROP TABLE IF EXISTS `xxl_budget`;
/*!40101 SET @saved_cs_client     = @@character_set_client */;
/*!40101 SET character_set_client = utf8 */;
CREATE TABLE `xxl_budget` (
  `id` int(10) unsigned NOT NULL AUTO_INCREMENT,
  `department_id` int(10) unsigned DEFAULT NULL,
  `spendingtype_id` int(10) unsigned DEFAULT NULL,
  `payment_source_id` int(10) unsigned DEFAULT NULL,
  `value` decimal(11,3) NOT NULL,
  `created_at` timestamp NOT NULL DEFAULT CURRENT_TIMESTAMP ON UPDATE CURRENT_TIMESTAMP,
  `updated_at` timestamp NOT NULL DEFAULT '0000-00-00 00:00:00',
  `year` int(11) DEFAULT NULL,
  PRIMARY KEY (`id`) USING BTREE,
  KEY `budget_payment_source_id_foreign` (`payment_source_id`) USING BTREE,
  KEY `budget_department_id_foreign` (`department_id`) USING BTREE,
  KEY `budget_spendingtype_id_foreign` (`spendingtype_id`) USING BTREE,
  CONSTRAINT `budget_department_id_foreign` FOREIGN KEY (`department_id`) REFERENCES `xxl_departments` (`id`) ON DELETE SET NULL,
  CONSTRAINT `budget_payment_source_id_foreign` FOREIGN KEY (`payment_source_id`) REFERENCES `xxl_payment_sources` (`id`) ON DELETE SET NULL,
  CONSTRAINT `budget_spendingtype_id_foreign` FOREIGN KEY (`spendingtype_id`) REFERENCES `xxl_spendingtypes` (`id`) ON DELETE SET NULL
) ENGINE=InnoDB AUTO_INCREMENT=217 DEFAULT CHARSET=utf8 COLLATE=utf8_unicode_ci;
/*!40101 SET character_set_client = @saved_cs_client */;

--
-- Dumping data for table `xxl_budget`
--

LOCK TABLES `xxl_budget` WRITE;
/*!40000 ALTER TABLE `xxl_budget` DISABLE KEYS */;
INSERT INTO `xxl_budget` VALUES (6,1,5,1,318172.000,'2018-07-09 13:06:05','2018-07-09 13:06:05',2018),(7,1,1,1,300000.000,'2018-07-09 13:06:22','2018-07-09 13:06:22',2018),(8,1,3,1,46000.000,'2018-07-09 13:06:37','2018-07-09 13:06:37',2018),(9,1,2,1,30000.000,'2018-07-09 13:06:54','2018-07-09 13:06:54',2018),(10,1,1,2,19000.000,'2018-07-09 13:07:16','2018-07-09 13:07:16',2018),(13,1,2,2,280000.000,'2018-07-09 13:12:29','2018-07-09 13:12:29',2018),(14,14,5,1,115957.000,'2018-07-09 17:47:46','2018-07-09 17:47:46',2018),(15,14,1,1,61000.000,'2018-07-09 17:47:58','2018-07-09 17:47:58',2018),(16,14,6,2,14000.000,'2018-07-09 17:48:25','2018-07-09 17:48:25',2018),(17,14,2,2,25000.000,'2018-07-09 17:48:39','2018-07-09 17:48:39',2018),(18,6,5,1,138820.000,'2018-07-09 17:49:44','2018-07-09 17:49:44',2018),(19,6,1,1,78000.000,'2018-07-09 17:49:56','2018-07-09 17:49:56',2018),(20,6,2,2,12000.000,'2018-07-09 17:50:15','2018-07-09 17:50:15',2018),(21,15,5,1,31286.000,'2018-07-09 17:51:13','2018-07-09 17:51:13',2018),(22,15,1,1,5000.000,'2018-07-09 17:51:25','2018-07-09 17:51:25',2018),(23,2,5,1,178188.000,'2018-07-09 17:54:06','2018-07-09 17:54:06',2018),(24,2,1,1,35000.000,'2018-07-09 17:54:21','2018-07-09 17:54:21',2018),(25,2,2,1,88750.000,'2018-07-09 17:54:43','2018-07-09 17:54:43',2018),(26,2,2,5,278500.000,'2018-07-09 17:55:03','2018-07-09 17:55:03',2018),(27,5,5,1,409520.000,'2018-07-09 17:56:46','2018-07-09 17:56:46',2018),(28,5,1,1,359036.000,'2018-07-09 17:57:00','2018-07-09 17:57:00',2018),(29,5,3,1,174000.000,'2018-07-09 17:57:17','2018-07-09 17:57:17',2018),(30,5,2,1,3137355.000,'2018-07-09 17:57:42','2018-07-09 17:57:42',2018),(31,5,6,2,22500.000,'2018-07-09 17:58:14','2018-07-09 17:58:14',2018),(32,5,2,2,687235.000,'2018-07-09 17:58:30','2018-07-09 17:58:30',2018),(35,13,5,1,28075.000,'2018-07-09 18:00:12','2018-07-09 18:00:12',2018),(36,13,1,1,18000.000,'2018-07-09 18:00:21','2018-07-09 18:00:21',2018),(37,13,6,2,20000.000,'2018-07-09 18:00:38','2018-07-09 18:00:38',2018),(38,7,5,1,82878.000,'2018-07-09 18:01:41','2018-07-09 18:01:41',2018),(39,7,1,1,16000.000,'2018-07-09 18:01:48','2018-07-09 18:01:48',2018),(40,7,3,1,500.000,'2018-07-09 18:02:05','2018-07-09 18:02:05',2018),(41,7,2,1,100000.000,'2018-07-09 18:02:16','2018-07-09 18:02:16',2018),(42,7,6,2,100000.000,'2018-07-09 18:02:37','2018-07-09 18:02:37',2018),(43,7,2,2,150000.000,'2018-07-09 18:02:49','2018-07-09 18:02:49',2018),(44,12,5,1,67338.000,'2018-07-09 18:04:01','2018-07-09 18:04:01',2018),(45,12,1,1,22000.000,'2018-07-09 18:04:10','2018-07-09 18:04:10',2018),(46,12,6,2,80000.000,'2018-07-09 18:04:25','2018-07-09 18:04:25',2018),(47,12,2,2,305000.000,'2018-07-09 18:04:37','2018-07-09 18:04:37',2018),(48,10,5,1,106705.000,'2018-07-09 18:05:33','2018-07-09 18:05:33',2018),(49,10,1,1,29000.000,'2018-07-09 18:05:43','2018-07-09 18:05:43',2018),(50,10,3,1,12000.000,'2018-07-09 18:05:53','2018-07-09 18:05:53',2018),(51,10,2,1,300000.000,'2018-07-09 18:06:05','2018-07-09 18:06:05',2018),(52,10,2,2,430000.000,'2018-07-09 18:06:21','2018-07-09 18:06:21',2018),(53,9,5,1,104633.000,'2018-07-09 18:07:10','2018-07-09 18:07:10',2018),(54,9,1,1,22000.000,'2018-07-09 18:07:21','2018-07-09 18:07:21',2018),(55,9,3,1,8000.000,'2018-07-09 18:07:33','2018-07-09 18:07:33',2018),(56,9,2,1,75000.000,'2018-07-09 18:07:59','2018-07-09 18:07:59',2018),(57,4,5,1,2589877.000,'2018-07-09 18:09:10','2018-07-09 18:09:10',2018),(58,4,1,1,158000.000,'2018-07-09 18:09:22','2018-07-09 18:09:22',2018),(59,4,3,1,40000.000,'2018-07-09 18:09:32','2018-07-09 18:09:32',2018),(60,4,5,2,10000.000,'2018-07-09 18:09:48','2018-07-09 18:09:48',2018),(61,4,1,2,50000.000,'2018-07-09 18:09:59','2018-07-09 18:09:59',2018),(62,4,6,2,40000.000,'2018-07-09 18:10:10','2018-07-09 18:10:10',2018),(63,4,2,2,110000.000,'2018-07-09 18:10:23','2018-07-09 18:10:23',2018),(64,11,5,1,182825.000,'2018-07-09 18:32:49','2018-07-09 18:32:49',2018),(65,11,1,1,127000.000,'2018-07-09 18:33:01','2018-07-09 18:33:01',2018),(66,11,3,1,56000.000,'2018-07-09 18:33:13','2018-07-09 18:33:13',2018),(67,11,1,2,20000.000,'2018-07-09 18:33:31','2018-07-09 18:33:31',2018),(68,11,6,2,121482.000,'2018-07-09 18:33:48','2018-07-09 18:33:48',2018),(69,11,2,2,128000.000,'2018-07-09 18:33:59','2018-07-09 18:33:59',2018),(70,3,5,1,8881338.000,'2018-07-09 18:35:25','2018-07-09 18:35:25',2018),(71,3,1,1,674123.000,'2018-07-09 18:35:41','2018-07-09 18:35:41',2018),(72,3,3,1,162499.000,'2018-07-09 18:37:56','2018-07-09 18:37:56',2018),(73,3,2,1,190000.000,'2018-07-09 18:38:08','2018-07-09 18:38:08',2018),(74,3,5,2,14600.000,'2018-07-09 18:38:24','2018-07-09 18:38:24',2018),(75,3,1,2,173700.000,'2018-07-09 18:38:37','2018-07-09 18:38:37',2018),(76,3,3,2,55900.000,'2018-07-09 18:38:51','2018-07-09 18:38:51',2018),(77,3,6,2,40000.000,'2018-07-09 18:39:01','2018-07-09 18:39:01',2018),(78,3,2,2,155726.000,'2018-07-09 18:39:15','2018-07-09 18:39:15',2018),(79,3,1,5,36411.000,'2018-07-09 18:39:44','2018-07-09 18:39:44',2018),(80,14,5,1,110600.000,'2018-07-09 20:05:41','2018-07-09 20:05:41',2017),(81,14,1,1,40000.000,'2018-07-09 20:06:20','2018-07-09 20:06:20',2017),(82,14,6,2,20000.000,'2018-07-09 20:06:40','2018-07-09 20:06:40',2017),(83,1,5,1,304000.000,'2018-07-09 20:07:43','2018-07-09 20:07:43',2017),(84,1,1,1,250000.000,'2018-07-09 20:07:52','2018-07-09 20:07:52',2017),(85,1,3,1,45000.000,'2018-07-09 20:08:04','2018-07-09 20:08:04',2017),(86,1,2,1,60000.000,'2018-07-09 20:08:17','2018-07-09 20:08:17',2017),(87,1,2,2,205000.000,'2018-07-09 20:08:30','2018-07-09 20:08:30',2017),(88,6,5,1,133000.000,'2018-07-09 20:09:12','2018-07-09 20:09:12',2017),(89,6,1,1,50000.000,'2018-07-09 20:09:20','2018-07-09 20:09:20',2017),(90,6,1,2,20000.000,'2018-07-09 20:09:39','2018-07-09 20:09:39',2017),(91,15,5,1,30000.000,'2018-07-09 20:10:14','2018-07-09 20:10:14',2017),(92,15,1,1,5000.000,'2018-07-09 20:10:27','2018-07-09 20:10:27',2017),(93,2,5,1,172049.000,'2018-07-09 20:11:15','2018-07-09 20:11:15',2017),(94,2,1,1,30000.000,'2018-07-09 20:11:23','2018-07-09 20:11:23',2017),(95,2,2,1,177464.000,'2018-07-09 13:34:59','2018-07-09 20:11:40',2017),(96,2,2,2,267536.000,'2018-07-09 20:11:57','2018-07-09 20:11:57',2017),(97,5,5,1,394600.000,'2018-07-09 20:12:26','2018-07-09 20:12:26',2017),(98,5,1,1,288036.000,'2018-07-09 20:12:35','2018-07-09 20:12:35',2017),(99,5,3,1,180000.000,'2018-07-09 20:12:46','2018-07-09 20:12:46',2017),(100,5,2,1,2077664.000,'2018-07-09 20:13:03','2018-07-09 20:13:03',2017),(101,5,6,2,15000.000,'2018-07-09 20:13:14','2018-07-09 20:13:14',2017),(102,5,2,2,1293997.000,'2018-07-09 20:13:34','2018-07-09 20:13:34',2017),(103,13,5,1,27000.000,'2018-07-09 20:15:04','2018-07-09 20:15:04',2017),(104,13,1,1,18000.000,'2018-07-09 20:15:13','2018-07-09 20:15:13',2017),(105,13,6,2,20000.000,'2018-07-09 20:15:28','2018-07-09 20:15:28',2017),(106,7,5,1,79800.000,'2018-07-09 20:15:56','2018-07-09 20:15:56',2017),(107,7,1,1,17000.000,'2018-07-09 20:16:03','2018-07-09 20:16:03',2017),(108,7,3,1,2000.000,'2018-07-09 20:16:12','2018-07-09 20:16:12',2017),(109,7,2,1,125000.000,'2018-07-09 20:16:23','2018-07-09 20:16:23',2017),(110,7,6,2,109982.000,'2018-07-09 20:16:40','2018-07-09 20:16:40',2017),(111,7,2,2,220245.000,'2018-07-09 20:16:56','2018-07-09 20:16:56',2017),(112,12,5,1,64500.000,'2018-07-09 20:17:29','2018-07-09 20:17:29',2017),(113,12,1,1,17000.000,'2018-07-09 20:17:38','2018-07-09 20:17:38',2017),(114,12,6,2,80000.000,'2018-07-09 20:17:53','2018-07-09 20:17:53',2017),(115,12,2,2,40000.000,'2018-07-09 20:18:05','2018-07-09 20:18:05',2017),(116,10,5,1,102100.000,'2018-07-09 20:18:39','2018-07-09 20:18:39',2017),(117,10,1,1,25000.000,'2018-07-09 20:18:49','2018-07-09 20:18:49',2017),(118,10,3,1,13000.000,'2018-07-09 20:19:03','2018-07-09 20:19:03',2017),(119,10,2,2,240000.000,'2018-07-09 20:19:19','2018-07-09 20:19:19',2017),(120,9,5,1,100200.000,'2018-07-09 20:19:51','2018-07-09 20:19:51',2017),(121,9,1,1,20000.000,'2018-07-09 20:19:56','2018-07-09 20:19:56',2017),(122,9,3,1,7899.000,'2018-07-09 20:20:07','2018-07-09 20:20:07',2017),(123,9,2,2,90000.000,'2018-07-09 20:20:19','2018-07-09 20:20:19',2017),(124,4,5,1,2539710.000,'2018-07-09 20:21:01','2018-07-09 20:21:01',2017),(125,4,1,1,109000.000,'2018-07-09 20:21:16','2018-07-09 20:21:16',2017),(126,4,3,1,30000.000,'2018-07-09 20:21:33','2018-07-09 20:21:33',2017),(127,4,5,2,10000.000,'2018-07-09 20:21:50','2018-07-09 20:21:50',2017),(128,4,1,2,40000.000,'2018-07-09 20:22:02','2018-07-09 20:22:02',2017),(129,4,6,2,40000.000,'2018-07-09 20:22:14','2018-07-09 20:22:14',2017),(130,4,2,2,55000.000,'2018-07-09 20:22:29','2018-07-09 20:22:29',2017),(131,11,5,1,174500.000,'2018-07-09 20:24:26','2018-07-09 20:24:26',2017),(132,11,1,1,95000.000,'2018-07-09 20:24:36','2018-07-09 20:24:36',2017),(133,11,3,1,50000.000,'2018-07-09 20:24:51','2018-07-09 20:24:51',2017),(134,11,6,2,113000.000,'2018-07-09 20:25:12','2018-07-09 20:25:12',2017),(135,11,2,2,40000.000,'2018-07-09 20:25:30','2018-07-09 20:25:30',2017),(136,3,5,1,8529067.000,'2018-07-09 20:26:23','2018-07-09 20:26:23',2017),(137,3,1,1,593000.000,'2018-07-09 20:26:35','2018-07-09 20:26:35',2017),(138,3,3,1,166400.000,'2018-07-09 20:27:11','2018-07-09 20:27:11',2017),(139,3,2,1,100000.000,'2018-07-09 20:27:25','2018-07-09 20:27:25',2017),(140,3,5,2,12400.000,'2018-07-09 20:27:43','2018-07-09 20:27:43',2017),(141,3,1,2,142000.000,'2018-07-09 20:27:54','2018-07-09 20:27:54',2017),(142,3,3,2,62600.000,'2018-07-09 20:28:07','2018-07-09 20:28:07',2017),(143,3,6,2,40000.000,'2018-07-09 20:28:20','2018-07-09 20:28:20',2017),(144,3,2,2,130000.000,'2018-07-09 20:28:33','2018-07-09 20:28:33',2017),(145,14,5,1,112000.000,'2018-07-09 20:55:46','2018-07-09 20:55:46',2016),(146,14,1,1,40000.000,'2018-07-09 20:56:33','2018-07-09 20:56:33',2016),(147,14,2,2,30000.000,'2018-07-09 20:56:47','2018-07-09 20:56:47',2016),(148,1,5,1,289000.000,'2018-07-09 20:57:19','2018-07-09 20:57:19',2016),(149,1,1,1,185000.000,'2018-07-09 20:57:30','2018-07-09 20:57:30',2016),(150,1,3,1,45000.000,'2018-07-09 20:57:46','2018-07-09 20:57:46',2016),(151,1,1,2,15000.000,'2018-07-09 20:57:56','2018-07-09 20:57:56',2016),(152,1,2,2,180000.000,'2018-07-09 20:58:10','2018-07-09 20:58:10',2016),(153,6,5,1,132200.000,'2018-07-09 20:58:37','2018-07-09 20:58:37',2016),(154,6,1,1,70000.000,'2018-07-09 20:58:43','2018-07-09 20:58:43',2016),(155,6,1,2,10000.000,'2018-07-09 20:58:58','2018-07-09 20:58:58',2016),(156,15,5,1,29900.000,'2018-07-09 20:59:26','2018-07-09 20:59:26',2016),(157,15,1,1,5000.000,'2018-07-09 20:59:44','2018-07-09 20:59:44',2016),(158,2,5,1,169700.000,'2018-07-09 21:01:45','2018-07-09 21:01:45',2016),(159,2,1,1,35000.000,'2018-07-09 21:01:55','2018-07-09 21:01:55',2016),(160,5,5,1,385700.000,'2018-07-09 21:02:19','2018-07-09 21:02:19',2016),(161,5,1,1,304219.000,'2018-07-09 21:02:29','2018-07-09 21:02:29',2016),(162,5,3,1,178000.000,'2018-07-09 21:02:43','2018-07-09 21:02:43',2016),(163,5,1,2,13191.000,'2018-07-09 21:02:57','2018-07-09 21:02:57',2016),(164,5,6,2,5000.000,'2018-07-09 21:03:15','2018-07-09 21:03:15',2016),(165,5,2,2,1087127.000,'2018-07-09 21:03:46','2018-07-09 21:03:46',2016),(166,5,2,1,1573000.000,'2018-07-09 21:04:09','2018-07-09 21:04:09',2016),(167,13,5,1,27000.000,'2018-07-09 21:04:39','2018-07-09 21:04:39',2016),(168,13,1,1,16000.000,'2018-07-09 21:04:47','2018-07-09 21:04:47',2016),(169,13,6,2,20000.000,'2018-07-09 21:05:07','2018-07-09 21:05:07',2016),(170,7,5,1,80000.000,'2018-07-09 21:05:33','2018-07-09 21:05:33',2016),(171,7,1,1,23000.000,'2018-07-09 21:05:41','2018-07-09 21:05:41',2016),(172,7,3,1,2000.000,'2018-07-09 21:06:04','2018-07-09 21:06:04',2016),(173,7,6,2,112982.000,'2018-07-09 21:06:20','2018-07-09 21:06:20',2016),(174,7,2,2,182000.000,'2018-07-09 21:06:32','2018-07-09 21:06:32',2016),(175,12,5,1,65900.000,'2018-07-09 21:06:58','2018-07-09 21:06:58',2016),(176,12,1,1,20000.000,'2018-07-09 21:07:07','2018-07-09 21:07:07',2016),(177,12,6,2,90000.000,'2018-07-09 21:07:41','2018-07-09 21:07:41',2016),(178,12,2,2,90000.000,'2018-07-09 21:07:50','2018-07-09 21:07:50',2016),(179,10,5,1,102250.000,'2018-07-09 21:08:29','2018-07-09 21:08:29',2016),(180,10,1,1,18000.000,'2018-07-09 21:08:38','2018-07-09 21:08:38',2016),(181,10,3,1,13000.000,'2018-07-09 21:08:52','2018-07-09 21:08:52',2016),(182,10,2,2,350000.000,'2018-07-09 21:09:07','2018-07-09 21:09:07',2016),(183,9,5,1,98300.000,'2018-07-09 21:09:33','2018-07-09 21:09:33',2016),(184,9,1,1,18000.000,'2018-07-09 21:09:41','2018-07-09 21:09:41',2016),(185,9,3,1,7000.000,'2018-07-09 21:09:56','2018-07-09 21:09:56',2016),(186,9,2,2,90000.000,'2018-07-09 21:10:10','2018-07-09 21:10:10',2016),(187,4,5,1,2472500.000,'2018-07-09 21:10:47','2018-07-09 21:10:47',2016),(188,4,1,1,116000.000,'2018-07-09 21:10:58','2018-07-09 21:10:58',2016),(189,4,3,1,40000.000,'2018-07-09 21:11:11','2018-07-09 21:11:11',2016),(190,4,5,2,10000.000,'2018-07-09 21:11:26','2018-07-09 21:11:26',2016),(191,4,1,2,20000.000,'2018-07-09 21:11:33','2018-07-09 21:11:33',2016),(192,4,3,2,6000.000,'2018-07-09 21:11:43','2018-07-09 21:11:43',2016),(193,4,6,2,40000.000,'2018-07-09 21:12:00','2018-07-09 21:12:00',2016),(194,4,2,2,50000.000,'2018-07-09 21:12:08','2018-07-09 21:12:08',2016),(195,11,5,1,176000.000,'2018-07-09 21:12:52','2018-07-09 21:12:52',2016),(196,11,1,1,100000.000,'2018-07-09 21:13:01','2018-07-09 21:13:01',2016),(197,11,3,1,50899.000,'2018-07-09 21:13:13','2018-07-09 21:13:13',2016),(198,11,6,2,100000.000,'2018-07-09 21:13:25','2018-07-09 21:13:25',2016),(199,11,2,2,125000.000,'2018-07-09 21:13:45','2018-07-09 21:13:45',2016),(200,3,5,1,8641357.000,'2018-07-09 21:15:26','2018-07-09 21:15:26',2016),(201,3,1,1,518000.000,'2018-07-09 21:15:35','2018-07-09 21:15:35',2016),(202,3,3,1,192000.000,'2018-07-09 21:15:46','2018-07-09 21:15:46',2016),(203,3,2,1,250000.000,'2018-07-09 21:16:01','2018-07-09 21:16:01',2016),(204,3,1,2,130000.000,'2018-07-09 14:17:47','2018-07-09 21:17:47',2016),(205,3,3,2,18000.000,'2018-07-09 14:17:59','2018-07-09 21:17:59',2016),(206,3,6,2,40000.000,'2018-07-09 21:16:39','2018-07-09 21:16:39',2016),(207,3,2,2,6000.000,'2018-07-09 21:16:53','2018-07-09 21:16:53',2016),(208,1,1,1,325000.000,'2019-12-12 08:57:22','2019-12-12 08:57:22',2019),(209,1,3,1,50000.000,'2019-12-12 08:57:54','2019-12-12 08:57:54',2019),(210,1,1,2,25000.000,'2019-12-12 08:59:08','2019-12-12 08:59:08',2019),(211,1,5,1,322000.000,'2019-12-13 08:20:37','2019-12-13 08:20:37',2019),(212,1,2,1,40000.000,'2019-12-13 08:23:07','2019-12-13 08:23:07',2019),(213,1,2,2,130000.000,'2019-12-13 08:23:40','2019-12-13 08:23:40',2019),(214,2,5,1,180000.000,'2019-12-13 11:37:25','2019-12-13 11:37:25',2019),(215,2,1,1,40000.000,'2019-12-13 11:37:59','2019-12-13 11:37:59',2019),(216,2,2,1,100000.000,'2019-12-13 11:39:16','2019-12-13 11:39:16',2019);
/*!40000 ALTER TABLE `xxl_budget` ENABLE KEYS */;
UNLOCK TABLES;

--
-- Table structure for table `xxl_departments`
--

DROP TABLE IF EXISTS `xxl_departments`;
/*!40101 SET @saved_cs_client     = @@character_set_client */;
/*!40101 SET character_set_client = utf8 */;
CREATE TABLE `xxl_departments` (
  `id` int(10) unsigned NOT NULL AUTO_INCREMENT,
  `department` varchar(255) COLLATE utf8_unicode_ci NOT NULL,
  PRIMARY KEY (`id`)
) ENGINE=InnoDB AUTO_INCREMENT=16 DEFAULT CHARSET=utf8 COLLATE=utf8_unicode_ci;
/*!40101 SET character_set_client = @saved_cs_client */;

--
-- Dumping data for table `xxl_departments`
--

LOCK TABLES `xxl_departments` WRITE;
/*!40000 ALTER TABLE `xxl_departments` DISABLE KEYS */;
INSERT INTO `xxl_departments` VALUES (1,'Punë të Përgjithshme Administrative'),(2,'Buxhet dhe Financa'),(3,'Arsim'),(4,'Shëndetësi dhe Mirëqenie Sociale'),(5,'Shërbime Publike'),(6,'Punë Inspektuese'),(7,'Bujqësi, Pylltari dhe Zhvillim Rural'),(8,'Mbrojtje dhe Shpëtim'),(9,'Urbanizëm dhe Mbrojtje të Mjedisit'),(10,'Gjeodezi, Kadastër dhe Pronë'),(11,'Kulturë, Rini dhe Sport'),(12,'Zhvillim Ekonomik'),(13,'Zyra për Komunitete'),(14,'Kabineti i Kryetarit'),(15,'Zyra e Prokurimit');
/*!40000 ALTER TABLE `xxl_departments` ENABLE KEYS */;
UNLOCK TABLES;

--
-- Table structure for table `xxl_expenditures`
--

DROP TABLE IF EXISTS `xxl_expenditures`;
/*!40101 SET @saved_cs_client     = @@character_set_client */;
/*!40101 SET character_set_client = utf8 */;
CREATE TABLE `xxl_expenditures` (
  `id` int(10) unsigned NOT NULL AUTO_INCREMENT,
  `description` varchar(255) COLLATE utf8_unicode_ci NOT NULL,
  `invoice_number` varchar(255) COLLATE utf8_unicode_ci NOT NULL,
  `spendingtype_id` int(10) unsigned DEFAULT NULL,
  `spending_category_id` int(10) unsigned DEFAULT NULL,
  `value` decimal(11,2) NOT NULL,
  `supplier_id` int(10) unsigned DEFAULT NULL,
  `department_id` int(10) unsigned DEFAULT NULL,
  `user_id` int(10) unsigned DEFAULT NULL,
  `payment_source_id` int(10) unsigned DEFAULT NULL,
  `payment_date` date NOT NULL,
  `expenditure_date` date NOT NULL,
  `paid` tinyint(1) NOT NULL,
  `paid_value` decimal(11,2) NOT NULL,
  `hidde` tinyint(1) NOT NULL,
  `dept_paid_date` date NOT NULL,
  `created_at` timestamp NOT NULL DEFAULT '0000-00-00 00:00:00',
  `updated_at` timestamp NOT NULL DEFAULT '0000-00-00 00:00:00',
  `sub_budget_id` int(11) NOT NULL,
  PRIMARY KEY (`id`),
  KEY `expenditures_payment_source_id_foreign` (`payment_source_id`),
  KEY `expenditures_department_id_foreign` (`department_id`),
  KEY `expenditures_spendingtype_id_foreign` (`spendingtype_id`),
  KEY `expenditures_supplier_id_foreign` (`supplier_id`),
  KEY `expenditures_user_id_foreign` (`user_id`),
  KEY `expenditures_spending_category_id_foreign` (`spending_category_id`),
  CONSTRAINT `expenditures_department_id_foreign` FOREIGN KEY (`department_id`) REFERENCES `xxl_departments` (`id`) ON DELETE SET NULL,
  CONSTRAINT `expenditures_payment_source_id_foreign` FOREIGN KEY (`payment_source_id`) REFERENCES `xxl_payment_sources` (`id`) ON DELETE SET NULL,
  CONSTRAINT `expenditures_spending_category_id_foreign` FOREIGN KEY (`spending_category_id`) REFERENCES `xxl_spending_categories` (`id`) ON DELETE SET NULL,
  CONSTRAINT `expenditures_spendingtype_id_foreign` FOREIGN KEY (`spendingtype_id`) REFERENCES `xxl_spendingtypes` (`id`) ON DELETE SET NULL,
  CONSTRAINT `expenditures_supplier_id_foreign` FOREIGN KEY (`supplier_id`) REFERENCES `xxl_suppliers` (`id`) ON DELETE SET NULL,
  CONSTRAINT `expenditures_user_id_foreign` FOREIGN KEY (`user_id`) REFERENCES `xxl_users` (`id`) ON DELETE SET NULL
) ENGINE=InnoDB AUTO_INCREMENT=1738 DEFAULT CHARSET=utf8 COLLATE=utf8_unicode_ci;
/*!40101 SET character_set_client = @saved_cs_client */;

--
-- Dumping data for table `xxl_expenditures`
--

LOCK TABLES `xxl_expenditures` WRITE;
/*!40000 ALTER TABLE `xxl_expenditures` DISABLE KEYS */;
INSERT INTO `xxl_expenditures` VALUES (1,'Pajisje Tjera','00900',1,1,79.00,1,2,NULL,1,'0000-00-00','2016-01-27',1,79.00,0,'2016-03-14','2016-03-14 11:16:31','2016-03-14 11:16:31',0),(2,'Tonera','00921',1,1,60.00,1,2,NULL,1,'0000-00-00','2016-02-04',1,60.00,0,'2016-03-15','2016-03-14 11:25:54','2016-03-14 11:25:54',0),(4,'Derivate për ngrohje Janar 2016 - 2000 L','40/16 1100',1,3,1656.00,3,1,2,1,'2016-04-13','2016-01-13',1,1656.00,0,'0000-00-00','2016-03-14 12:51:03','2016-05-23 11:45:18',0),(5,'Derivate për ngrohje Janar 5000 L\r\n','104/16 1100',1,3,4140.00,3,1,2,1,'0000-00-00','2016-01-22',1,4140.00,0,'0000-00-00','2016-03-14 12:55:25','2016-03-14 12:55:25',0),(6,'Derivate për ngrohje Shkurt -  2000 L\r\n','286/16 1100',1,3,1656.00,3,1,2,1,'0000-00-00','2016-02-08',1,1656.00,0,'0000-00-00','2016-03-14 12:58:29','2016-03-14 12:58:29',0),(7,'Derivate për automjete Janar 2016\r\n','207/16 1100',1,4,76.06,3,1,2,1,'0000-00-00','2016-01-31',1,76.06,0,'0000-00-00','2016-03-14 13:01:13','2016-03-14 13:01:13',0),(8,'Derivate për ngrohje Janar 2016 - 2000 L\r\n','12/16 1100',1,3,1656.00,3,1,2,1,'0000-00-00','2016-01-06',1,1656.00,0,'0000-00-00','2016-03-14 13:05:09','2016-03-14 13:05:09',0),(9,'Derivate për automjete Shkurt 2016\r\n','524/16 1100',1,4,146.46,3,1,2,1,'0000-00-00','2016-02-29',1,146.46,0,'0000-00-00','2016-03-14 13:06:44','2016-03-14 13:06:44',0),(10,'Mbeshtjelles te lendeve\r\n','46/2016',1,1,99.12,4,1,2,1,'0000-00-00','2016-02-28',1,99.12,0,'0000-00-00','2016-03-14 13:15:00','2016-03-14 13:15:00',0),(11,'Mater.zyrtar(fasikll.me lidhese,liber legalizimi etj)\r\n','Ofertë',1,1,880.00,1,1,2,1,'0000-00-00','2015-12-21',1,880.00,0,'0000-00-00','2016-03-14 13:16:08','2016-04-21 07:06:26',0),(14,'Rryma per zyren komunale te gjendjes civile/dhjetor 2015','5647346',3,5,41.85,5,1,2,1,'0000-00-00','2015-12-30',1,41.85,0,'0000-00-00','2016-03-16 08:44:24','2016-07-21 06:12:53',0),(15,'Rryma per zyren komunale gjendjes civile-orize janar 2016','5697635',3,5,35.37,5,1,2,1,'0000-00-00','2016-01-28',1,35.37,0,'0000-00-00','2016-03-16 08:45:46','2016-07-21 06:14:15',0),(16,'Telefoni fiks për muajin Dhjetor 2015 për të gjitha zyret e Komunës së Gjakovës.','Grup Fakturash',3,6,564.71,6,1,2,1,'0000-00-00','2016-01-04',1,564.71,0,'0000-00-00','2016-03-16 08:52:34','2016-03-16 08:52:34',0),(17,'Fatura e ujit për muajin shkurt 2016.','Grup Fakturash',3,7,514.43,7,1,2,1,'0000-00-00','2016-03-01',1,514.43,0,'0000-00-00','2016-03-16 08:59:16','2016-03-16 08:59:16',0),(18,'Toner Ricoh 3400/3410','988',1,1,95.00,1,1,2,1,'0000-00-00','2016-02-26',1,95.00,0,'0000-00-00','2016-03-16 09:14:48','2016-03-16 09:22:47',0),(19,'Material zyrtar te Ofiqarina','16-SHV01-001-163',1,1,78.00,1,1,2,1,'0000-00-00','2016-02-20',1,78.00,0,'0000-00-00','2016-03-16 09:18:00','2016-03-16 09:18:00',0),(20,'Toner Ricoh 3400/3410','977',1,1,95.00,1,1,2,1,'0000-00-00','2016-02-23',1,95.00,0,'0000-00-00','2016-03-16 09:22:32','2016-03-16 09:22:32',0),(21,'Fatura për muajin Janar 2016 për telefona mobil.','140415048875/1647',1,8,1600.47,8,1,2,1,'0000-00-00','2016-02-03',1,1600.47,0,'0000-00-00','2016-03-16 09:27:10','2016-03-16 09:27:10',0),(22,'Dreka zyrtare për festat e fundvitit.','15-SHV01-001-199',1,9,2272.00,9,1,2,1,'0000-00-00','2015-12-18',1,2272.00,0,'0000-00-00','2016-03-16 09:32:23','2016-03-16 09:32:23',0),(23,'Shpenzime postare për muajin Janar 2016.','1/2016',1,10,285.60,6,1,2,1,'0000-00-00','2016-02-12',1,285.60,0,'0000-00-00','2016-03-16 09:33:53','2016-03-16 09:33:53',0),(24,'certifikata per zyren e gjendjes civile','16/03-2',1,11,2000.00,10,1,2,1,'0000-00-00','2015-11-16',1,2000.00,0,'0000-00-00','2016-03-16 11:32:20','2016-03-16 11:32:43',0),(25,'zotim per tender-Sherbime te TV','',1,NULL,0.00,NULL,1,2,1,'0000-00-00','2016-03-13',4,400.00,0,'0000-00-00','2016-03-16 11:41:31','2016-05-11 20:59:07',0),(26,'Material Zyrtar','0941/2015',1,1,7.04,11,1,2,1,'0000-00-00','2015-11-26',1,7.04,0,'0000-00-00','2016-03-17 07:41:34','2016-03-17 07:41:34',0),(27,'Material Zyrtar','0969/2015',1,1,114.39,11,1,2,1,'0000-00-00','2015-12-07',1,114.39,0,'0000-00-00','2016-03-17 07:42:38','2016-03-17 07:42:38',0),(28,'Material Zyrtar','1009/2015',1,1,112.06,11,1,2,1,'0000-00-00','2015-12-18',1,112.06,0,'0000-00-00','2016-03-17 07:43:23','2016-03-17 07:43:23',0),(29,'Material Zyrtar','1000/2015',1,1,368.83,11,1,2,1,'0000-00-00','2015-12-16',1,368.83,0,'0000-00-00','2016-03-17 07:44:19','2016-03-17 07:44:19',0),(30,'Fatura e ujit për muajin Nëntor 2015','Grup Fakturash',3,7,568.83,7,1,2,1,'0000-00-00','2015-12-01',1,568.83,0,'0000-00-00','2016-03-17 07:47:15','2016-03-17 07:47:15',0),(31,'Fatura e ujit për muajin Dhjetor 2015','Grup Fakturash',3,7,568.83,7,1,2,1,'0000-00-00','2016-01-01',1,568.83,0,'0000-00-00','2016-03-17 07:48:15','2016-03-17 07:48:38',0),(32,'Fatura e rrymës për muajin Dhjetor 2015','Grup Fakturash',3,5,5716.88,5,1,2,1,'0000-00-00','2015-11-30',1,5716.88,0,'0000-00-00','2016-03-17 07:50:30','2016-03-17 07:50:30',0),(33,'Mbeshtjellesa të lendeve','313/2015',1,1,99.12,4,1,2,1,'0000-00-00','2015-12-08',1,99.12,0,'0000-00-00','2016-03-17 07:53:52','2016-03-17 07:53:52',0),(34,'Tonera','794',1,1,759.00,1,1,2,1,'0000-00-00','2015-12-18',1,759.00,0,'0000-00-00','2016-03-17 07:55:47','2016-03-17 07:55:47',0),(35,'Tonera','796',1,1,180.00,1,1,2,1,'0000-00-00','2015-12-18',1,180.00,0,'0000-00-00','2016-03-17 07:56:38','2016-03-17 07:56:38',0),(36,'Material Zyrtar','53758',1,1,58.00,1,1,2,1,'0000-00-00','2015-10-16',1,58.00,0,'0000-00-00','2016-03-17 07:57:26','2016-03-17 07:57:26',0),(37,'Derivate për ngrohje - 2000 L','3187/15',1,3,1656.00,3,1,2,1,'0000-00-00','2015-11-24',1,1656.00,0,'0000-00-00','2016-03-17 07:59:33','2016-03-17 07:59:33',0),(38,'Derivate për gjenerator','3341/2015 1100',1,12,26.91,3,1,2,1,'0000-00-00','2015-11-30',1,26.91,0,'0000-00-00','2016-03-17 08:01:14','2016-03-17 08:09:59',0),(39,'Derivate për automjete - Nëntor 2015','3355/2015 1100',1,4,201.83,3,1,2,1,'0000-00-00','2015-11-30',1,201.83,0,'0000-00-00','2016-03-17 08:02:24','2016-03-17 08:02:24',0),(40,'Derivate për ngrohje Dhjetor 2015 - 2000 L','3455/15 1100',1,3,1656.00,3,1,2,1,'0000-00-00','2015-12-10',1,1656.00,0,'0000-00-00','2016-03-17 08:03:51','2016-03-17 08:03:51',0),(41,'Derivate për ngrohje Dhjetor 2015 - 2500 L','3682/15  1100',1,3,2070.00,3,1,2,1,'0000-00-00','2015-12-22',1,2070.00,0,'0000-00-00','2016-03-17 08:04:51','2016-03-17 08:04:51',0),(42,'Derivate për automjete - Dhjetor 2015','3755/15 1100',1,4,223.60,3,1,2,1,'0000-00-00','2015-12-31',1,223.60,0,'0000-00-00','2016-03-17 08:06:02','2016-03-17 08:06:02',0),(43,'Shpenzime postare për muajin Janar 2012','1/2012 K.K.GJ.',1,10,127.80,6,1,2,1,'0000-00-00','2015-06-16',1,127.80,0,'0000-00-00','2016-03-17 08:12:03','2016-03-17 08:12:03',0),(44,'Shpenzime postare për muajin Mars 2012','3/2012 K.K.GJ.',1,10,3197.65,6,1,2,1,'0000-00-00','2015-06-16',1,3197.65,0,'0000-00-00','2016-03-17 08:13:17','2016-03-17 08:13:17',0),(45,'Shpenzime postare për muajin Shkurt 2013','2/2013 K.K.GJ.',1,10,2308.65,6,1,2,1,'0000-00-00','2015-06-16',1,2308.65,0,'0000-00-00','2016-03-17 08:14:45','2016-03-17 08:14:45',0),(46,'Shpenzime postare për muajin Mars 2013','3/2013 K.K.GJ.',1,10,2720.10,6,1,2,1,'0000-00-00','2015-04-05',1,2720.10,0,'0000-00-00','2016-03-17 08:15:55','2016-03-17 08:15:55',0),(47,'Shpenzime postare për muajin Nëntor 2015','11/2015',1,10,350.00,6,1,2,1,'0000-00-00','2015-12-11',1,350.00,0,'0000-00-00','2016-03-17 08:17:16','2016-03-17 08:23:47',0),(48,'Shpenzime postare për muajin Dhjetor 2015','12/2015',1,10,1007.70,6,1,2,1,'0000-00-00','2016-01-12',1,1007.70,0,'0000-00-00','2016-03-17 08:24:43','2016-03-17 08:24:43',0),(49,'Fatura e telefonit fiks për muajin Gusht 2015','Grup Fakturash',3,6,462.25,6,1,2,1,'0000-00-00','2015-09-21',1,462.25,0,'0000-00-00','2016-03-17 08:26:12','2016-03-17 08:26:12',0),(50,'Fatura e telefonit fiks për muajin Shtator 2015','Grup Fakturash',3,6,553.58,6,1,2,1,'0000-00-00','2015-10-06',1,553.58,0,'0000-00-00','2016-03-17 08:27:04','2016-03-17 08:27:04',0),(51,'Fatura e telefonit fiks për muajin Tetor 2015','Grup Fakturash',3,6,570.29,6,1,2,1,'0000-00-00','2015-11-21',1,570.29,0,'0000-00-00','2016-03-17 08:28:07','2016-03-17 08:28:07',0),(52,'Fatura për telefonat mobil Nëntor 2014','140415048875/286',1,8,1740.90,8,1,2,1,'0000-00-00','2014-12-12',1,1740.90,0,'0000-00-00','2016-03-17 08:32:02','2016-03-17 08:32:02',0),(53,'Fatura për telefonat mobil Dhjetor 2014','140415048875/289',1,8,2060.80,8,1,2,1,'0000-00-00','2015-01-05',1,2060.80,0,'0000-00-00','2016-03-17 08:33:28','2016-03-17 08:55:36',0),(54,'Fatura për telefonat mobil Tetor 2015','Grup Fakturash',1,8,1859.69,8,1,2,1,'0000-00-00','2015-11-05',1,1859.69,0,'0000-00-00','2016-03-17 08:34:42','2016-03-17 08:34:42',0),(55,'Fatura për telefonat mobil Nëntor 2015','Grup Fakturash',1,8,2199.32,8,1,2,1,'0000-00-00','2015-12-04',1,2199.32,0,'0000-00-00','2016-03-17 08:35:45','2016-03-17 08:35:45',0),(56,'Fatura e mbeturinave për muajin Dhjetor 2015','102/12/15',3,13,326.88,12,1,2,1,'0000-00-00','2015-12-31',1,326.88,0,'0000-00-00','2016-03-17 08:40:12','2016-03-17 08:40:12',0),(57,'Fatura për shpenzimet postare - Shkurt 2016','2/2016',1,10,287.50,6,1,2,1,'0000-00-00','2016-03-11',1,287.50,0,'0000-00-00','2016-03-17 08:50:11','2016-03-17 08:50:11',0),(58,'Gazeta zyrtare nr. 30-33/2015','590/2015',1,15,80.00,14,1,2,1,'0000-00-00','2015-11-25',1,80.00,0,'0000-00-00','2016-03-18 07:43:43','2016-03-18 07:43:43',0),(59,'Material Zyrtar/Kabineti Kryetares','0972/2015',1,1,77.01,11,1,2,1,'0000-00-00','2015-12-07',1,77.01,0,'0000-00-00','2016-03-21 11:35:53','2016-03-21 11:35:53',0),(60,'Sigurimi  I automjetit VW GOLF 2.0 TDI 1K\r\n','133463-1-03',1,31,390.78,15,1,2,1,'0000-00-00','2016-01-20',1,390.78,0,'0000-00-00','2016-03-21 12:10:09','2016-05-11 23:46:28',0),(61,'certifikata per zyren e gjendjes civile','16/11-3',1,11,549.31,10,1,2,1,'0000-00-00','2015-11-16',1,549.31,0,'0000-00-00','2016-03-21 12:15:20','2016-03-21 12:15:20',0),(62,'Gazeta zyrtare nr. 34-40/2015\r\n','080-2016',1,15,140.00,14,1,2,1,'0000-00-00','2016-01-29',1,140.00,0,'0000-00-00','2016-03-21 12:17:38','2016-03-21 12:17:38',0),(63,'Uji/janar 2016\r\n','Grup Fakturash',3,7,393.72,7,1,2,1,'0000-00-00','2016-02-15',1,393.72,0,'0000-00-00','2016-03-21 12:30:28','2016-03-21 12:30:28',0),(64,'Rryma per zyren multifunksionale\r\n','5681777-5631588',3,5,172.76,5,1,2,1,'2016-02-04','2016-01-25',1,172.76,0,'0000-00-00','2016-03-21 12:37:30','2016-07-20 11:54:20',0),(65,'Rryma per janar/2016\r\n','Grup Fakturash',3,5,3580.68,5,1,2,1,'0000-00-00','2016-01-26',1,3580.68,0,'0000-00-00','2016-03-21 12:40:30','2016-03-21 12:40:30',0),(66,'Rryma per shkurt 2016\r\n','Grup Fakturash',3,5,2894.25,5,1,2,1,'2016-02-28','2016-02-28',1,2894.25,0,'0000-00-00','2016-03-21 13:12:32','2016-04-20 05:44:07',0),(67,'Pagesa e ujit për muajin Mars 2016','Grup Fakturash',3,7,545.79,7,1,2,1,'0000-00-00','2016-04-15',1,545.79,0,'0000-00-00','2016-04-20 06:01:39','2016-04-20 06:01:39',0),(68,'Fotokopje A4, A3, A2, etj.','83/2016',1,1,108.50,4,1,2,1,'0000-00-00','2016-03-22',1,108.50,0,'0000-00-00','2016-04-20 06:05:19','2016-06-28 06:48:32',0),(69,'Tapeta me montim dhe liber parkingu','85/2016',1,1,54.56,4,1,2,1,'0000-00-00','2016-03-23',1,54.56,0,'0000-00-00','2016-04-20 06:06:45','2016-06-28 06:49:06',0),(70,'Fotokopje bardh dhe zi','74/2016',1,1,382.00,4,1,2,1,'0000-00-00','2016-03-18',1,382.00,0,'0000-00-00','2016-04-20 06:07:55','2016-06-28 06:49:29',0),(71,'Material i shtypur dhe projekti për regjistrimin e fëmijëve','95/2016',1,1,950.00,4,1,2,1,'0000-00-00','2016-04-04',1,950.00,0,'0000-00-00','2016-04-20 06:10:08','2016-06-28 06:49:45',0),(72,'Lule për kabinetin e kryetares','Pa numër',1,29,960.00,17,1,2,1,'0000-00-00','2016-01-12',1,960.00,0,'0000-00-00','2016-04-20 06:15:22','2016-05-30 07:51:19',0),(73,'Derivate për ngrohje Mars 2016','888/16',1,3,1242.00,3,1,2,1,'0000-00-00','2016-03-24',1,1242.00,0,'0000-00-00','2016-04-20 06:17:20','2016-04-20 06:17:20',0),(74,'Derivate për ngrohje Mars 2016','519/16 1100',1,3,1656.00,3,1,2,1,'0000-00-00','2016-03-01',1,1656.00,0,'0000-00-00','2016-04-20 06:18:46','2016-04-20 06:18:46',0),(75,'Derivate për automjete Mars 2016','926/16',1,4,213.32,3,1,2,1,'0000-00-00','2016-03-31',1,213.32,0,'0000-00-00','2016-04-20 06:19:52','2016-04-20 06:19:52',0),(76,'Material Zyrtar','00195',1,1,80.00,1,1,2,1,'0000-00-00','2016-04-04',1,80.00,0,'0000-00-00','2016-04-20 06:21:13','2016-04-20 06:21:13',0),(77,'Material Zyrtar','00196',1,1,80.00,1,1,2,1,'0000-00-00','2016-04-05',1,80.00,0,'0000-00-00','2016-04-20 06:22:00','2016-04-20 06:22:00',0),(78,'Material Zyrtar (zarfa, fasiklla, etj.)','00935',1,1,95.00,1,1,2,1,'0000-00-00','2016-02-09',1,95.00,0,'0000-00-00','2016-04-20 06:23:56','2016-04-20 06:23:56',0),(79,'Flamura dhe shtiza për kabinetin e kryetares','00060',1,1,686.00,1,1,2,1,'0000-00-00','2015-04-08',1,686.00,0,'0000-00-00','2016-04-20 06:26:14','2016-04-20 06:26:14',0),(80,'Flamura kombëtar dhe shtetëror','00166',1,1,100.00,1,1,2,1,'0000-00-00','2016-03-30',1,100.00,0,'0000-00-00','2016-04-20 06:27:15','2016-04-20 06:27:15',0),(81,'Material Zyrtar','00167',1,1,99.80,1,1,2,1,'0000-00-00','2016-03-30',1,99.80,0,'0000-00-00','2016-04-20 06:28:12','2016-04-20 06:28:12',0),(82,'Pulla postare','1',1,10,477.00,6,1,2,1,'0000-00-00','2016-01-05',1,477.00,0,'0000-00-00','2016-04-20 06:30:32','2016-05-11 23:56:16',0),(83,'Telefoni fiks për muajin Nëntor 2015','Grup Fakturash',3,6,514.81,6,1,2,1,'0000-00-00','2015-12-03',1,514.81,0,'0000-00-00','2016-04-20 06:33:43','2016-04-20 06:33:43',0),(84,'Mirëmbajtja e objektit nga pastrueset - Janar 2016','Pa numër',1,20,945.00,18,1,2,1,'0000-00-00','2016-02-01',1,945.00,0,'0000-00-00','2016-04-20 06:38:23','2016-04-20 06:38:23',0),(85,'Mirëmbajtja e objektit nga pastrueset - Shkurt 2016','Pa numër',1,20,945.00,18,1,2,1,'0000-00-00','2016-03-01',1,945.00,0,'0000-00-00','2016-04-20 06:39:11','2016-04-20 06:39:11',0),(86,'Mirëmbajtja e objektit nga pastrueset - Shkurt 2016','Pa numër',1,20,2.42,18,1,2,1,'2016-02-25','2016-03-01',1,2.42,0,'0000-00-00','2016-04-20 06:40:03','2016-07-20 05:42:31',0),(87,'Mirëmbajtja e objektit nga pastrueset - Mars 2016','21/16',1,20,945.00,18,1,2,1,'0000-00-00','2016-04-01',1,945.00,0,'0000-00-00','2016-04-20 06:40:59','2016-04-20 06:40:59',0),(88,'Mirëmbajtja e objektit nga pastrueset - Mars 2016','21/16',1,20,2.42,18,1,2,1,'2016-02-25','2016-04-01',1,2.42,0,'0000-00-00','2016-04-20 06:41:34','2016-07-20 05:38:25',0),(89,'Telefoni Mobil për muajin Shkurt 2016','140415048875/1653',1,8,1546.08,8,1,2,1,'0000-00-00','2016-03-02',1,1546.08,0,'0000-00-00','2016-04-20 06:43:45','2016-04-20 06:43:45',0),(91,'Material Zyrtar','00122',1,1,99.30,1,1,2,1,'0000-00-00','2016-04-13',1,99.30,0,'0000-00-00','2016-04-20 06:52:53','2016-04-20 06:52:53',0),(92,'Servisimi i printerit - Zyra e gjendjes civile në spital','13',1,21,70.00,16,1,2,1,'0000-00-00','2016-02-03',1,70.00,0,'0000-00-00','2016-04-20 07:02:04','2016-04-20 07:02:04',0),(93,'Servis Ups dhe bateri Ups','14',1,21,50.00,16,1,2,1,'0000-00-00','2016-02-03',1,50.00,0,'0000-00-00','2016-04-20 07:03:14','2016-04-20 07:03:14',0),(94,'Servisimi i trafos së rrymës - Zyra e vendit në Molliq','17',1,21,20.00,16,1,2,1,'0000-00-00','2016-02-18',1,20.00,0,'0000-00-00','2016-04-20 07:04:29','2016-04-20 07:04:29',0),(95,'Urime për festen e vitit të ri','54',1,22,92.00,21,1,2,1,'0000-00-00','2016-01-06',1,92.00,0,'0000-00-00','2016-04-20 07:06:26','2016-04-20 07:06:26',0),(96,'Publikime në gazetë','45/12/2015',1,22,700.00,20,1,2,1,'0000-00-00','2015-12-26',1,700.00,0,'0000-00-00','2016-04-20 07:07:32','2016-04-20 07:07:32',0),(97,'Publikime në gazetë','46/02/2016',1,22,700.00,20,1,2,1,'0000-00-00','2016-01-26',1,700.00,0,'0000-00-00','2016-04-20 07:24:55','2016-04-20 07:24:55',0),(99,'Dhuratat për vitin e 2016 të shpërndara për punëtorët e komunës ','123115006-1',1,23,2940.00,22,1,2,1,'0000-00-00','2015-12-31',1,2940.00,0,'0000-00-00','2016-04-20 07:27:31','2016-04-20 07:27:31',0),(100,'Servisimi i fotokopjes IR-2018','020/201',1,21,130.00,23,1,2,1,'0000-00-00','2016-03-25',1,130.00,0,'0000-00-00','2016-04-20 07:29:02','2016-04-20 07:29:02',0),(101,'Certifikata','7/3/2004',1,11,2300.00,10,1,2,1,'0000-00-00','2016-03-07',1,2300.00,0,'0000-00-00','2016-04-20 07:31:58','2016-04-20 07:31:58',0),(102,'Shpenzimet e anëtarësimit nga Asociacioni i komunave','Pa numër',1,24,1500.00,24,1,2,1,'0000-00-00','2016-04-15',1,1500.00,0,'0000-00-00','2016-04-20 07:35:14','2016-05-05 06:10:56',0),(103,'Dreka zyrtare nga kabineti i kryetares','Pa numër',1,9,676.00,25,1,2,1,'0000-00-00','2015-10-20',1,676.00,0,'0000-00-00','2016-04-20 07:42:49','2016-04-20 07:42:49',0),(104,'Mirëmbajtja e automjetit Sandero II','87/5',1,25,224.60,26,1,2,1,'0000-00-00','2016-01-18',1,224.60,0,'0000-00-00','2016-04-20 07:43:57','2016-05-31 06:42:48',0),(105,'Shpenzimet e linkut te internetit 08-12/2015','Grup faturash',1,30,191.84,6,4,NULL,1,'2016-02-15','2015-12-31',1,191.84,0,'0000-00-00','2016-04-20 11:29:51','2016-04-20 11:29:51',2),(106,'Regjistrim dhe sigurim i automjetit','',1,31,322.40,34,4,NULL,1,'2016-05-30','2016-04-27',1,322.40,0,'0000-00-00','2016-04-20 11:32:05','2017-03-06 13:46:10',2),(107,'Shpenzime postare për muajin Mars 2016','3/1/2016',1,10,466.60,6,1,2,1,'0000-00-00','2016-04-12',1,466.60,0,'0000-00-00','2016-04-21 07:10:21','2016-04-21 07:10:21',0),(108,'Telefoni mobil për muajin Dhjetor 2015','140415048875/1635',1,8,1546.33,8,1,2,1,'0000-00-00','2016-01-04',1,1546.33,0,'0000-00-00','2016-04-21 07:14:30','2016-04-21 07:14:30',0),(109,'Sigurimi fizik për muajin Shkurt 2016','Pa numër',1,26,2184.00,27,1,2,1,'0000-00-00','2016-03-01',1,2184.00,0,'0000-00-00','2016-04-21 07:23:58','2016-04-21 07:23:58',0),(110,'Sigurimi fizik për muajin Mars 2016','231238',1,26,2340.80,27,1,2,1,'0000-00-00','2016-04-01',1,2340.80,0,'0000-00-00','2016-04-21 07:25:09','2016-04-21 07:25:09',0),(111,'Sigurimi fizik për muajin Janar 2016','Pa numër',1,26,2318.40,27,1,2,1,'0000-00-00','2016-01-27',1,2318.40,0,'0000-00-00','2016-04-21 07:32:05','2016-04-21 07:32:05',0),(112,'Sigurimi fizik për muajin Janar 2016','Pa numër',1,26,1131.20,27,1,2,1,'0000-00-00','2016-02-01',1,1131.20,0,'0000-00-00','2016-04-21 07:33:07','2016-04-21 07:33:07',0),(113,'Shpenzimet e udhëtimit','Pa numër',1,28,125.40,28,1,2,1,'0000-00-00','2016-02-04',1,125.40,0,'0000-00-00','2016-04-21 07:35:50','2016-04-21 07:35:50',0),(114,'Shpenzimet e udhëtimit','Pa numër',1,28,125.40,29,1,2,1,'0000-00-00','2016-02-04',1,125.40,0,'0000-00-00','2016-04-21 07:36:29','2016-04-21 07:36:29',0),(115,'Shpenzimet e udhëtimit','Pa numër',1,28,164.20,30,1,2,1,'0000-00-00','2016-03-10',1,164.20,0,'0000-00-00','2016-04-21 07:37:26','2016-04-21 07:37:26',0),(116,'Shpenzimet e udhëtimit','Pa numër',1,28,125.40,31,1,2,1,'0000-00-00','2016-04-20',1,125.40,0,'0000-00-00','2016-04-21 07:38:30','2016-04-21 07:38:30',0),(117,'Paga mujore për avokatin publik Gazmend Nushi - Janar 2016','Pa numër',1,27,500.00,32,1,2,1,'0000-00-00','2016-02-25',1,500.00,0,'0000-00-00','2016-04-21 07:43:59','2016-04-21 07:43:59',0),(118,'Paga mujore për avokatin publik Gazmend Nushi - Shkurt 2016','Pa numër',1,27,500.00,32,1,2,1,'0000-00-00','2016-02-25',1,500.00,0,'0000-00-00','2016-04-21 07:44:38','2016-04-21 07:44:38',0),(119,'Paga mujore për avokatin publik Gazmend Nushi - Mars 2016','Pa numër',1,27,500.00,32,1,2,1,'0000-00-00','2016-02-25',1,500.00,0,'0000-00-00','2016-04-21 07:45:06','2016-04-21 07:45:06',0),(120,'Paga mujore për shtëpiakun e zyrës së vendit Labinot Syla - Prill 2016','Pa numër',1,27,227.00,33,1,2,1,'0000-00-00','2016-04-20',1,227.00,0,'0000-00-00','2016-04-21 07:47:24','2016-04-21 07:47:24',0),(121,'Paga mujore për shtëpiakun e zyrës së vendit Labinot Syla - Maj 2016','Pa numër',1,27,227.00,33,1,2,1,'0000-00-00','2016-04-20',1,227.00,0,'0000-00-00','2016-04-21 07:47:53','2016-04-21 07:47:53',0),(122,'Paga mujore për shtëpiakun e zyrës së vendit Labinot Syla - Qershor 2016','Pa numër',1,27,227.00,33,1,2,1,'0000-00-00','2016-04-20',1,227.00,0,'0000-00-00','2016-04-21 07:48:20','2016-04-21 07:48:20',0),(123,'Dreka zyrtare','3958',1,9,595.00,25,4,NULL,1,'2016-02-16','2015-10-20',1,595.00,0,'0000-00-00','2016-04-25 11:51:15','2016-04-26 06:41:14',1),(124,'REXHISTRIMI DHE SIGURIMI I AUTOMJETIT','150851',1,31,304.58,34,4,NULL,1,'2016-02-09','2004-09-15',1,304.58,0,'0000-00-00','2016-04-26 04:32:22','2016-04-26 07:28:46',1),(125,'rexhistrimi i automj.','150870',1,31,54.78,34,4,NULL,1,'0000-00-00','2011-09-15',1,54.78,0,'0000-00-00','2016-04-26 06:28:27','2016-04-26 06:28:27',1),(126,'miremb.e automjetit','22/1',1,25,222.00,35,4,NULL,1,'2016-02-09','2012-02-15',1,222.00,0,'0000-00-00','2016-04-26 06:30:45','2016-04-26 06:36:52',1),(127,'dreka zyrtare\r\n','4064',1,9,171.00,25,4,NULL,1,'2016-02-22','2005-12-15',1,171.00,0,'0000-00-00','2016-04-26 06:32:32','2016-04-26 06:37:58',1),(128,'DREKA ZYRTARE','1/16',1,9,250.70,36,4,NULL,1,'2016-02-22','2016-01-22',1,250.70,0,'0000-00-00','2016-04-26 07:38:42','2016-04-26 07:39:59',1),(129,'DERIV.PER AUTOMJ.12/15','3759/15 1100',1,4,53.93,3,4,NULL,1,'2016-02-25','2016-12-31',1,53.93,0,'0000-00-00','2016-04-26 07:43:44','2016-04-26 07:43:44',1),(130,'DERIV.PER AUTOMJ.11/15','3359/15 1100',1,4,107.64,3,4,NULL,1,'2016-02-15','2015-11-30',1,107.64,0,'0000-00-00','2016-04-26 07:47:01','2016-04-26 07:47:35',1),(131,'MATERJAL ZYRTARE','00800',1,1,81.00,38,4,NULL,1,'2016-03-15','2015-12-18',1,81.00,0,'0000-00-00','2016-04-26 07:51:03','2016-04-26 07:52:36',1),(132,'DERIV.PER AUTOMJ.01,02/16','210/16  1100',1,4,68.93,3,4,NULL,1,'2016-03-18','2016-01-31',1,68.93,0,'0000-00-00','2016-04-26 07:54:59','2016-04-26 07:56:54',1),(133,'MATERJAL ZYRTARE','00240',1,1,99.90,1,4,NULL,1,'2016-04-12','2016-03-15',1,99.90,0,'0000-00-00','2016-04-26 08:00:42','2016-04-26 08:00:42',1),(134,'dreka zyrtare','3958',1,9,595.00,25,4,NULL,1,'2016-02-16','2015-10-20',1,595.00,0,'0000-00-00','2016-04-26 10:54:21','2016-04-26 10:54:21',1),(135,'rexh.dhe sig.automj.','150851',1,31,304.58,34,4,NULL,1,'2016-02-09','2015-09-04',1,304.58,0,'0000-00-00','2016-04-26 10:58:18','2016-04-26 10:58:18',1),(136,'rexh.automj.','150870',1,31,54.78,34,4,NULL,1,'2016-02-09','2015-09-11',1,54.78,0,'0000-00-00','2016-04-26 11:00:43','2016-04-26 11:00:43',1),(137,'miremb.automj.','22/1',1,25,222.00,35,4,NULL,1,'2016-02-09','2015-02-12',1,222.00,0,'0000-00-00','2016-04-26 11:05:53','2016-04-26 11:05:53',1),(138,'pagat neto 01/16','01/16',5,32,2295.63,39,4,NULL,1,'2016-01-31','2016-01-31',1,2295.63,0,'0000-00-00','2016-04-27 10:25:07','2016-04-27 10:25:07',1),(139,'sindikata 01/16','01/2016',5,33,6.06,39,4,NULL,1,'2016-01-31','2016-01-31',1,6.06,0,'0000-00-00','2016-04-27 10:29:28','2016-06-17 05:02:42',1),(140,'kontroibut i punedhensit','01/2016',5,34,128.30,39,4,NULL,1,'2016-01-31','2016-01-31',1,128.30,0,'0000-00-00','2016-04-27 10:33:26','2016-04-27 10:38:54',1),(141,'kontributi i punetorit 01/16','01/2016',5,35,128.30,39,4,NULL,1,'2016-01-31','2016-01-31',1,128.30,0,'0000-00-00','2016-04-27 10:37:24','2016-04-27 10:37:24',1),(142,'tatim ne TAP 01/16','01/2016',5,36,136.00,39,4,NULL,1,'2016-01-31','2016-01-31',1,136.00,0,'0000-00-00','2016-04-27 10:41:02','2016-04-27 10:41:45',1),(143,'pagat neto 02/16','02/2016',5,32,1858.09,39,4,NULL,1,'2016-02-29','2016-02-29',1,1858.09,0,'0000-00-00','2016-04-27 10:43:53','2016-06-17 05:07:14',1),(144,'sindikata 02/16','02/2016',5,33,6.06,39,4,NULL,1,'2016-02-29','2016-02-29',1,6.06,0,'0000-00-00','2016-04-27 10:46:01','2016-04-27 10:46:01',1),(145,'tatimi ne TAP 02/16','02/2016',5,36,112.05,39,4,NULL,1,'2016-02-29','2016-02-29',1,112.05,0,'0000-00-00','2016-04-27 10:47:39','2016-04-27 10:47:39',1),(146,'kontributi i punedh.02/16','02/2016',5,34,104.01,39,4,NULL,1,'2016-02-29','2016-02-29',1,104.01,0,'0000-00-00','2016-04-27 10:49:05','2016-06-17 05:09:28',1),(147,'kontr.punetorit 02/16','02/2016',5,35,104.01,39,4,NULL,1,'2016-02-29','2016-02-29',1,104.01,0,'0000-00-00','2016-04-27 10:56:26','2016-04-27 10:56:26',1),(148,'pagat neto 03/16','03/2016',5,32,1858.09,39,4,NULL,1,'2016-03-31','2016-03-31',1,1858.09,0,'0000-00-00','2016-04-27 11:04:51','2016-04-27 11:04:51',1),(149,'sindikata 03/16','03/2016',5,33,6.06,39,4,NULL,1,'2016-03-16','2016-03-31',1,6.06,0,'0000-00-00','2016-04-27 11:11:56','2016-04-27 11:11:56',1),(150,'tatimi TAP 03/2016','03/2016',5,36,112.05,39,4,NULL,1,'2016-03-31','2016-03-31',1,112.05,0,'0000-00-00','2016-04-27 11:14:04','2016-04-27 11:14:04',1),(151,'kontrib.punedh.03/16','03/2016',5,34,104.01,39,4,NULL,1,'2016-03-31','2016-03-31',1,104.01,0,'0000-00-00','2016-04-27 11:16:00','2016-04-27 11:16:00',1),(152,'kontr.punet.03/16','03/2016',5,35,104.01,39,4,NULL,1,'2016-03-31','2016-03-31',1,104.01,0,'0000-00-00','2016-04-27 11:18:54','2016-04-27 11:18:54',1),(153,'pagat neto 01/2016','01/2016',5,32,167797.28,39,4,NULL,1,'2016-01-31','2016-01-31',1,167797.28,0,'0000-00-00','2016-04-29 04:53:36','2016-04-29 04:53:36',2),(154,'sindikata  01/2016','01/2016',5,33,1559.55,39,4,NULL,1,'2016-01-31','2016-01-31',1,1559.55,0,'0000-00-00','2016-04-29 04:56:33','2016-04-29 04:56:33',2),(155,'tatim ne pagat 01/16','01/16',5,36,10475.04,39,4,NULL,1,'2016-01-31','2016-01-31',1,10475.04,0,'0000-00-00','2016-04-29 05:03:55','2016-04-29 05:07:12',2),(156,'kontrib.punedhensit 01/16','01/2016',5,34,9464.93,39,4,NULL,1,'2016-01-31','2016-01-31',1,9464.93,0,'0000-00-00','2016-04-29 05:10:05','2016-04-29 05:10:05',2),(157,'kontr.punetorit 01/16','01/2016',5,35,9464.93,39,4,NULL,1,'2016-01-31','2016-01-31',1,9464.93,0,'0000-00-00','2016-04-29 05:15:15','2016-04-29 05:15:15',2),(158,'pagat neto 02/16','02/2016',5,32,169286.73,39,4,NULL,1,'2016-02-29','2016-02-29',1,169286.73,0,'0000-00-00','2016-04-29 05:20:10','2016-04-29 05:27:31',2),(159,'sindikata 02/16','02/16',5,33,1571.15,39,4,NULL,1,'2016-02-29','2016-02-29',1,1571.15,0,'0000-00-00','2016-04-29 05:26:20','2016-04-29 05:26:20',2),(160,'kontrib.punedh.02/16','02/16',5,36,10638.03,39,4,NULL,1,'2016-02-29','2016-02-29',1,10638.03,0,'0000-00-00','2016-04-29 05:36:20','2016-04-29 05:36:47',2),(161,'kontributi punedhensit 02/16','02/16',5,34,9552.47,39,4,NULL,1,'0000-00-00','2016-02-29',1,9552.47,0,'0000-00-00','2016-04-29 05:39:39','2016-04-29 05:39:39',2),(162,'kontrib.punetorit 01/16','02/16',5,35,9552.47,39,4,NULL,1,'2016-02-29','2016-02-29',1,9552.47,0,'0000-00-00','2016-04-29 05:42:20','2016-04-29 05:42:20',2),(163,'pagat neto 03/16','03/2016',5,32,170505.74,39,4,NULL,1,'0000-00-00','2016-03-31',1,170505.74,0,'0000-00-00','2016-04-29 05:47:47','2016-04-29 05:47:47',2),(164,'sindikata 03/2016','03/16',5,33,1553.88,39,4,NULL,1,'2016-03-31','2016-03-31',1,1553.88,0,'0000-00-00','2016-04-29 05:51:56','2016-04-29 05:51:56',2),(165,'tatimi tap.03/16','03/16',5,36,10657.62,39,4,NULL,1,'2016-03-31','2016-03-31',1,10657.62,0,'0000-00-00','2016-04-29 06:00:59','2016-04-29 06:00:59',2),(166,'kontrib.punedhensit 03/16','03/16',5,34,9616.76,39,4,NULL,1,'2016-03-31','2016-03-31',1,9616.76,0,'0000-00-00','2016-04-29 06:02:44','2016-04-29 06:02:44',2),(167,'kontrib.punetorit 03/16','03/2016',5,35,9616.76,39,4,NULL,1,'2016-03-31','2016-03-31',1,9616.76,0,'0000-00-00','2016-04-29 06:06:54','2016-04-29 06:06:54',2),(168,'MIREMBAJTJA E OBJEKTIT 01/16','15/2016',1,20,6793.14,40,4,NULL,1,'2016-02-08','2016-01-02',1,6793.14,0,'0000-00-00','2016-04-29 06:15:48','2016-04-29 06:15:48',2),(169,'NAFTE PER NGROHJE 2015','3687/15,3188/15,3189/15,3272/15,3421/15,3150/15,3149/15,3149,3148,3147,3151,',1,3,17056.80,3,4,NULL,1,'2016-02-09','2016-12-31',1,17056.80,0,'0000-00-00','2016-04-29 06:21:48','2016-05-06 07:57:19',2),(170,'MIREMB.AUTOMJ.','75/15,76/15,79/15,78/15,77/15',1,25,1421.00,35,4,NULL,1,'2016-02-09','2015-11-10',1,1421.00,0,'0000-00-00','2016-04-29 06:26:18','2016-04-29 06:26:18',2),(171,'sig.fiz.obj.01-15/01/16','82',1,26,672.00,41,4,NULL,1,'2016-02-12','2016-02-01',1,672.00,0,'0000-00-00','2016-04-29 11:31:32','2016-04-29 11:31:32',2),(172,'link.intern.08-12/2015','550114544',1,30,191.84,6,4,NULL,1,'2016-02-24','2015-12-31',1,191.84,0,'0000-00-00','2016-04-29 11:36:09','2016-04-29 11:37:38',2),(173,'miremb.obj.02/16','35/2016',1,20,6793.14,40,4,NULL,1,'2013-03-04','2016-03-01',1,6793.14,0,'0000-00-00','2016-04-29 11:40:02','2016-04-29 11:40:02',2),(174,'sig.fiz.obj.02/16','159',1,26,1299.20,41,4,NULL,1,'2016-03-10','2016-03-01',1,1299.20,0,'0000-00-00','2016-04-29 11:42:39','2016-04-29 11:42:39',2),(175,'TEPIH','120315002-1',1,38,97.50,42,4,NULL,1,'2016-03-11','2015-03-12',1,97.50,0,'0000-00-00','2016-04-29 11:45:51','2016-04-29 11:45:51',2),(176,'SHP.NGR.01/16','13-220-001-46',3,39,448.17,43,4,NULL,1,'2016-02-16','2031-01-16',1,448.17,0,'0000-00-00','2016-05-03 05:38:04','2016-05-03 05:38:04',2),(177,'SHPENZIMET E UJIT 01/16','GRUP FATURASH',3,7,568.68,44,4,NULL,1,'2016-02-16','2016-01-29',1,568.68,0,'0000-00-00','2016-05-03 07:41:30','2016-05-06 07:51:23',2),(178,'Tender për sherbime televizive','',1,NULL,0.00,NULL,1,2,1,'0000-00-00','2016-01-12',4,2000.00,0,'0000-00-00','2016-05-04 07:00:53','2016-05-11 20:58:58',0),(179,'Tender - për mirëmbajtjen e objektit','',1,NULL,0.00,NULL,1,2,1,'0000-00-00','2016-02-12',4,500.00,0,'0000-00-00','2016-05-04 07:06:18','2016-05-11 20:58:52',0),(180,'Tender - për mirëmbajtjen e pajisjeve','',1,NULL,0.00,NULL,1,2,1,'0000-00-00','2016-02-12',4,500.00,0,'0000-00-00','2016-05-04 07:06:54','2016-05-11 20:58:44',0),(181,'Tender - për mirëmbajtjen e objektit','',1,NULL,0.00,NULL,1,2,1,'0000-00-00','2016-02-08',4,500.00,0,'0000-00-00','2016-05-04 07:08:27','2016-05-11 20:58:35',0),(182,'Tender - për sigurimin fizik të objektit','',1,NULL,0.00,NULL,1,2,1,'0000-00-00','2016-02-08',4,500.00,0,'0000-00-00','2016-05-04 07:08:52','2016-06-24 06:17:10',0),(183,'Tender - për materialin zyrtar','',1,NULL,0.00,NULL,1,2,1,'0000-00-00','2016-02-08',4,500.00,0,'0000-00-00','2016-05-04 07:09:07','2016-05-11 20:58:25',0),(184,'Tender - për perde','',1,NULL,0.00,NULL,1,2,1,'0000-00-00','2016-02-04',4,463.10,0,'0000-00-00','2016-05-04 07:10:17','2016-05-11 20:58:19',0),(185,'Tender - për mirëmbajtjen e aparateve','',1,NULL,0.00,NULL,1,2,1,'0000-00-00','2016-02-04',4,500.00,0,'0000-00-00','2016-05-04 07:10:50','2016-05-11 20:58:14',0),(186,'Tender - për marrjen me qira të aparateve apo pajisjeve','',1,NULL,0.00,NULL,1,2,1,'0000-00-00','2016-02-04',4,500.00,0,'0000-00-00','2016-05-04 07:11:39','2016-05-11 20:58:06',0),(187,'Tender - për servisimin e gjeneratorit','',1,NULL,0.00,NULL,1,2,1,'0000-00-00','2016-01-28',4,700.00,0,'0000-00-00','2016-05-04 07:12:59','2016-05-11 20:58:02',0),(188,'Projekt për digjitalizimin - Vendosjen e kamerave','',2,NULL,0.00,NULL,1,2,1,'0000-00-00','2016-05-03',4,40000.00,0,'0000-00-00','2016-05-04 07:26:11','2016-05-11 20:57:56',0),(189,'Projekt për digjitalizimin - Vendosja e kamerave','',2,NULL,0.00,NULL,1,2,1,'0000-00-00','2016-03-10',4,10000.00,0,'0000-00-00','2016-05-04 07:50:55','2016-05-11 20:57:49',0),(194,'Pagesa e rrymës për Mars 2016','Grup Fakturash',3,5,3449.78,5,1,2,1,'0000-00-00','2016-03-22',1,3449.78,0,'0000-00-00','2016-05-04 08:09:05','2016-05-04 08:09:05',0),(195,'Rregullimi i ulluqeve të Komunës së Gjakovës','00515',1,20,80.00,19,1,2,1,'0000-00-00','2016-04-01',1,80.00,0,'0000-00-00','2016-05-06 05:58:40','2016-05-06 05:58:40',0),(196,'Rregullimi i ulluqeve të Komunës së Gjakovës','00514',1,20,70.00,19,1,2,1,'0000-00-00','2016-04-01',1,70.00,0,'0000-00-00','2016-05-06 05:59:19','2016-05-06 05:59:19',0),(197,'Fatura e telefonit mobil për muajin Mars 2016','140415048875/1659',1,8,1613.84,8,1,2,1,'2016-10-20','2016-04-04',1,1613.84,0,'0000-00-00','2016-05-06 06:01:14','2016-11-02 07:19:25',0),(198,'materjal zyrtare','',1,1,0.00,4,4,NULL,1,'2016-06-30','2016-04-13',1,1000.00,0,'0000-00-00','2016-05-06 10:58:52','2017-03-06 13:44:52',2),(199,'materjal elektrik','',1,20,401.00,175,4,NULL,1,'0000-00-00','2016-04-13',1,401.40,0,'0000-00-00','2016-05-06 11:00:42','2017-03-21 13:09:43',2),(200,'deriv.per automj.12/15','3753/15',1,4,816.03,3,4,NULL,1,'0000-00-00','2015-12-31',1,816.03,0,'0000-00-00','2016-05-06 11:05:32','2016-05-06 11:05:32',2),(201,'FURNIZIM ME REAGENSA PER LABORATORIN BIOKIMIK HEMATOLOGJIK','388/1',1,60,3945.00,59,4,NULL,1,'0000-00-00','2015-06-08',1,3945.00,0,'0000-00-00','2016-05-06 11:10:16','2016-05-30 09:28:48',2),(202,'REXH.DHE SIG.AUTOMJ.TE QKMF','151106',1,31,322.40,34,4,NULL,1,'0000-00-00','2015-11-24',1,322.40,0,'0000-00-00','2016-05-06 11:18:49','2016-05-06 11:18:49',2),(203,'MIREMB.OBJ.05/16','',1,20,0.00,40,4,NULL,1,'2016-12-24','2016-04-27',1,323.48,0,'0000-00-00','2016-05-10 06:15:56','2017-03-06 13:28:13',1),(205,'MIREMB.OBJEKTIT KPSH','0150716',1,20,74.00,117,4,NULL,1,'1901-05-19','2015-12-29',1,74.00,0,'0000-00-00','2016-05-10 06:18:18','2016-06-20 06:19:28',1),(206,'MIREMB.OBJEKTIT','29/2015',1,20,99.89,61,4,NULL,1,'0000-00-00','2015-12-29',1,99.89,0,'2016-04-04','2016-05-11 05:24:21','2016-05-11 05:24:21',1),(207,'MATERJAL ZYRTARE','010/16',1,1,98.00,62,4,NULL,1,'2016-04-20','2016-01-22',1,98.00,0,'0000-00-00','2016-05-11 05:29:39','2016-05-11 05:29:39',1),(208,'MATREJAL ZYRTARE','322/2015',1,1,70.80,4,4,NULL,1,'2016-04-20','2015-12-16',1,70.80,0,'0000-00-00','2016-05-11 05:32:38','2016-05-11 05:32:38',1),(209,'MATERJAL ZYRTARE','20109',1,1,15.20,38,4,NULL,1,'2016-04-19','2016-04-03',1,15.20,0,'0000-00-00','2016-05-11 05:34:52','2016-06-17 05:11:39',1),(210,'DREKA ZYRTARE','GRUP FATURASH',1,9,42.40,63,4,NULL,1,'2016-04-19','2015-12-31',1,42.40,0,'0000-00-00','2016-05-11 05:38:05','2016-05-30 09:33:16',1),(211,'PUBLIKIM KONKURSI','16-210-001-23',1,22,77.00,64,4,NULL,1,'2016-04-20','2016-01-20',1,77.00,0,'0000-00-00','2016-05-11 05:41:07','2016-05-11 05:41:07',1),(212,'DERIVATE PER AUTOMJETE 03/16','937/16',1,4,60.83,3,4,NULL,1,'2016-04-21','2016-03-31',1,60.83,0,'0000-00-00','2016-05-11 06:01:57','2016-05-11 06:01:57',1),(213,'REXH.DHE SIG.AUTOMJ.','160042',1,31,294.08,34,4,NULL,1,'2016-04-19','2016-01-22',1,294.08,0,'0000-00-00','2016-05-11 06:09:16','2016-05-11 06:09:16',1),(214,'Ne Austri dt.28.02.2016-02.03.2016','grup fatura',1,28,230.00,60,1,2,1,'2016-03-11','2016-02-23',1,230.00,0,'0000-00-00','2016-05-11 06:26:42','2016-05-31 06:51:10',0),(238,'Projekt për digjitalizimin e Adminastratës Komunale - Funksionalizimi i aparateve për ofrimin e sherbimeve digjitale GPS.','',2,NULL,0.00,NULL,1,2,1,'0000-00-00','2016-03-10',4,20000.00,0,'0000-00-00','2016-05-11 09:12:48','2016-05-12 06:47:48',0),(239,'Derivate per automjete - Muaji Prill - 175 l','1294/16',1,4,144.18,3,7,10,1,'0000-00-00','2016-04-30',1,144.18,0,'2016-05-18','2016-05-11 10:43:28','2016-05-11 10:43:28',0),(240,'Blerja e automjetit per nevojat e drejtorise se Bujqesise, Pylltarise dhe zhvillimit rural','',2,NULL,0.00,NULL,7,10,4,'0000-00-00','2016-06-22',4,12000.00,0,'0000-00-00','2016-05-11 10:46:37','2016-05-11 10:46:37',0),(241,'Furnizimi me RAM memoriae 2GB per kompjuterin e zyrtares se sektorit te sherbimeve keshillimore.','24',1,42,35.00,16,7,10,1,'2016-04-30','2016-03-30',1,35.00,0,'0000-00-00','2016-05-11 11:00:22','2016-05-11 11:00:22',0),(242,'Derivate per Automjete per muajin Djetor - 295 Litra','3756/15',1,4,243.09,3,7,10,1,'2016-01-28','2015-12-31',1,243.09,0,'0000-00-00','2016-05-11 11:05:58','2016-05-11 11:20:46',0),(243,'Furnizim i Zyres me Toner HP35A, Samsung 1675 dhe Fasciklla me mekanizem .','255/2014',1,1,110.60,65,7,10,1,'2016-01-28','2014-08-22',1,110.60,0,'0000-00-00','2016-05-11 11:10:04','2016-05-11 11:19:30',0),(244,'Furnizim i Zyres me Zarfe me palim (gjithsesj150 cope) me Logo te Komunes','325/2015',1,43,70.80,4,7,10,1,'2016-01-28','2015-12-18',1,70.80,0,'0000-00-00','2016-05-11 11:12:57','2016-05-11 11:18:30',0),(245,'Publikmi i konkursit te shpallur nga DBPZHR per Roje Pylli  ne gazeten Koha Ditore .','1478',1,22,184.00,21,7,10,1,'2016-01-28','2015-12-02',1,184.00,0,'0000-00-00','2016-05-11 11:16:36','2016-05-11 11:16:36',0),(246,'Pritja e mysafireve me Kabinetin e Kryetares, Ministrin z.Skender Hyseni me bashkepunetore .','3852',1,2,395.00,25,7,10,1,'2016-01-28','2015-08-12',1,395.00,0,'0000-00-00','2016-05-11 11:24:34','2016-05-11 11:24:34',0),(247,'Furnizim me leter A4 80gr.','0853/2015',1,1,2.55,11,7,10,1,'2016-01-28','2015-11-11',1,2.55,0,'0000-00-00','2016-05-11 11:28:47','2016-05-11 11:28:47',0),(248,'Shpenzimet e telefonit GPS','0442205',1,8,15.27,66,2,NULL,1,'2016-02-08','2015-11-30',1,15.27,0,'0000-00-00','2016-05-12 09:38:37','2016-05-12 09:38:37',0),(249,'material zyrtar','00797',1,43,37.20,1,2,NULL,1,'2016-02-08','2015-12-18',1,37.20,0,'0000-00-00','2016-05-12 09:41:43','2016-05-12 09:41:43',0),(253,'Derivate','',1,NULL,0.00,NULL,12,12,1,'0000-00-00','2016-05-11',4,56.76,0,'0000-00-00','2016-05-12 10:02:31','2016-05-12 10:02:31',0),(254,'Internet per zyra multifunksionale','',1,NULL,0.00,NULL,12,12,1,'0000-00-00','2016-05-12',4,22.88,0,'0000-00-00','2016-05-12 10:03:29','2016-05-12 10:03:29',0),(255,'Material zyrtar për nevojat e drejtorisë','Grup Fakturash',1,1,140.03,11,5,11,1,'2016-01-25','2015-12-22',1,140.03,0,'0000-00-00','2016-05-12 10:57:08','2016-05-12 11:00:38',0),(256,'Pajisje me toner për nevojat e drejtorisë','Grup Fakturash',1,1,172.00,1,5,11,1,'2016-01-25','2015-11-04',1,172.00,0,'0000-00-00','2016-05-12 11:00:10','2016-05-12 11:00:10',0),(257,'Pagesa për furnizimin me karburant për vetura','Grup Fakturash',1,4,265.49,3,5,11,1,'2016-01-25','2015-11-26',1,265.49,0,'0000-00-00','2016-05-12 11:04:29','2016-05-17 06:34:29',0),(258,'Pagesa e rrymës për ndriçimin publik për muajin Nëntor dhe Dhjetor 2015','Grup Fakturash',3,5,23457.24,5,5,11,1,'2016-01-25','2015-12-30',1,23457.24,0,'0000-00-00','2016-05-12 11:09:43','2016-05-12 11:09:43',0),(259,'MIREMB.OBJ.','',1,20,0.00,40,4,NULL,1,'2016-12-24','2016-05-10',1,3500.00,0,'0000-00-00','2016-05-12 11:19:43','2017-03-06 13:27:35',2),(260,'MIREMB.OBJ.','',1,20,0.00,40,4,NULL,1,'2016-12-24','2016-05-10',1,3760.00,0,'0000-00-00','2016-05-12 11:20:26','2017-03-06 13:26:38',1),(261,'MIREMB.OBJ.PASTRIMI','16/2016',1,20,323.48,40,4,NULL,1,'2016-02-08','2016-02-01',1,323.48,0,'0000-00-00','2016-05-12 11:26:18','2016-05-12 11:26:18',3),(262,'SIG.FIZIK I OBJEKTIT01/16','83',1,27,123.20,41,4,NULL,1,'2016-02-11','2016-02-01',1,123.20,0,'0000-00-00','2016-05-12 11:29:18','2016-05-13 05:50:48',3),(263,'DERIVATE PER AUTOMJETE 12/15','215/16',1,4,284.59,3,4,NULL,1,'2016-02-25','2015-12-31',1,284.59,0,'0000-00-00','2016-05-12 11:32:27','2016-05-12 11:38:52',3),(264,'DERIVATE PER AUTOMJ.01/16','215/16',1,4,60.85,3,4,NULL,1,'2016-03-07','2016-01-31',1,60.85,0,'0000-00-00','2016-05-12 11:36:19','2016-05-12 11:36:19',3),(265,'Derivate per Kabinetin e Kryetares. ','318',1,4,428.16,3,14,NULL,1,'2016-04-14','2016-03-22',1,428.16,0,'0000-00-00','2016-05-12 11:39:54','2016-05-12 11:39:54',0),(266,'Material zyrtar per nevojat e Kabinetit të Kryetares ','317',1,1,660.00,4,14,NULL,1,'2016-04-14','2016-04-01',1,660.00,0,'0000-00-00','2016-05-12 11:41:33','2016-05-12 11:41:33',0),(267,'REXH.AUTOMJ.','160017',1,31,303.90,34,4,NULL,1,'2016-03-09','2016-01-08',1,303.90,0,'0000-00-00','2016-05-12 11:43:12','2016-05-12 11:43:12',3),(268,'Perde per zyren e Pronave ne Kabinetin e Kryetares ','316',1,43,997.50,35,14,NULL,1,'2016-04-14','2016-03-24',1,997.50,0,'0000-00-00','2016-05-12 11:44:55','2016-05-12 11:44:55',0),(269,'MIREMB.E AUTOMJ.','GRUP FATURASH',1,25,378.00,35,4,NULL,1,'2016-03-10','2016-01-04',1,378.00,0,'0000-00-00','2016-05-12 11:46:20','2016-05-12 11:46:20',3),(270,'MIREMB.AUTOMJ.','15/16',1,25,438.00,35,4,NULL,1,'2016-03-04','2016-02-06',1,438.00,0,'0000-00-00','2016-05-12 11:50:05','2016-05-12 11:50:05',3),(271,'MATERJAL ZYRTARE','00953',1,43,49.00,38,4,NULL,1,'2016-03-09','2016-02-15',1,49.00,0,'0000-00-00','2016-05-12 11:52:44','2016-05-12 11:52:44',3),(272,'Lule të Freskëta dhe Kurora per homazhe dhe perkujtime të ndryshme per muajin Mars. ','314',1,27,506.00,17,14,NULL,1,'2016-06-14','2016-04-05',1,506.00,0,'0000-00-00','2016-05-12 12:03:20','2016-05-12 12:03:20',0),(273,'Sherbimet e Kontraktuara per ndjekjen e Aktiviteteve te Kryetares dhe Kuvendit Komunal Gjakovë nga televisioni Lokal Tv-Syri ','313',1,27,1300.00,67,14,NULL,3,'0000-00-00','2016-03-07',1,1300.00,0,'0000-00-00','2016-05-12 12:09:17','2016-05-12 12:09:17',0),(275,'Rregullimi i vetures se Kryetares ','311',1,29,10.00,68,14,NULL,1,'2016-04-14','2016-04-07',1,10.00,0,'0000-00-00','2016-05-12 12:13:43','2016-05-12 12:13:43',0),(276,'Caffe dhe pije te ndryshme per Kabinetin e Kryetares per Muajin Mars ','310',1,59,117.20,69,14,NULL,1,'2016-04-14','2016-03-31',1,117.20,0,'0000-00-00','2016-05-12 12:16:37','2016-05-13 06:01:02',0),(277,'kafe dhe pije per kabinetin e Kryetares dhe Mysafirët ','309',1,59,723.00,63,14,NULL,1,'2016-04-14','2016-01-18',1,723.00,0,'0000-00-00','2016-05-12 12:19:30','2016-05-12 12:19:30',0),(278,'Pagë për muajin Mars - në emër të Kontrates mbi vepër për Artan Haraqija ','306',1,27,350.00,70,14,NULL,3,'0000-00-00','0000-00-00',1,350.00,0,'0000-00-00','2016-05-12 12:23:51','2016-05-12 12:23:51',0),(280,'Pagë për muajin Mars në emer të Kontratës mbi shërbimin ','307',1,27,350.00,71,14,NULL,1,'2016-04-01','0000-00-00',1,350.00,0,'0000-00-00','2016-05-12 12:27:47','2016-05-12 12:27:47',0),(281,'Derivate per ngrohje per per muajin prill /2015','44/2015',1,3,2099.80,3,1,2,1,'2016-05-11','2016-05-05',1,2099.80,0,'0000-00-00','2016-05-13 04:41:20','2016-05-13 04:41:20',0),(283,'MIREMB.OBJ,02/16','36/2016',1,20,323.48,40,4,NULL,1,'2016-03-10','2016-03-01',1,323.48,0,'0000-00-00','2016-05-13 04:52:35','2016-05-13 04:52:35',3),(284,'SIG.FIZ.OBJ.02/16','07',1,27,235.20,41,4,NULL,1,'2016-03-10','2016-03-01',1,235.20,0,'0000-00-00','2016-05-13 04:59:12','2016-05-13 04:59:12',3),(285,'DERIVATE PER AUTOMJETE 02/16','535/16',1,4,30.68,3,4,NULL,1,'2016-03-23','2016-02-29',1,30.68,0,'0000-00-00','2016-05-13 05:04:16','2016-05-13 05:04:16',3),(286,'MIREMB.OBJ.03/16','58/2016',1,20,323.48,40,4,NULL,1,'2016-04-12','2016-04-01',1,323.48,0,'0000-00-00','2016-05-13 05:07:20','2016-05-13 05:07:20',3),(289,'SIG.FIZ.OBJ.03/16','07',1,27,257.60,41,4,NULL,1,'2016-04-12','2016-04-01',1,257.60,0,'0000-00-00','2016-05-13 05:11:44','2016-05-13 05:11:44',3),(290,'MATERJAL ZYRTARE','28/2016',1,43,99.00,65,4,NULL,1,'2016-04-12','2016-03-14',1,99.00,0,'0000-00-00','2016-05-13 05:14:29','2016-05-13 05:51:23',3),(291,'ASOCIAC.KOMUNAVE','06-12359-10/1',1,24,1000.00,24,4,NULL,1,'2016-04-19','2016-03-09',1,1000.00,0,'0000-00-00','2016-05-13 05:17:45','2016-05-13 05:17:45',3),(292,'nirembajtja e teknollogjise informative','',1,NULL,0.00,NULL,1,2,1,'0000-00-00','2016-06-17',4,990.00,0,'0000-00-00','2016-05-13 05:22:03','2016-05-13 05:22:03',0),(294,'LINK INTERN.08-12/15','GRUP FATURASH',1,30,10.92,6,4,NULL,1,'2016-02-24','2015-12-31',1,10.92,0,'0000-00-00','2016-05-13 05:45:11','2016-05-13 05:45:11',3),(295,'LINK.INTERN.08-12/15','GRUP FATURASH',1,30,21.90,6,4,NULL,1,'2016-02-24','2015-12-31',1,21.90,0,'0000-00-00','2016-05-13 05:47:45','2016-05-13 05:47:45',3),(296,'LINK.INTERN.08-12/15','GRUP FATURASH',1,30,38.14,6,4,NULL,1,'2016-02-24','2015-12-31',1,38.14,0,'0000-00-00','2016-05-13 05:49:39','2016-05-13 05:49:39',3),(297,'zotim I mjeteve per mirembajtjen e sinjalizimit horizontal dhe vertikal','',2,NULL,0.00,NULL,5,11,1,'0000-00-00','2016-02-01',4,25000.00,0,'0000-00-00','2016-05-13 05:52:12','2016-05-13 05:52:12',0),(298,'MIREMB.OBJ.','04/16',1,25,9.00,35,4,NULL,1,'1901-03-10','2016-01-04',1,9.00,0,'0000-00-00','2016-05-13 05:53:48','2016-05-13 06:00:11',3),(299,'Internet per zyren multifunksionale','',1,30,9.99,6,12,12,1,'2016-04-09','2016-04-09',1,9.99,0,'0000-00-00','2016-05-13 06:00:04','2016-05-13 06:00:04',0),(300,'Katalog vizit gjakova','119/2016',1,43,3386.00,4,12,12,1,'2016-04-28','2016-04-28',1,3386.00,0,'0000-00-00','2016-05-13 06:04:48','2016-05-13 06:04:48',0),(301,'Pije kafe,qaja','005980',1,59,43.80,63,12,12,3,'2016-04-25','2016-04-25',1,43.80,0,'0000-00-00','2016-05-13 06:10:33','2016-05-13 06:10:33',0),(302,'Fotokopje dhe USB','00147',1,1,21.00,38,12,12,1,'2016-04-25','2016-04-19',1,21.00,0,'0000-00-00','2016-05-13 06:15:41','2016-05-13 06:15:41',0),(303,'materjal zyrtar per panair','93/2016',1,1,517.20,4,12,12,1,'2016-04-15','2016-04-04',1,517.20,0,'0000-00-00','2016-05-13 06:19:36','2016-05-13 06:19:36',0),(304,'fotokopje dhe baner','86/2016',1,1,100.00,4,12,12,1,'2016-04-15','2016-03-23',1,100.00,0,'0000-00-00','2016-05-13 06:28:49','2016-05-13 06:28:49',0),(305,'Derivate per nevojat e DZHE','934/16 1100',1,4,80.33,3,12,12,3,'2016-04-15','2016-03-31',1,80.33,0,'0000-00-00','2016-05-13 06:34:50','2016-05-13 06:34:50',0),(306,'HELP-Marraveshje bashkpunimi me komunen e gjakovës','',6,100,16000.00,72,12,12,3,'2016-04-15','2016-02-18',1,16000.00,0,'0000-00-00','2016-05-13 06:42:20','2016-05-13 06:42:20',0),(307,'Perfundim i bordit te drejtoreve i mbajtur 09.03.2016','',1,32,1000.00,24,12,12,3,'2016-04-15','2016-03-09',1,1000.00,0,'0000-00-00','2016-05-13 11:04:32','2016-05-13 11:04:32',0),(308,'sherbimet e internetit per zyren multifunksionale','',1,30,9.99,6,12,12,3,'2016-04-15','2016-03-31',1,9.99,0,'0000-00-00','2016-05-13 11:08:45','2016-05-13 11:08:45',0),(309,'pagesa per zyren multifunksionale','510230571241661',1,30,9.99,6,12,12,3,'2016-04-06','2016-03-03',1,9.99,0,'0000-00-00','2016-05-13 11:13:01','2016-05-13 11:13:01',0),(310,'Karburant për vetura për kabinetin e kryetares.','Grup Fakturash',1,4,1167.94,73,5,11,1,'2016-01-27','2015-08-06',1,1167.94,0,'0000-00-00','2016-05-16 06:03:54','2016-05-16 06:03:54',0),(311,'Shfrytezimi i salles dhe pije gjate takimit','Pa numër',10,88,144.00,28,5,11,1,'2016-01-27','2015-07-01',1,144.00,0,'0000-00-00','2016-05-16 06:08:45','2016-05-17 21:12:31',0),(312,'Mirëmbajtja e gjelbërimit të qytetit','102/06 2015',10,NULL,3441.50,28,5,11,1,'2016-01-28','2015-06-30',1,3441.50,0,'0000-00-00','2016-05-16 06:11:36','2016-05-16 06:11:36',0),(313,'Mirëmbajtja e rrugëve verore urbane','102/10 2015',1,79,6404.13,12,5,11,1,'2016-01-28','2015-10-31',1,6404.13,0,'0000-00-00','2016-05-16 06:14:03','2016-05-17 21:08:05',0),(315,'Mirëmbajtja e gjelbërimit të qytetit të Gjakovës','Grup Fakturash',1,83,15302.00,28,5,11,1,'2016-02-03','2015-04-14',1,15302.00,0,'0000-00-00','2016-05-16 06:19:47','2016-05-17 21:06:55',0),(316,'Sanimi I rrugeve me zhavor','02/2015',2,81,1824.00,76,5,11,1,'2016-02-03','2015-10-14',1,1824.00,0,'0000-00-00','2016-05-16 06:27:03','2016-05-16 06:27:03',0),(318,'Shtrirja e ujesjellesit ne fsh. Greqine dhe Kusare','Grup Fakturash',2,124,30000.00,7,5,11,1,'2016-02-03','2016-02-03',1,30000.00,0,'0000-00-00','2016-05-16 06:39:03','2016-05-16 06:39:03',0),(319,'Trajnimi i qenëve endacak','6/15',1,NULL,2405.00,77,5,11,1,'2016-02-03','2015-11-25',1,2405.00,0,'0000-00-00','2016-05-16 06:45:07','2016-05-16 06:45:07',0),(320,'Zotim I mjeteve per furnizim me drunje dekorativ dhe lule sezonale','',1,NULL,0.00,NULL,5,11,1,'0000-00-00','2016-02-04',4,5000.00,0,'0000-00-00','2016-05-16 06:52:47','2016-05-16 06:52:47',0),(321,'Mirembajtja dhe shprendarja e ndriqimit public ','Grup Fakturash',2,126,69926.40,78,5,11,1,'2016-02-05','2014-10-02',1,69926.40,0,'0000-00-00','2016-05-16 07:01:14','2016-05-16 07:01:14',0),(323,'zotim I mjeteve per shpalljen e tenderit per mbeturinat inerte','',1,NULL,0.00,NULL,5,11,1,'0000-00-00','2016-02-05',4,3000.00,0,'0000-00-00','2016-05-16 08:17:25','2016-05-16 08:17:25',0),(325,'Shtruarja errugeve me asfalt','Grup Fakturash',2,119,74293.51,80,5,11,1,'2016-02-08','2016-02-08',1,74293.51,0,'0000-00-00','2016-05-16 08:33:44','2016-05-17 06:36:30',0),(326,'sig.fiz.obj.04/16','',1,1,0.00,1,4,NULL,1,'2016-05-04','2016-04-27',1,1344.00,0,'0000-00-00','2016-05-16 09:21:52','2017-03-06 13:23:50',1),(327,'shtrurja e trotuareve-rrugeve me kocka','14.2/2015',2,81,21000.00,40,5,11,1,'2016-02-08','2015-12-21',1,21000.00,0,'0000-00-00','2016-05-16 09:30:50','2016-05-17 06:01:07',0),(328,'kanalizimi I urjave te zeza','Grup Fakturash',2,123,99706.80,81,5,11,1,'2016-02-09','2013-08-02',1,99706.80,0,'0000-00-00','2016-05-16 09:52:14','2016-05-17 06:02:58',0),(329,'mirembajtja dhe hapja e rrjetit te ndriçimit publik','002/2016',2,126,47933.58,82,5,11,1,'2016-02-08','2015-02-05',1,47933.58,0,'0000-00-00','2016-05-16 09:59:16','2016-05-16 09:59:16',0),(330,'shtruarja e rrugeve me kocka betoni','8/2016, 9/2016',2,121,61544.28,79,5,11,1,'2016-02-10','2016-02-08',1,61544.28,0,'0000-00-00','2016-05-16 10:07:15','2016-05-16 10:07:15',0),(332,'Ndertimi dhe sanimi I rrugeve me asfalt','100204, 100243, dhe 100244',2,119,74353.33,83,5,11,1,'2016-02-09','2016-02-08',1,74353.33,0,'0000-00-00','2016-05-16 10:23:20','2016-05-16 10:23:20',0),(333,'Mirembajtja dhe shprendarja e rrjetit elektrik','',2,NULL,0.00,NULL,5,11,1,'0000-00-00','2016-02-09',4,10000.00,0,'0000-00-00','2016-05-16 10:26:50','2016-05-16 10:26:50',0),(335,'Shpallja e tenderit per ndertimin - asfaltimin e rruges ne fsh. Smaq-Ujze','',2,NULL,0.00,NULL,5,11,2,'0000-00-00','2016-02-09',4,30000.00,0,'0000-00-00','2016-05-16 10:33:31','2016-05-16 10:33:31',0),(336,'Shpallja e tenderit per kanalizimin e ujrave te zeza','',2,NULL,0.00,NULL,5,11,2,'0000-00-00','2016-02-09',4,20000.00,0,'0000-00-00','2016-05-16 10:35:24','2016-05-16 10:35:24',0),(339,'MIREMBAJTJA DIMERORE E RRUGEVE URBANE','102/03/2015',1,125,3585.00,85,5,11,1,'2016-02-10','2015-03-31',1,3585.00,0,'0000-00-00','2016-05-16 10:56:02','2016-05-16 10:56:02',0),(340,'Asfaltimi I rruges ne fsh. Greqine','',2,NULL,0.00,NULL,5,11,1,'0000-00-00','2016-02-18',4,30000.00,0,'0000-00-00','2016-05-16 11:01:43','2016-05-16 11:01:43',0),(341,'shpenzimet e energjise per ndricim public muaji janar 2016','Pa numër',3,5,14901.28,84,5,11,1,'2016-02-15','2016-01-01',1,14901.28,0,'0000-00-00','2016-05-16 11:19:04','2016-05-17 06:07:31',0),(342,'Ndertimi I rrethrrotullimit ne rr. \"UCK\"','152/2015',2,119,22005.32,80,5,11,3,'2016-02-22','2015-12-21',1,22005.32,0,'0000-00-00','2016-05-16 11:29:29','2016-05-17 06:08:48',0),(343,'Materjal zyrtar leter A 4.','00185',1,43,8400.00,1,12,12,3,'2016-04-05','2016-04-04',1,8400.00,0,'0000-00-00','2016-05-17 05:48:39','2016-05-17 05:48:39',0),(344,'materjal zyrtar lapsa kimik hef maqinë,korektor, registator','00189',1,43,40.80,1,12,12,3,'2016-04-05','2016-04-04',1,40.80,0,'0000-00-00','2016-05-17 05:51:51','2016-05-17 05:51:51',0),(345,'fotokopje A2 color Rol-Up 85x200cm','86/2016',1,43,150.40,4,12,12,3,'2016-03-31','2016-03-23',1,150.40,0,'0000-00-00','2016-05-17 05:55:14','2016-05-17 05:55:14',0),(346,'karburantet per nevojat DZHE.','530/2016',1,4,55.43,3,12,12,3,'2016-04-14','2016-02-29',1,55.43,0,'0000-00-00','2016-05-17 06:04:23','2016-05-17 06:04:23',0),(347,'shtyllat elektrike (trupat ndriques) shtegu I kembesoreve ne rr. \"B. Bistrazhini\"','p',2,126,6509.36,82,5,11,3,'2016-02-19','2016-02-23',1,6509.36,0,'0000-00-00','2016-05-17 06:25:51','2016-05-17 06:25:51',0),(348,'Zotim I mjeteve per shpallje te tenderit : asfaltimi I rruges \"Gjon Sereqi\"','',2,NULL,0.00,NULL,5,11,1,'0000-00-00','0000-00-00',4,30000.00,0,'0000-00-00','2016-05-17 06:28:26','2016-05-17 06:28:26',0),(349,'asfaltimi I rruges ne fshatin Zhub','',2,NULL,0.00,NULL,5,11,1,'0000-00-00','0000-00-00',4,20000.00,0,'0000-00-00','2016-05-17 06:30:00','2016-05-17 06:30:00',0),(350,'Shtruarja dhe sanimi I rrugeve me zhavor','g',2,121,56384.60,75,5,11,1,'2016-02-26','2014-12-09',1,56384.60,0,'0000-00-00','2016-05-17 06:47:29','2016-05-17 06:47:29',0),(351,'Merembajtja dimerore e rrugeve rurale  (pastrami I bores ne fshatrat e Komunes se Gjakoves)','1/2016',1,125,11286.00,87,5,11,1,'2016-02-29','2016-02-16',1,11286.00,0,'0000-00-00','2016-05-17 06:51:57','2016-05-17 06:51:57',0),(353,'Fatura e telefonit fiks për muajin Janar 2016','Grup Fakturash',3,6,432.74,6,1,2,1,'2016-05-13','2016-02-17',1,432.74,0,'0000-00-00','2016-05-17 07:05:21','2016-05-17 07:05:21',0),(354,'bartja dhe ruajtja e automjeteve te konfeskuara','p',1,27,795.00,88,5,11,1,'2016-03-03','2014-10-07',1,795.00,0,'0000-00-00','2016-05-17 07:05:33','2016-05-17 07:05:33',0),(355,'Fatura e telefonit fiks për muajin Shkurt 2016','Grup Fakturash',3,6,493.98,6,1,2,1,'2016-05-13','2016-03-17',1,493.98,0,'0000-00-00','2016-05-17 07:09:04','2016-05-17 07:09:04',0),(356,'Mirëmbajtja e objektit - Pastrueset Maj 2016','29/2016',1,20,820.55,90,1,2,1,'2016-05-06','2016-05-02',1,820.55,0,'0000-00-00','2016-05-17 07:14:13','2016-11-03 08:30:43',0),(357,'Mirëmbajtja e objektit - Pastrueset Qershor 2016','39/2016',1,20,820.55,90,1,2,1,'2016-06-07','2016-04-20',1,820.55,0,'0000-00-00','2016-05-17 07:14:41','2016-11-03 08:31:11',0),(358,'Paga për juristen Minire Bakija për periudhën 16 Shkurt - 02 Mars 2016','Pa numër',1,27,175.00,91,1,2,1,'2016-03-04','2016-03-03',1,175.00,0,'0000-00-00','2016-05-17 07:19:21','2016-05-17 07:19:21',0),(359,'Paga për juristen Minire Bakija','Pa numër',1,27,62.00,91,1,2,1,'2016-03-29','2016-03-24',1,62.00,0,'0000-00-00','2016-05-17 07:21:10','2016-05-17 07:21:10',0),(360,'inqizimi dhe fotografimi I infrastruktures ','',1,29,1000.00,89,5,11,1,'2016-03-09','0000-00-00',1,1000.00,0,'0000-00-00','2016-05-17 07:24:10','2016-05-17 07:24:10',0),(361,'Fatura për sigurimin fizik - Maj 2016','Grup Fakturash',1,27,2329.80,27,1,2,1,'2016-06-01','2016-05-13',1,2329.80,0,'0000-00-00','2016-05-17 07:24:44','2016-07-13 07:50:34',0),(362,'Zotim i mjeteve për sigurimin fizik - Qershor 2016','',1,NULL,0.00,NULL,1,2,1,'0000-00-00','2016-05-11',4,2770.00,0,'0000-00-00','2016-05-17 07:25:35','2016-05-17 07:25:35',0),(363,'mirembajtja dimerore e rrugeve urbane (pastrimi I boes)','160216',1,125,18788.00,92,5,11,1,'2016-03-03','2016-02-16',1,18788.00,0,'0000-00-00','2016-05-17 07:29:32','2016-05-17 07:29:32',0),(364,'Material Zyrtar për nevojat e Komunës së Gjakovës','00067',1,1,89.30,1,1,2,1,'2016-05-05','2016-04-21',1,89.30,0,'0000-00-00','2016-05-17 07:30:03','2016-05-17 07:30:03',0),(365,'Material Zyrtar për nevojat e Komunës së Gjakovës','00087',1,1,98.30,1,1,2,1,'2016-05-05','2016-04-26',1,98.30,0,'0000-00-00','2016-05-17 07:32:06','2016-05-17 07:32:06',0),(366,'Material Zyrtar për nevojat e Komunës së Gjakovës','00452',1,1,46.50,1,1,2,1,'2016-05-11','2016-05-03',1,46.50,0,'0000-00-00','2016-05-17 07:33:41','2016-05-17 07:33:41',0),(367,'Ndertimi I rrugeve me asphalt ne fsh. (Muhader,Pnish, Ramahmat dhe  Guske)','20/2013 dhe 15/2014',2,119,30571.29,76,5,11,1,'2016-03-09','0000-00-00',1,30571.29,0,'0000-00-00','2016-05-17 07:35:20','2016-05-17 20:58:48',0),(368,'Material zyrtar për nevojat e Komunës së Gjakovës','416/9',1,1,99.00,1,1,2,1,'2016-05-11','2016-04-21',1,99.00,0,'0000-00-00','2016-05-17 07:38:44','2016-05-17 07:38:44',0),(369,'Material zyrtar për nevojat e Komunës së Gjakovës','416/1',1,1,99.50,1,1,2,1,'2016-05-11','2016-04-01',1,99.50,0,'0000-00-00','2016-05-17 07:39:46','2016-06-24 06:01:21',0),(370,'Fatura e mbeturinave për muajin Mars 2016','102/3/2016',3,13,145.28,12,1,2,1,'2016-05-13','2016-03-31',1,145.28,0,'0000-00-00','2016-05-17 07:46:24','2016-05-17 07:46:24',0),(371,'Fatura e mbeturinave për muajin Prill 2016','102/4/2016',3,13,157.39,12,1,2,1,'2016-05-13','2016-04-30',1,157.39,0,'0000-00-00','2016-05-17 07:47:45','2016-05-17 07:47:45',0),(372,'Fatura e ujit për muajin Prill 2016','Grup Fakturash',3,7,541.59,7,1,2,1,'2016-05-12','2016-05-01',1,541.59,0,'0000-00-00','2016-05-17 07:54:20','2016-05-17 07:54:20',0),(373,'nafte per ngrohje','43/16',1,3,6624.00,3,4,NULL,3,'0000-00-00','2016-01-13',2,0.00,0,'0000-00-00','2016-05-17 07:56:53','2016-05-17 07:56:53',2),(374,'Fatura e rrymës për muajin Prill 2016','Grup Fakturash',3,5,1228.18,5,1,2,1,'2016-05-11','2016-05-05',1,1228.18,0,'0000-00-00','2016-05-17 07:57:29','2016-05-17 07:57:29',0),(376,'pagesa e internetit per zyren multifunksionale','15102357124',1,30,9.99,6,12,12,3,'2016-04-14','2016-02-29',1,9.99,0,'0000-00-00','2016-05-17 10:15:28','2016-05-17 10:15:28',0),(377,'ushqim tradicional me rastin e shperndarjes  certefikatave perfituesve të grandeve.','8/2015',1,59,6000.00,94,12,12,3,'2016-02-22','2015-10-22',1,6000.00,0,'0000-00-00','2016-05-17 10:21:40','2016-05-17 10:21:40',0),(378,'materjal zyrtar','00938',1,43,99.99,1,12,12,3,'2016-02-25','2016-02-10',1,99.99,0,'0000-00-00','2016-05-17 10:27:05','2016-05-17 10:27:05',0),(379,'riparim i automjetit shkoda fabia 07z-18-02','06/16',1,25,67.00,35,12,12,3,'2016-02-24','2016-01-04',1,67.00,0,'0000-00-00','2016-05-17 10:44:37','2016-05-17 10:44:37',0),(380,'hart disk 160gb new sata 2','12',1,42,50.00,16,12,12,3,'2016-02-18','2016-02-03',1,50.00,0,'0000-00-00','2016-05-17 10:49:32','2016-05-17 10:49:32',0),(381,'nafte per ngrohje/QMF 9/ROGOVE','003178',1,3,1242.00,3,4,NULL,3,'0000-00-00','2016-01-03',2,0.00,0,'0000-00-00','2016-05-18 04:56:02','2016-05-18 05:04:16',2),(382,'nafte per ngrohje/qmf -dardani','003195',1,3,828.00,3,4,NULL,3,'0000-00-00','2016-01-15',2,0.00,0,'0000-00-00','2016-05-18 04:58:47','2016-05-18 05:03:47',2),(383,'nafte per ngrohje/qmf 5','003194',1,3,828.00,3,4,NULL,3,'0000-00-00','2016-01-15',2,0.00,0,'0000-00-00','2016-05-18 05:00:20','2016-05-18 05:03:14',2),(384,'nafte per ngrohje/cermjan','003193',1,3,993.60,3,4,NULL,3,'0000-00-00','2016-01-15',2,0.00,0,'0000-00-00','2016-05-18 05:02:08','2016-05-18 05:02:08',2),(385,'NAFTE PER NGROHJE/SKIVJAN','002903',1,3,828.00,3,4,NULL,3,'0000-00-00','2016-02-01',2,0.00,0,'0000-00-00','2016-05-18 05:06:49','2016-05-18 05:06:49',2),(386,'NAFTE PER NGROHJE/QMF QABRATI','002904',1,3,828.00,3,4,NULL,3,'0000-00-00','2016-02-01',2,0.00,0,'0000-00-00','2016-05-18 05:09:26','2016-05-18 05:09:26',2),(387,'NAFTE PER NGROHJE /QKMF','002908',1,3,1656.00,3,4,NULL,3,'0000-00-00','2016-02-01',2,0.00,0,'0000-00-00','2016-05-18 05:13:17','2016-05-18 05:13:17',2),(388,'DERIVATE PER AUTOMJ./QKMF','216/16',1,4,698.61,3,4,NULL,3,'0000-00-00','2016-01-31',2,0.00,0,'0000-00-00','2016-05-18 05:21:45','2016-05-18 05:48:56',2),(389,'BARNA EMERGJENTE','1-315',1,60,200.00,96,4,NULL,3,'0000-00-00','2016-02-16',2,0.00,0,'0000-00-00','2016-05-18 05:35:41','2016-05-18 05:35:41',2),(390,'MIRMEMB.AUTOMJETEVE','08/16',1,25,256.00,95,4,NULL,3,'0000-00-00','2016-01-25',2,0.00,0,'0000-00-00','2016-05-18 05:38:54','2016-05-18 05:38:54',2),(391,'NAFTE PER NGROHJE/QKMF','474/16',1,3,2484.00,3,4,NULL,3,'0000-00-00','2016-02-16',2,0.00,0,'0000-00-00','2016-05-18 05:42:25','2016-05-18 05:42:25',2),(392,'Mbështjellësa të lëndëve A3 formular','149/2016',1,1,500.00,4,1,2,1,'2016-05-18','2016-05-10',1,500.00,0,'0000-00-00','2016-05-18 05:43:03','2016-05-18 05:43:03',0),(393,'Material zyrtar për nevojat e komunës së Gjakovës','416/10',1,1,99.40,1,1,2,1,'2016-07-12','2016-04-23',1,99.40,0,'0000-00-00','2016-05-18 05:45:20','2016-07-13 05:17:54',0),(394,'SHPALLJE E KONKURSIT','0045/16',1,89,25.00,97,4,NULL,3,'0000-00-00','2016-01-15',2,0.00,0,'0000-00-00','2016-05-18 05:47:06','2016-05-18 05:47:06',2),(396,'DERIV.PER AUTOMJ.02/16','522/16',1,4,752.76,3,4,NULL,3,'0000-00-00','2016-02-29',2,0.00,0,'0000-00-00','2016-05-18 05:57:05','2016-05-18 05:57:05',2),(397,'MATERJAL YRTARE','00974',1,60,88.00,38,4,NULL,3,'0000-00-00','2016-02-23',2,0.00,0,'0000-00-00','2016-05-18 06:09:35','2016-05-18 06:09:35',2),(398,'MATERJAL ZYRTARE','00973',1,60,94.50,38,4,NULL,3,'0000-00-00','2016-02-23',2,0.00,0,'0000-00-00','2016-05-18 06:12:41','2016-05-18 06:12:41',2),(399,'MATERJAL MJEKSOR/URGJENCA','00972',1,60,99.00,38,4,NULL,3,'0000-00-00','2016-02-23',2,0.00,0,'0000-00-00','2016-05-18 06:21:23','2016-05-18 06:21:23',2),(400,'KONKURS','0263/16',1,89,25.00,97,4,NULL,3,'0000-00-00','2016-03-17',2,0.00,0,'0000-00-00','2016-05-18 06:24:11','2016-05-18 06:24:11',2),(401,'BARNA EMERGJENTE','1-529',1,60,250.80,96,4,NULL,3,'0000-00-00','2016-03-14',2,0.00,0,'0000-00-00','2016-05-18 06:26:02','2016-05-18 06:26:02',2),(402,'REXH.DHE SIG.AUTOMJ./FORD TRANS07-806-AI','160290',1,31,293.58,34,4,NULL,2,'0000-00-00','2016-04-04',1,0.00,0,'0000-00-00','2016-05-18 06:30:26','2017-05-05 10:42:05',2),(403,'REXH.DHE SIG.AUTOMJ.OPEL ZAFIRA 07-641-AI','160264',1,31,273.40,34,4,NULL,3,'0000-00-00','2016-03-29',2,0.00,0,'0000-00-00','2016-05-18 06:35:47','2016-05-18 06:35:47',2),(404,'KONKURSE','16-210-001-304',1,89,60.00,64,4,NULL,3,'0000-00-00','2016-03-30',2,0.00,0,'0000-00-00','2016-05-18 06:39:30','2016-05-18 06:39:30',2),(405,'REAGENSA','1276',1,60,3094.63,59,4,NULL,3,'0000-00-00','2016-03-21',2,0.00,0,'0000-00-00','2016-05-18 06:45:28','2016-05-18 06:45:28',2),(406,'REAGENSA','388/2',1,60,3577.70,59,4,NULL,3,'0000-00-00','2015-06-08',2,0.00,0,'0000-00-00','2016-05-18 06:51:01','2016-05-18 06:51:01',2),(407,'REAGENSA','388/3',1,60,4767.44,59,4,NULL,3,'0000-00-00','2015-06-08',2,0.00,0,'0000-00-00','2016-05-18 10:23:28','2016-05-18 10:23:28',2),(408,'SHPALLJA E KONKURSIT','0045/16',1,89,25.00,97,4,NULL,3,'0000-00-00','2016-01-15',2,0.00,0,'0000-00-00','2016-05-18 10:25:18','2016-05-18 10:25:18',2),(409,'BARNA EMERGJENTE','1-936',1,60,288.50,96,4,NULL,3,'0000-00-00','2016-04-04',2,0.00,0,'0000-00-00','2016-05-18 10:27:31','2016-05-18 10:27:31',2),(410,'MATERJAL ZYRTARE','115/2016',1,43,1800.00,4,4,NULL,1,'0000-00-00','2016-04-19',1,1800.00,0,'0000-00-00','2016-05-18 10:30:35','2017-03-21 13:12:27',2),(411,'derivatet per automj.04/16','1308/16',1,4,765.85,3,4,NULL,3,'0000-00-00','2016-04-30',1,765.85,0,'0000-00-00','2016-05-18 11:18:20','2016-05-18 11:18:20',2),(413,'sanimi I rrugeve me asphalt, ne rruget:\" Gjon N. Kazazi, Martiret e Kombit-27 Prilli, SkenderBeu, te rruga e Cabratit, te Bulevardi dhe te shkolla Hyzni Zajmi\"','100258, 100259, 100260, 100261, 100262 dhe 100263',2,119,22920.02,83,5,11,3,'0000-00-00','2016-05-18',1,22920.02,0,'0000-00-00','2016-05-19 05:30:27','2016-05-20 05:23:42',0),(414,'Vendosja dhe heqja e alarmit vëzhgues','Pa numër',1,20,80.00,46,1,2,1,'2016-02-12','2016-02-12',1,80.00,0,'0000-00-00','2016-05-20 05:17:08','2016-05-20 05:17:08',0),(415,'Mirëmbajtja e objektit','Pa numër',1,20,43.90,47,1,2,1,'2016-02-12','2016-02-12',1,43.90,0,'0000-00-00','2016-05-20 05:18:16','2016-05-20 05:18:16',0),(416,'Mirëmbajtja e objektit - rregullimi i xhamave','Pa numër',1,20,47.00,99,1,2,1,'2016-02-12','2016-02-12',1,47.00,0,'0000-00-00','2016-05-20 05:20:17','2016-05-20 05:20:17',0),(417,'Udhëtim zyrtar në Prishtinë - Lumnije Shllaku','Pa numër',1,46,19.80,31,1,2,1,'2016-02-12','2016-02-12',1,19.80,0,'0000-00-00','2016-05-20 05:22:08','2016-05-20 05:22:08',0),(418,'Mirëmbajtja e objektit','Pa numër',1,20,58.70,48,1,2,1,'2016-02-12','2016-02-12',1,58.70,0,'0000-00-00','2016-05-20 05:23:16','2016-05-20 05:23:16',0),(419,'Udhëtim zyrtar në Prishtinë - Erlinda Rizvanolli','Pa numër',1,46,19.80,29,1,2,1,'2016-02-12','2016-02-12',1,19.80,0,'0000-00-00','2016-05-20 05:24:41','2016-05-20 05:24:41',0),(420,'Udhëtim zyrtar në Prishtinë - Arber Gola','Pa numër',1,46,16.00,30,1,2,1,'2016-02-12','2016-02-12',1,16.00,0,'0000-00-00','2016-05-20 05:27:06','2016-05-20 05:27:06',0),(421,'Material Zyrtar','Pa numër',1,1,7.80,57,1,2,1,'2016-02-12','2016-02-12',1,7.80,0,'0000-00-00','2016-05-20 05:29:44','2016-05-20 05:29:44',0),(422,'Blerja e tjegullave','Pa numër',1,20,13.50,49,1,2,1,'2016-02-12','2016-02-12',1,13.50,0,'0000-00-00','2016-05-20 05:30:41','2016-05-20 05:30:41',0),(423,'Shpenzime të reprezentacionit','Pa numër',1,2,8.50,50,1,2,1,'2016-02-12','2016-02-15',1,8.50,0,'0000-00-00','2016-05-20 05:35:06','2016-05-23 06:39:36',0),(424,'bravë per DZHE','',1,23,7.00,47,12,12,3,'2016-05-13','2016-04-28',1,7.00,0,'0000-00-00','2016-05-20 10:21:57','2016-05-20 10:21:57',0),(425,'derivate per nevojat e DZHE','1300/16  1100',1,4,56.76,3,12,12,3,'2016-05-11','0000-00-00',1,56.76,0,'0000-00-00','2016-05-20 10:25:22','2016-05-20 10:25:22',0),(426,'internet per zyren multifunksionale','',1,30,22.88,6,12,12,3,'2016-05-19','2016-04-01',1,22.88,0,'0000-00-00','2016-05-20 10:28:09','2016-05-20 10:28:09',0),(427,'Material i shtypur - Printim bardh e zi dhe colour','Pa numër',1,1,49.05,51,1,2,1,'2016-02-15','2016-02-15',1,49.05,0,'0000-00-00','2016-05-23 06:41:04','2016-05-23 06:41:04',0),(428,'Blejra e silikon Wc guac','Pa numër',1,20,27.00,52,1,2,1,'2016-02-16','2016-02-16',1,27.00,0,'0000-00-00','2016-05-23 06:42:31','2016-05-23 06:42:31',0),(429,'Mirëmbajtja e objektit','Pa numër',1,20,8.95,47,1,2,1,'2016-02-16','2016-02-16',1,8.95,0,'0000-00-00','2016-05-23 07:37:46','2016-05-23 07:37:46',0),(430,'Pagese per mbeturina','109/4/16',3,13,36.32,12,10,14,1,'0000-00-00','2016-05-19',1,36.32,0,'0000-00-00','2016-05-23 09:15:55','2016-05-23 09:28:09',0),(431,'pages mbeturinave','109/12/15',3,13,36.32,12,10,14,1,'0000-00-00','2016-01-25',1,36.32,0,'0000-00-00','2016-05-23 09:27:55','2016-05-23 09:28:58',0),(432,'shp.rrymes 12/15','9003168',3,5,76.12,5,4,NULL,1,'2016-02-16','2015-12-31',1,76.12,0,'0000-00-00','2016-05-23 09:51:00','2016-05-23 09:51:00',2),(433,'shp.rrymes 12/15','9003676',3,5,255.72,5,4,NULL,1,'2016-02-12','2015-12-31',1,255.72,0,'0000-00-00','2016-05-23 09:53:24','2016-05-23 09:53:24',2),(434,'shp.rrymes 12/15','9003914',3,5,638.81,5,4,NULL,1,'2016-02-16','2015-12-31',1,638.81,0,'0000-00-00','2016-05-23 09:55:35','2016-05-23 09:55:35',2),(435,'shp.rrymes 12/15','9005047',3,5,229.53,5,4,NULL,1,'2016-02-16','2015-12-31',1,229.53,0,'0000-00-00','2016-05-23 09:57:46','2016-05-23 09:57:46',2),(436,'shp.rrymes 12/15','9005145',3,5,288.50,5,4,NULL,1,'2016-02-16','2015-12-31',1,288.50,0,'0000-00-00','2016-05-23 10:00:00','2016-05-23 10:02:00',2),(437,'shp.rrymes 12/15','9005188',3,5,215.76,5,4,NULL,1,'2016-02-16','2015-12-31',1,215.76,0,'0000-00-00','2016-05-23 10:06:54','2016-05-23 10:06:54',2),(438,'shp.rrymes 12/15','9005287',3,5,44.44,5,4,NULL,1,'2016-02-16','2015-12-31',1,44.44,0,'0000-00-00','2016-05-23 10:12:21','2016-05-23 10:12:21',2),(439,'shp.rrymes 12/15','9005351',3,5,61.98,5,4,NULL,1,'2016-02-16','2015-12-31',1,61.98,0,'0000-00-00','2016-05-23 10:18:40','2016-05-23 10:18:40',2),(440,'shp.rrymes 12/15','9022514',3,5,40.76,5,4,NULL,1,'2016-02-16','2015-12-31',1,40.76,0,'0000-00-00','2016-05-23 10:22:35','2016-06-16 11:07:02',2),(441,'shp.rrymes 12/15','9024948',3,5,208.71,5,4,NULL,1,'2016-02-16','2015-12-31',1,208.71,0,'0000-00-00','2016-05-23 10:33:25','2016-05-23 10:33:25',2),(442,'shp.rrymes 12/15','90310415',3,5,133.22,5,4,NULL,1,'2016-02-16','2015-12-31',1,133.22,0,'0000-00-00','2016-05-23 10:40:51','2016-05-23 10:40:51',2),(443,'derivate','3767/15',1,4,60.98,3,10,14,1,'0000-00-00','2016-01-25',1,60.98,0,'0000-00-00','2016-05-23 10:43:40','2016-05-23 10:43:40',0),(444,'furnizimi me matrial zyrtar','805/15',1,1,483.00,1,10,14,1,'0000-00-00','2015-12-18',1,483.00,0,'0000-00-00','2016-05-23 10:50:50','2016-05-23 10:50:50',0),(445,'shp.rrymes 12/15','9036889',3,5,157.19,5,4,NULL,1,'2016-02-16','2015-12-31',1,157.19,0,'0000-00-00','2016-05-23 10:58:24','2016-05-23 10:58:24',2),(446,'rregullimi i kompjuterit','104',1,43,50.00,16,10,14,1,'0000-00-00','2015-12-14',1,50.00,0,'0000-00-00','2016-05-23 10:58:48','2016-05-23 10:58:48',0),(447,'matrial zyrtar','1001/2015',1,43,57.32,11,10,14,1,'0000-00-00','2015-12-16',1,57.32,0,'0000-00-00','2016-05-23 11:01:48','2016-05-23 11:01:48',0),(448,'shp.rrymes 12/15','9005101',3,5,129.90,5,4,NULL,1,'2016-02-16','2015-12-31',1,129.90,0,'0000-00-00','2016-05-23 11:06:10','2016-05-23 11:06:10',2),(449,'shpenzime mujore','6518/2015',1,2,13.00,28,10,14,1,'0000-00-00','2016-01-25',1,13.00,0,'0000-00-00','2016-05-23 11:07:13','2016-05-23 11:07:13',0),(450,'shp.rrymes 12/15','9005231',3,5,46.03,5,4,NULL,1,'2016-02-16','2015-12-26',1,46.03,0,'0000-00-00','2016-05-23 11:10:04','2016-05-23 11:10:04',2),(451,'shp.rrymes 12/15','9022268',3,5,14.96,5,4,NULL,1,'2016-02-16','2015-12-31',1,14.96,0,'0000-00-00','2016-05-23 11:12:23','2016-05-23 11:12:23',2),(452,'hapja e petikeshit','7/2016',1,40,300.00,28,10,14,1,'0000-00-00','2016-01-25',1,300.00,0,'0000-00-00','2016-05-23 11:12:39','2016-05-23 11:12:39',0),(453,'matrial zyrtar','897/16',1,43,99.20,38,10,14,1,'0000-00-00','2016-01-27',1,99.20,0,'0000-00-00','2016-05-23 11:16:02','2016-05-23 11:16:02',0),(454,'shpenzime mujore','6520/2016',1,2,50.00,28,10,14,1,'0000-00-00','2016-01-27',1,50.00,0,'0000-00-00','2016-05-23 11:20:31','2016-05-23 11:20:31',0),(455,'pastrimi i objektit','03/16',1,76,150.93,18,10,14,1,'0000-00-00','2016-01-27',1,150.93,0,'0000-00-00','2016-05-23 11:33:55','2016-05-23 11:33:55',0),(456,'pastrimi i objektit','03/16',1,76,150.93,18,10,14,1,'0000-00-00','2016-01-27',1,150.93,0,'0000-00-00','2016-05-23 11:36:12','2016-05-23 11:36:12',0),(457,'pastrimi i objektit','03/16',1,76,150.93,18,10,14,1,'0000-00-00','2016-01-27',1,150.93,0,'0000-00-00','2016-05-23 11:38:18','2016-05-23 11:38:18',0),(458,'ushqim dhe pije per musafir','3102/2015',1,2,84.30,93,10,14,1,'0000-00-00','2016-01-29',1,84.30,0,'0000-00-00','2016-05-23 11:42:37','2016-05-23 11:42:37',0),(459,'shp.rymes 12/15','90252205',3,5,39.18,5,4,NULL,1,'2016-02-18','2015-12-31',1,39.18,0,'0000-00-00','2016-05-23 11:45:44','2016-05-23 11:45:44',2),(460,'karburant per dalje ne teren','3352/15',1,4,359.71,3,10,14,1,'0000-00-00','2016-01-29',1,359.71,0,'0000-00-00','2016-05-23 11:47:06','2016-05-23 11:47:06',0),(461,'shp.rymes 12/15','9005211',3,5,10.91,5,4,NULL,1,'2016-02-18','2015-12-31',1,10.91,0,'0000-00-00','2016-05-23 11:54:47','2016-05-23 11:54:47',2),(462,'montimi dhe rregullimit i dyerve dhe xhamit','4/A',1,27,354.00,93,10,14,1,'0000-00-00','2016-01-29',1,354.00,0,'0000-00-00','2016-05-24 06:10:16','2016-05-24 06:10:16',0),(463,'blerja e kurora','107/108/109-2015',1,27,170.00,17,10,14,1,'0000-00-00','2016-01-29',1,170.00,0,'0000-00-00','2016-05-24 06:26:08','2016-05-24 06:26:08',0),(464,'paga sipas kontrates per pune te kryera','01-112-4870',1,27,250.00,93,10,14,1,'0000-00-00','2016-01-28',1,250.00,0,'0000-00-00','2016-05-24 06:33:20','2016-05-24 06:33:20',0),(465,'per kyqjen e objektit fiber-internet','20',1,53,970.00,93,10,14,1,'0000-00-00','2016-02-08',1,970.00,0,'0000-00-00','2016-05-24 06:38:54','2016-05-24 06:38:54',0),(466,'shpenzimi i ngrohjes per muajin Janar','16-220-001-48',3,39,583.28,43,10,14,1,'0000-00-00','2016-02-08',1,583.28,0,'0000-00-00','2016-05-24 06:42:14','2016-05-24 06:42:14',0),(467,'vendimi perfundimtar Zidi i Sadik Ages\r\nshpronesim','53',1,22,92.00,21,10,14,1,'0000-00-00','2016-02-08',1,92.00,0,'0000-00-00','2016-05-24 06:47:43','2016-05-24 06:47:43',0),(468,'kurora-lule','98/2015',1,27,200.00,17,10,14,1,'0000-00-00','2016-02-08',1,200.00,0,'0000-00-00','2016-05-24 06:50:31','2016-05-24 06:50:31',0),(469,'paga per sigurimin fizik te objektit','',1,27,123.20,41,10,14,1,'0000-00-00','2016-02-08',1,123.20,0,'0000-00-00','2016-05-24 06:57:58','2016-05-24 06:57:58',0),(470,'shpenzimi i mbeturinave','109/1/16',3,13,36.32,12,10,14,1,'0000-00-00','2016-02-16',1,36.32,0,'0000-00-00','2016-05-24 07:38:28','2016-05-24 07:38:28',0),(471,'furnizimi me pausa A4','',1,1,95.00,38,10,14,1,'0000-00-00','2016-02-16',1,95.00,0,'0000-00-00','2016-05-24 07:41:07','2016-05-24 07:41:07',0),(472,'paisje me pausa','908',1,1,95.00,38,10,14,1,'0000-00-00','2016-02-16',1,95.00,0,'0000-00-00','2016-05-24 07:45:22','2016-05-24 07:45:22',0),(473,'shpenzime mujore te drejtoris','6551',1,2,43.00,93,10,14,1,'0000-00-00','2016-02-26',1,43.00,0,'0000-00-00','2016-05-24 07:49:12','2016-05-24 07:49:12',0),(474,'mirembajtja dhe pastrimi i objektit\r\nshtojc e fatures','12',1,20,3.01,18,10,14,1,'0000-00-00','2016-03-01',1,3.01,0,'0000-00-00','2016-05-24 07:53:24','2016-05-24 07:53:24',0),(475,'paga per sigurimin fizik te objektit','157',1,27,347.20,41,10,14,1,'0000-00-00','2016-03-02',1,347.20,0,'0000-00-00','2016-05-24 07:59:47','2016-05-24 07:59:47',0),(476,'shpenzimi per ngrohje','16-220-001-422',3,39,583.28,43,10,14,1,'0000-00-00','2016-03-02',1,583.28,0,'0000-00-00','2016-05-24 09:05:41','2016-05-24 09:05:41',0),(477,'shpenzimi mujor i telefonave','5500255121637',3,55,39.95,6,10,14,1,'0000-00-00','2016-03-02',1,39.95,0,'0000-00-00','2016-05-24 09:10:49','2016-05-24 09:10:49',0),(478,'shpenzimi i rrumes per muajin shkurt/2016','5732197',3,5,1027.70,84,10,14,1,'0000-00-00','2016-03-09',1,1027.70,0,'0000-00-00','2016-05-24 09:13:30','2016-05-24 09:13:30',0),(479,'shpenzimi per rregullimin e radiatoreve ','600275227',1,21,11.00,93,10,14,1,'0000-00-00','2016-03-09',1,11.00,0,'0000-00-00','2016-05-24 09:25:22','2016-05-24 09:25:22',0),(480,'shpenzimi i derivateve per dalje ne teren','538',1,4,39.08,3,10,14,1,'0000-00-00','2016-03-14',1,39.08,0,'0000-00-00','2016-05-24 09:55:51','2016-05-24 09:55:51',0),(481,'shpenzime mujore te drejtoris','6522',1,2,50.00,93,10,14,1,'0000-00-00','2016-03-14',1,50.00,0,'0000-00-00','2016-05-24 09:57:56','2016-05-24 09:57:56',0),(482,'shpenzim mbeturinat','109/2',3,13,36.32,12,10,14,1,'0000-00-00','2016-03-14',1,36.32,0,'0000-00-00','2016-05-24 09:59:55','2016-05-24 09:59:55',0),(483,'sherbime gjyqesore','C.nr120 depozit-kodi-0800',1,54,500.00,93,10,14,1,'0000-00-00','2016-03-16',1,500.00,0,'0000-00-00','2016-05-24 10:09:55','2016-05-24 10:09:55',0),(484,'ushqim dhe pije','',1,2,28.00,93,10,14,1,'0000-00-00','2016-03-21',1,28.00,0,'0000-00-00','2016-05-24 10:19:48','2016-05-24 10:19:48',0),(485,'furnizim pastrimi','kupon fiskal',1,61,9.20,57,10,14,1,'0000-00-00','2016-03-21',1,9.20,0,'0000-00-00','2016-05-24 10:22:40','2016-05-24 10:22:40',0),(486,'shpenzimi i rrumes','5762567',3,5,323.33,84,10,14,1,'0000-00-00','2016-03-24',1,323.33,0,'0000-00-00','2016-05-24 10:25:32','2016-05-24 10:25:32',0),(487,'shtes e fatures per mirembajtje te objektit','42',1,20,3.00,18,10,14,1,'0000-00-00','2016-03-31',1,3.00,0,'0000-00-00','2016-05-24 10:28:05','2016-05-24 10:28:05',0),(488,'Udhëtim zyrtar në Prishtinë - Erlinda Rizvanolli','Pa numër',1,46,8.00,29,1,2,1,'2016-03-11','2016-03-11',1,8.00,0,'0000-00-00','2016-05-25 05:17:28','2016-05-25 05:17:28',0),(489,'Rregullimi i tabelave në Këshillin e vjetër','Pa numër',1,20,90.00,53,1,2,1,'2016-03-11','2016-03-11',1,90.00,0,'0000-00-00','2016-05-25 05:18:29','2016-05-25 05:18:29',0),(490,'Larja e automjetit','Pa numër',1,25,3.00,54,1,2,1,'2016-03-11','2016-03-11',1,3.00,0,'0000-00-00','2016-05-25 05:20:57','2016-05-25 05:20:57',0),(491,'Mirëmbajtja e objektit','Pa numër',1,20,10.00,55,1,2,1,'2016-03-11','2016-03-11',1,10.00,0,'0000-00-00','2016-05-25 05:21:52','2016-05-25 05:21:52',0),(492,'Mirëmbajtja e objektit','Pa numër',1,20,17.50,55,1,2,1,'2016-03-11','2016-03-11',1,17.50,0,'0000-00-00','2016-05-25 05:22:29','2016-05-25 05:22:29',0),(493,'Vendosja dhe heqja e alarmit vëzhgues','Pa numër',1,20,60.00,46,1,2,1,'2016-03-14','2016-03-14',1,60.00,0,'0000-00-00','2016-05-25 05:23:36','2016-05-25 05:23:53',0),(494,'Blerja e tastierës','Pa numër',1,1,5.00,1,1,2,1,'2016-03-14','2016-03-14',1,5.00,0,'0000-00-00','2016-05-25 05:26:37','2016-05-25 05:26:37',0),(495,'Furnizim me pije','Pa numër',1,2,9.76,57,1,2,1,'2016-03-23','2016-03-23',1,9.76,0,'0000-00-00','2016-05-25 05:28:41','2016-05-25 05:28:41',0),(496,'Furnizim me ushqim','Pa numër',1,2,20.00,100,1,2,1,'2016-03-23','2016-03-23',1,20.00,0,'0000-00-00','2016-05-25 05:29:33','2016-05-25 05:29:33',0),(497,'Pije dhe ushqim','Pa numër',1,2,34.10,2,1,2,1,'2016-03-23','2016-03-23',1,34.10,0,'0000-00-00','2016-05-25 05:30:48','2016-05-25 05:30:48',0),(498,'Mirëmbajtja e objektit','Pa numër',1,20,20.00,47,1,2,1,'2016-03-23','2016-03-23',1,20.00,0,'0000-00-00','2016-05-25 05:31:44','2016-05-25 05:31:53',0),(499,'shpenzime mujore te drejtoris','6525',1,2,30.00,93,10,14,1,'0000-00-00','2016-04-04',1,30.00,0,'0000-00-00','2016-05-25 05:32:06','2016-05-25 05:32:06',0),(500,'Kabell vazhduese','Pa numër',1,1,12.00,1,1,2,1,'2016-03-23','2016-03-23',1,12.00,0,'0000-00-00','2016-05-25 05:33:18','2016-05-25 05:33:18',0),(501,'shpenzime mujore te drejtoris','6524',1,2,27.80,93,10,14,1,'0000-00-00','2016-03-25',1,27.80,0,'0000-00-00','2016-05-25 05:33:58','2016-05-25 05:33:58',0),(502,'Ventil i ujit','Pa numër',1,20,3.00,52,1,2,1,'2016-03-23','2016-03-23',1,3.00,0,'0000-00-00','2016-05-25 05:34:15','2016-05-25 05:34:15',0),(503,'Verë dhe qokolladë për vizitorët e komunës së Junikut','Pa numër',1,2,14.70,57,1,2,1,'2016-04-04','2016-04-04',1,14.70,0,'0000-00-00','2016-05-25 05:38:08','2016-05-30 07:44:12',0),(504,'Mirëmbajtja e objektit','Pa numër',1,20,52.50,52,1,2,1,'2016-04-13','2016-04-13',1,52.50,0,'0000-00-00','2016-05-25 05:39:02','2016-05-25 05:39:02',0),(505,'Udhëtim zyrtar në Prishtinë - Erlinda Rizvanolli','Pa numër',1,46,19.90,29,1,2,1,'2016-04-15','2016-04-15',1,19.90,0,'0000-00-00','2016-05-25 05:40:20','2016-05-25 05:40:20',0),(506,'shpenzimi per ngrohje','16-220-001-817',3,39,357.49,43,10,14,1,'0000-00-00','2016-04-04',1,357.49,0,'0000-00-00','2016-05-25 05:49:13','2016-05-25 05:49:13',0),(507,'furnizimi me matrial zyrtar','216',10,1,92.00,38,10,14,1,'0000-00-00','2016-04-06',1,92.00,0,'0000-00-00','2016-05-25 05:51:00','2016-05-25 05:51:00',0),(508,'shpenzimi i rrymes','5762567',3,5,1652.51,84,10,14,1,'0000-00-00','2016-04-06',1,1652.51,0,'0000-00-00','2016-05-25 05:52:59','2016-05-25 05:52:59',0),(509,'Material zyrtar','Pa numër',1,1,10.54,1,1,2,1,'2016-04-15','2016-04-15',1,10.54,0,'0000-00-00','2016-05-25 05:53:32','2016-05-25 05:53:32',0),(510,'Material zyrtar','Pa numër',1,1,91.70,1,1,2,1,'2016-04-26','2016-04-26',1,91.70,0,'0000-00-00','2016-05-25 05:55:15','2016-05-25 05:55:15',0),(511,'Mirëmbajtja e objektit','Pa numër',1,20,45.50,48,1,2,1,'2016-04-28','2016-04-28',1,45.50,0,'0000-00-00','2016-05-25 05:56:03','2016-05-25 05:56:03',0),(512,'Mirëmbajtja e objektit','Pa numër',1,20,30.80,47,1,2,1,'2016-04-28','2016-04-28',1,30.80,0,'0000-00-00','2016-05-25 05:56:55','2016-05-25 05:56:55',0),(513,'Mirëmbajtja e objektit','Pa numër',1,20,20.44,58,1,2,1,'2016-05-05','2016-05-05',1,20.44,0,'0000-00-00','2016-05-25 05:58:12','2016-05-25 05:58:12',0),(514,'Montimi, balancimi dhe pikja e gomave','Pa numër',1,25,12.00,68,1,2,1,'2016-05-05','2016-05-05',1,12.00,0,'0000-00-00','2016-05-25 06:00:01','2016-05-25 06:00:01',0),(515,'paga per sigurimin fizik te objektit','233',1,32,1038.40,41,10,14,1,'0000-00-00','2016-04-07',1,1038.40,0,'0000-00-00','2016-05-25 06:00:49','2016-05-25 06:00:49',0),(516,'shpenzimi i derivateve per dalje ne teren','931/16-1100',1,4,75.66,3,10,14,1,'0000-00-00','2016-04-12',1,75.66,0,'0000-00-00','2016-05-25 06:04:45','2016-05-25 06:04:45',0),(517,'mbeturinat','109/3/16',3,13,36.00,12,10,14,3,'0000-00-00','2016-04-12',2,0.00,1,'0000-00-00','2016-05-26 06:32:32','2016-05-26 06:32:32',0),(518,'mbeturinat','109/3/16',3,13,36.32,12,10,14,1,'0000-00-00','2016-04-12',1,36.32,0,'0000-00-00','2016-05-26 06:35:30','2016-05-26 06:35:30',0),(519,'obligime ndaj asociacione te komunave te kosoves','51',3,145,1000.00,93,10,14,1,'0000-00-00','2016-04-15',1,1000.00,1,'0000-00-00','2016-05-26 06:55:08','2016-05-26 06:55:08',0),(520,'pastrimi  i objektit','26/2016',1,20,75.66,18,10,14,1,'0000-00-00','2016-04-19',1,75.66,0,'0000-00-00','2016-05-26 06:59:16','2016-05-26 06:59:16',0),(521,'obligime ndaj asociacion i komunave','51',3,145,1000.00,24,10,14,1,'0000-00-00','2016-04-15',1,1000.00,0,'0000-00-00','2016-05-26 07:03:47','2016-05-26 07:03:47',0),(522,'punimi dhe montimi i raftave per arhive','36507',1,38,99.00,93,10,14,1,'0000-00-00','2016-04-20',1,99.00,0,'0000-00-00','2016-05-26 07:14:25','2016-05-26 07:14:25',0),(523,'ushqim dhe pije per punetor te qabratit','52656',1,2,12.00,93,10,14,1,'0000-00-00','2016-04-29',1,12.00,0,'0000-00-00','2016-05-26 07:17:19','2016-05-26 07:17:19',0),(524,'per nevoja te drejtoris jan blere teketuke','600117396',1,2,19.00,93,10,14,1,'0000-00-00','2016-04-29',1,19.00,0,'0000-00-00','2016-05-26 07:22:20','2016-05-26 07:22:20',0),(525,'punimi dhe montimi i raftave','36503',1,38,99.00,93,10,14,1,'0000-00-00','2016-04-29',1,99.00,0,'0000-00-00','2016-05-26 07:25:17','2016-05-26 07:25:17',0),(527,'Ndeertimi-Asfaltimi I rruges ne fshatin Deve-Lagja Bobi, nr. I kontrates 010','nr. 040',2,119,20000.00,104,5,11,2,'2016-05-24','2016-05-20',1,20000.00,0,'0000-00-00','2016-05-30 05:29:35','2016-05-30 05:29:35',0),(528,'Mirëmbajtja e objektit','Pa numër',1,20,50.00,47,1,2,1,'2016-05-25','2016-05-25',1,50.00,0,'0000-00-00','2016-05-30 06:39:53','2016-05-30 06:39:53',0),(529,'Përkthime anglisht - shqip','Pa numër',1,27,10.00,105,1,2,1,'2016-05-26','2016-05-26',1,10.00,0,'0000-00-00','2016-05-30 06:43:25','2016-05-30 06:43:25',0),(530,'Udhëtim zyrtar në Prishtinë - Erlinda Rizvanolli','Pa numër',1,46,15.50,29,1,2,1,'2016-05-26','2016-05-26',1,15.50,0,'0000-00-00','2016-05-30 06:44:28','2016-05-30 06:44:28',0),(532,'Material zyrtar','416/4',1,1,100.00,1,1,2,1,'2016-05-26','2016-04-11',1,100.00,0,'0000-00-00','2016-05-30 06:54:34','2016-05-30 06:54:34',0),(533,'Fatura e shpenzimeve postare për muajin Prill 2016','4/2016',1,10,304.40,6,1,2,1,'2016-05-25','2016-05-12',1,304.40,0,'0000-00-00','2016-05-30 06:58:16','2016-05-30 06:58:16',0),(534,'Dreka zyrtare me rastin e promovimit së Gjakova Portal','1097',1,9,82.00,50,1,2,1,'2016-05-25','2016-05-06',1,82.00,0,'0000-00-00','2016-05-30 07:02:39','2016-05-30 07:02:39',0),(535,'Material i shtypur për Drejtorinë për Kulturë, Rini dhe Sport','143/2016',1,1,1500.00,4,1,2,1,'2016-05-25','2016-05-05',1,1500.00,0,'0000-00-00','2016-05-30 07:04:48','2016-05-30 07:04:48',0),(536,'Mirëmbajtja e objektit - Pastrueset Prill 2016','27/16',1,20,473.71,18,1,2,1,'2016-04-20','2016-04-18',1,473.71,0,'0000-00-00','2016-05-30 07:09:04','2016-05-30 07:09:04',0),(537,'Udhëtim zyrtar në Malin e Zi - Armend Vokshi','Grup Fakturash',1,28,65.05,60,1,2,1,'2016-05-19','2016-05-16',1,65.05,0,'0000-00-00','2016-05-30 07:16:18','2016-05-30 07:16:18',0),(538,'Material zyrtar','416/8',1,1,99.80,1,1,2,1,'2016-07-12','2016-04-20',1,99.80,0,'0000-00-00','2016-05-30 07:21:09','2016-07-13 05:22:19',0),(539,'Material zyrtar','416/7',1,1,99.50,1,1,2,1,'0000-00-00','2016-04-18',1,99.50,0,'0000-00-00','2016-05-30 07:22:08','2016-06-24 06:05:50',0),(540,'Material Zyrtar','416/6',1,1,99.20,1,1,2,1,'2016-07-12','2016-04-15',1,99.20,0,'0000-00-00','2016-05-30 07:22:51','2016-07-13 05:15:56',0),(541,'Material zyrtar','416/5',1,1,99.80,1,1,2,1,'2016-08-12','2016-03-13',1,99.80,0,'0000-00-00','2016-05-30 07:23:26','2016-11-03 09:01:16',0),(542,'Material zyrtar','416/3',1,1,99.90,1,1,2,1,'0000-00-00','2016-04-08',1,99.90,0,'0000-00-00','2016-05-30 07:24:17','2016-06-24 06:07:55',0),(543,'Material zyrtar','416/2',1,1,99.00,1,1,2,1,'2016-08-12','2016-04-04',1,99.00,0,'0000-00-00','2016-05-30 07:25:09','2016-11-03 09:01:01',0),(544,'Material i shtypur për nevojat e Komunës së Gjakovës','101/2016',1,1,6950.00,4,1,2,1,'2016-05-10','2016-04-04',1,6950.00,0,'0000-00-00','2016-05-30 07:45:38','2016-05-30 07:45:38',0),(545,'Material zyrtar','473',1,1,99.70,1,1,2,1,'2016-05-26','2016-05-16',1,99.70,0,'0000-00-00','2016-05-31 05:58:58','2016-05-31 05:58:58',0),(546,'Zotim për certifikata për zyrën e gjendjes civile','',1,NULL,0.00,NULL,1,2,1,'0000-00-00','2016-04-22',4,2000.00,0,'0000-00-00','2016-05-31 06:05:02','2016-05-31 06:05:57',0),(547,'Fatura e rrymes për muajin Janar në zyrën e gjendjes civile - Orize','5647346',3,5,41.85,5,1,2,1,'2016-02-09','2015-12-30',1,41.85,0,'0000-00-00','2016-05-31 06:21:11','2016-07-21 06:15:30',0),(549,'sigurimi fizik i objektit','311',1,27,1.00,41,10,14,1,'0000-00-00','2016-05-03',1,1.00,0,'0000-00-00','2016-05-31 06:26:45','2016-05-31 06:26:45',0),(550,'me kerkes te krimeve ekonomike -Prishtine','94',1,1,30.00,38,10,14,1,'0000-00-00','2016-04-24',1,30.00,0,'0000-00-00','2016-05-31 06:30:41','2016-05-31 06:30:41',0),(551,'pastrimi i objektit','21',1,20,66.68,93,10,14,1,'0000-00-00','2016-05-10',1,66.68,0,'0000-00-00','2016-05-31 06:33:27','2016-05-31 06:33:27',0),(552,'per dalje ne teren','',1,4,20.44,3,10,14,1,'0000-00-00','2016-05-10',1,20.44,1,'0000-00-00','2016-05-31 06:36:03','2016-05-31 06:36:03',0),(553,'per dalje ne teren','1297/16-1100',1,4,20.44,3,10,14,1,'0000-00-00','2016-05-10',1,20.44,0,'0000-00-00','2016-05-31 06:38:42','2016-05-31 06:38:42',0),(554,'shpenzim i rrymes','5834992',3,5,514.02,84,10,14,1,'0000-00-00','2016-05-12',1,514.02,0,'0000-00-00','2016-05-31 06:41:51','2016-05-31 06:41:51',0),(555,'bartja e dokumentacionit te drejtoris prej nje ndertese ne tjeter','109/4-2016',3,13,316.20,85,10,14,1,'0000-00-00','2016-05-12',1,316.20,0,'0000-00-00','2016-05-31 06:46:36','2016-05-31 06:46:36',0),(556,'shpenzime  telefonike','5500255121655',3,6,159.80,6,10,14,1,'0000-00-00','2016-05-17',1,159.80,0,'0000-00-00','2016-05-31 06:49:34','2016-05-31 06:49:34',0),(557,'Karburant për vetura - Prill 2016','1293/16',1,4,171.68,3,1,2,1,'2016-05-11','2016-04-30',1,171.68,0,'0000-00-00','2016-05-31 07:19:34','2016-05-31 07:19:34',0),(558,'Avans për udhëtim zyrtar në Stamboll në Turqi prej datës 5 Qershor 2016 deri më 10 Qershor 2016 - Armend Vokshi ','',1,NULL,0.00,NULL,1,2,1,'0000-00-00','2016-05-30',4,250.00,0,'0000-00-00','2016-05-31 07:26:27','2016-05-31 07:26:27',0),(559,'Pastrimi i lumit të Lukacit','21/2014',1,29,1856.00,75,13,18,1,'2016-02-05','2014-07-31',1,1856.00,0,'0000-00-00','2016-06-01 06:18:59','2016-06-01 06:38:06',0),(560,'Karburant për vetura për muajin Nëntor - 2015','3350/15 1100',1,4,134.56,3,13,18,1,'2016-02-08','2015-11-30',1,134.56,0,'0000-00-00','2016-06-01 06:25:46','2016-06-01 06:25:46',0),(561,'Karburant për vetura Dhjetor - 2015','3769/15 1100',1,4,137.12,3,13,18,1,'2016-02-08','2015-12-31',1,137.12,0,'0000-00-00','2016-06-01 06:29:13','2016-06-01 06:29:13',0),(562,'Koktel për mysafir me rastin e përvjetorit të rënjes së dëshmorëve Elton Zherka dhe Përmet Vula ku të ftuar ishin 100 persona','3848',1,9,850.00,25,13,18,1,'2016-02-23','2015-08-11',1,850.00,0,'0000-00-00','2016-06-01 06:32:58','2016-06-01 06:32:58',0),(563,'Fatura e pagesës për shtypin ditor','00015530',1,29,126.00,106,13,18,1,'2016-02-23','2015-12-31',1,126.00,0,'0000-00-00','2016-06-01 06:37:26','2016-06-01 06:37:26',0),(564,'Ushqim dhe pije për mysafirët për zyrën e kryetares','0017687',1,9,171.50,107,13,18,1,'2016-02-29','2015-10-10',1,171.50,0,'0000-00-00','2016-06-01 06:41:59','2016-06-01 06:41:59',0),(565,'Ushqim dhe pije për mysafirët nga kabineti i kryetares','0036145',1,9,139.00,107,13,18,1,'2016-02-23','2016-04-26',1,139.00,0,'0000-00-00','2016-06-01 06:45:30','2016-06-01 06:45:30',0),(566,'Karburant per vetura per muajin Janar-2016','205/16 1100',1,4,115.66,3,13,18,1,'2016-02-29','2016-01-31',1,115.66,0,'0000-00-00','2016-06-01 06:52:14','2016-06-01 06:52:14',0),(567,'Karburant per vetura per muajin Shkurt-2016','539/16 1100',1,4,107.61,3,13,18,1,'2016-03-21','2016-02-29',1,107.61,0,'0000-00-00','2016-06-01 06:57:27','2016-06-01 06:57:27',0),(568,'ZOTIM I MJETEVE -SHPALLJA E TENDERIT  PER \"MBIKQYRJA PROFESIONALE E PROJEKTEVE KAPITALE NE KOMUNE\"','',1,27,3000.00,28,5,11,3,'0000-00-00','0000-00-00',2,0.00,0,'0000-00-00','2016-06-07 07:08:51','2016-06-07 07:08:51',0),(569,'punime me sadolin dhe fasadeks zyrja (Konsullata e Shqiperisë)','',1,NULL,0.00,NULL,12,12,1,'0000-00-00','2016-04-28',4,750.00,0,'0000-00-00','2016-06-07 11:04:21','2016-06-07 11:04:21',0),(570,'ngjyrosje me polikullor ne zyren (Konsullata e Shqiperisë)','',1,NULL,0.00,NULL,12,12,1,'0000-00-00','2016-04-28',4,1490.00,0,'0000-00-00','2016-06-07 11:06:03','2016-06-07 11:06:03',0),(573,'shpenzim per mbeturina','109/4/16',3,4,36.32,85,10,14,1,'0000-00-00','2016-05-19',1,36.32,0,'0000-00-00','2016-06-13 06:13:22','2016-06-13 06:13:22',0),(574,'paga mujore per mirembajtje te objektit','30/16',1,20,125.03,93,10,14,1,'0000-00-00','2016-05-23',1,125.03,0,'0000-00-00','2016-06-13 06:17:33','2016-06-13 06:17:33',0),(575,'me kerkese te krimeve ekonomike jane bere  fotokopje\r\nte lendeve','16',1,1,88.50,38,10,14,1,'0000-00-00','2016-05-17',1,88.50,0,'0000-00-00','2016-06-13 06:21:14','2016-06-13 06:21:14',0),(576,'paga mujore per sekuritin per 4 punetore','385',1,20,1388.80,27,10,14,1,'0000-00-00','2016-05-31',1,1388.80,0,'0000-00-00','2016-06-13 06:28:38','2016-06-13 06:28:38',0),(577,' borxh gjysem page per nje punetor','51',1,20,125.00,41,10,14,1,'0000-00-00','2016-05-31',1,125.00,0,'0000-00-00','2016-06-13 06:34:04','2016-06-13 06:34:04',0),(578,'shpenzimi i rrymes','5865188',3,5,99.94,84,10,14,1,'0000-00-00','2016-05-21',1,99.94,0,'0000-00-00','2016-06-13 06:36:07','2016-06-13 06:36:07',0),(579,'SIG.FIZ.OBJ.01-15.01.2016','',1,1,0.00,1,4,NULL,1,'2016-03-15','2016-06-09',1,125.00,0,'0000-00-00','2016-06-16 07:13:09','2017-03-06 13:16:21',1),(580,'SIG.FIZ.OBJ.01-16.01.2016','',1,1,0.00,1,4,NULL,1,'2016-07-09','2016-06-09',1,125.00,0,'0000-00-00','2016-06-16 07:13:43','2017-03-06 13:15:38',1),(581,'AVANS PER UDHETIM ZYRTARE','',1,1,0.00,1,4,NULL,1,'2016-05-30','2016-04-13',1,251.00,0,'0000-00-00','2016-06-16 07:15:06','2017-03-06 13:14:59',1),(583,'PUBLIKIM','',1,1,0.00,1,4,NULL,1,'2016-07-30','2016-06-15',1,50.00,0,'0000-00-00','2016-06-16 07:18:54','2017-03-06 13:14:22',1),(584,'DERIV.AUT.03/16','928/16',1,4,113.54,3,4,NULL,1,'2016-05-05','2016-03-31',1,113.54,0,'0000-00-00','2016-06-16 07:39:03','2016-06-16 07:39:03',3),(585,'MBYLLJA E KREDIT KARTELES ','2016-180659',1,50,369.28,39,4,NULL,1,'2016-04-27','2015-12-31',1,369.28,0,'0000-00-00','2016-06-16 07:51:14','2016-06-16 07:51:14',3),(586,'Drekë zryrtare per Mysafiret e Kryetares se Komunes ','302',1,9,186.00,108,14,NULL,1,'0000-00-00','0000-00-00',1,186.00,0,'0000-00-00','2016-06-16 10:12:20','2016-06-16 10:12:20',0),(587,'mbyllja e kredit karteles','2016-180659',1,51,65.67,39,4,NULL,1,'2016-04-27','2015-12-31',1,65.67,0,'0000-00-00','2016-06-16 10:13:23','2016-06-16 10:13:23',3),(588,'Material zyrtar per Kabinetin e Kryetaresa ','301',1,43,75.00,16,14,NULL,1,'0000-00-00','0000-00-00',1,75.00,0,'0000-00-00','2016-06-16 10:14:30','2016-06-16 10:14:30',0),(589,'materjal zyrtare','26',1,43,98.50,16,4,NULL,1,'2016-05-20','2016-04-21',1,98.50,0,'0000-00-00','2016-06-16 10:18:20','2016-06-16 10:18:20',3),(590,'Shpallja e Urimit per vitin e Ri 2016 në Gazeten Epoka e Re ','300',1,27,80.00,109,14,NULL,1,'0000-00-00','0000-00-00',1,80.00,0,'0000-00-00','2016-06-16 10:18:26','2016-06-16 10:18:26',0),(591,'Udhetim zyrtar ne Vienë','299',1,50,186.00,28,14,NULL,1,'0000-00-00','0000-00-00',1,186.00,0,'0000-00-00','2016-06-16 10:20:54','2016-06-16 10:20:54',0),(592,'TELEFON MOBIL','4786',1,55,95.00,110,4,NULL,1,'2016-05-24','2016-05-20',1,95.00,0,'0000-00-00','2016-06-16 10:21:50','2016-06-17 06:45:11',3),(593,'Furnizim me material të shtypur per Kabinetin e Kryetares ','303',1,43,1991.52,4,14,NULL,3,'0000-00-00','0000-00-00',1,1991.52,0,'0000-00-00','2016-06-16 10:22:48','2016-06-16 10:22:48',0),(594,'Lule te fresketa dhe kurora per homazhe dhe nderime ','298',10,27,628.00,28,14,NULL,3,'0000-00-00','0000-00-00',1,628.00,0,'0000-00-00','2016-06-16 10:29:22','2016-06-16 10:29:22',0),(595,'Dreke zyrtare per mysafiret ne kabinetin e Kryetares. ','297',1,9,214.00,108,14,NULL,1,'0000-00-00','0000-00-00',1,214.00,0,'0000-00-00','2016-06-16 10:31:04','2016-06-16 10:31:04',0),(596,'DREKA ZYRTARE','1100',1,9,99.00,50,4,NULL,1,'2016-05-27','2016-05-23',1,99.00,0,'0000-00-00','2016-06-16 10:31:36','2016-06-16 10:31:36',3),(597,'krijimi i trofeve \"Gjakovari i Ndritur\" dedikuar z. Sevdai Radogoshi dhe z. Ruzhdi Bakalli\" ','296',10,27,100.00,112,14,NULL,1,'0000-00-00','0000-00-00',1,100.00,0,'0000-00-00','2016-06-16 10:33:28','2016-06-16 10:33:53',0),(598,'Dhuratë për Amb.Italian ','295',1,1,35.00,28,14,NULL,1,'0000-00-00','0000-00-00',1,35.00,0,'0000-00-00','2016-06-16 10:37:38','2016-06-16 10:37:38',0),(599,'MATERJAL ZYRTARE','67/2016',3,43,23.00,65,4,NULL,1,'2016-05-25','2016-05-19',1,23.00,0,'0000-00-00','2016-06-16 10:38:14','2016-06-16 10:38:14',3),(600,'Lula te fresketa dhe kurora per homazhe dhe nderime ','294',1,27,90.00,17,14,NULL,1,'0000-00-00','0000-00-00',1,90.00,0,'0000-00-00','2016-06-16 10:40:18','2016-06-16 10:40:18',0),(601,'DERIVATE PER AUTOMJ.04/16','1296/16',1,4,77.66,3,4,NULL,1,'2016-05-28','2016-04-30',1,77.66,0,'0000-00-00','2016-06-16 10:41:28','2016-06-16 10:41:28',3),(602,'Caffe dhe pije per Kabinetin e Kryetares ','293',1,2,113.20,114,14,NULL,1,'0000-00-00','0000-00-00',1,113.20,0,'0000-00-00','2016-06-16 10:42:24','2016-06-16 10:42:24',0),(603,'SHERB.POSTARE','GRUP FATURASH',1,10,18.70,6,4,NULL,1,'2016-05-28','0000-00-00',1,18.70,0,'0000-00-00','2016-06-16 10:44:47','2016-06-16 10:44:47',3),(604,'Material zyrtar ','292',1,1,92.00,1,14,NULL,1,'0000-00-00','2016-01-18',1,92.00,0,'0000-00-00','2016-06-16 10:51:40','2016-06-16 10:51:40',0),(605,'SIG.FIZ.OBJ.01-01-16.01.2016','',1,27,125.00,115,4,NULL,1,'0000-00-00','2016-01-15',1,0.00,0,'0000-00-00','2016-06-16 10:53:15','2016-06-16 10:55:38',3),(606,'Gazeta ditore per Komunen ','289',1,90,108.00,106,14,NULL,1,'0000-00-00','0000-00-00',1,108.00,0,'0000-00-00','2016-06-16 10:56:21','2016-06-16 10:56:21',0),(607,'SHERB.KONTRAKTUESE/SIG.FIZ.OBJ.01-16/04/2016','',1,1,0.00,1,4,NULL,1,'2016-07-30','2016-06-09',1,125.00,0,'0000-00-00','2016-06-16 10:58:43','2017-03-06 13:13:46',1),(608,'MATERJAL ZYRTARE','',1,1,0.00,1,4,NULL,1,'0000-00-00','2016-06-13',1,114.95,0,'0000-00-00','2016-06-16 11:00:31','2017-03-06 13:13:16',1),(609,'SIG.FIZ.OBJ.05/16','',1,1,0.00,1,4,NULL,1,'0000-00-00','2016-06-02',1,246.60,0,'0000-00-00','2016-06-16 11:01:39','2017-03-06 13:12:46',1),(610,'DERIV.PER AUTOMJ.05/16','',1,1,0.00,1,4,NULL,1,'0000-00-00','2016-06-13',1,104.04,0,'0000-00-00','2016-06-16 11:02:26','2017-03-06 13:11:07',1),(611,'Caffe dhe Pije per Kabinetin e Kryetares ','291',1,2,662.00,63,14,NULL,1,'0000-00-00','0000-00-00',1,662.00,0,'0000-00-00','2016-06-16 11:05:31','2016-06-16 11:07:25',0),(612,'sig.fiz.obj.01-16/01/2016','',1,1,0.00,1,4,NULL,1,'2016-07-30','2016-06-09',1,125.00,0,'0000-00-00','2016-06-17 09:10:55','2017-03-06 13:11:56',1),(613,'PAGA NETO 04/16','04/16',5,32,1865.86,39,4,NULL,1,'2016-05-04','2016-04-30',1,1865.86,0,'0000-00-00','2016-06-20 06:44:57','2016-06-20 06:44:57',1),(614,'KONTR.PUNEDH.04/16','04/16',5,34,104.47,39,4,NULL,1,'2016-05-04','2016-04-28',1,104.47,0,'0000-00-00','2016-06-20 06:47:42','2016-06-20 06:47:42',1),(615,'KONTR.PUNET.04/16','04/16',5,35,104.47,39,4,NULL,1,'2016-05-04','2016-04-28',1,104.47,0,'0000-00-00','2016-06-20 06:49:25','2016-06-20 06:49:25',1),(616,'TATIM NE TAP 04/16','04/16',5,44,112.88,39,4,NULL,1,'2016-04-04','2016-04-28',1,112.88,0,'0000-00-00','2016-06-20 06:50:17','2016-06-20 06:51:52',1),(617,'SINDIKATA 04/16','04/16',5,33,6.09,39,4,NULL,1,'2016-05-04','2016-04-28',1,6.09,0,'0000-00-00','2016-06-20 07:00:48','2016-06-20 07:00:48',1),(618,'PAFGAT NETO 05/16','05/16',5,32,1865.86,39,4,NULL,1,'2016-06-02','2016-05-31',1,1865.86,0,'0000-00-00','2016-06-20 07:03:00','2016-06-20 07:03:00',1),(619,'SINDIKATA 05/16','05/16',5,33,6.09,39,4,NULL,1,'2016-06-02','2016-05-31',1,6.09,0,'0000-00-00','2016-06-20 07:06:14','2016-06-20 07:06:14',1),(620,'TATIMI I TAP 05/16','05/16',5,44,112.88,39,4,NULL,1,'2016-06-02','2016-05-31',1,112.88,0,'0000-00-00','2016-06-20 07:08:21','2016-06-20 07:08:21',1),(621,'KONTR.PUNET.05/16','05/16',5,35,104.47,39,4,NULL,1,'2016-06-02','2016-05-31',1,104.47,0,'0000-00-00','2016-06-20 07:09:58','2016-06-20 07:09:58',1),(622,'KONTR.PUNEDH.05/16','05/16',5,34,104.47,39,4,NULL,1,'2016-06-02','2016-05-31',1,104.47,0,'0000-00-00','2016-06-20 07:12:27','2016-06-20 07:12:27',1),(623,'RRYMA 12/15','12/15',3,5,3.78,5,4,NULL,1,'2016-02-18','2015-12-31',1,3.78,0,'0000-00-00','2016-06-20 07:19:54','2016-06-20 07:19:54',2),(624,'RRYMA 12/15','12/15',5,5,5.26,5,4,NULL,1,'2016-02-18','2015-12-31',1,5.26,0,'0000-00-00','2016-06-20 07:21:52','2016-06-20 07:21:52',2),(625,'RRYMA 12/15','12/15',3,5,6.62,5,4,NULL,1,'2016-02-18','2015-12-31',1,6.62,0,'0000-00-00','2016-06-20 07:24:35','2016-06-20 07:24:35',2),(626,'RRYMA 12/15','12/15',5,5,70.20,5,4,NULL,1,'2016-02-18','2015-12-31',1,70.20,0,'0000-00-00','2016-06-20 07:26:54','2016-06-20 07:26:54',2),(627,'RRYMA 01/16','01/16',3,5,100.17,5,4,NULL,1,'2016-02-18','2016-01-29',1,100.17,0,'0000-00-00','2016-06-20 07:30:45','2016-06-20 07:30:45',2),(628,'RRYMA01/16','01/16',3,5,56.84,5,4,NULL,1,'2016-02-18','2016-01-29',1,56.84,0,'0000-00-00','2016-06-20 07:33:38','2016-06-20 07:33:38',2),(629,'RRYMA01/16','01/16',3,5,24.60,5,4,NULL,1,'2016-02-18','2016-01-29',1,24.60,0,'0000-00-00','2016-06-20 07:36:37','2016-06-20 07:36:37',2),(630,'rryma 01/16','01/16',3,5,6.41,5,4,NULL,1,'2016-02-18','2016-01-29',1,6.41,0,'0000-00-00','2016-06-20 09:36:00','2016-06-20 09:36:00',2),(631,'rryma 01/16','01/16',3,5,10.42,5,4,NULL,1,'2016-02-18','2016-01-29',1,10.42,0,'0000-00-00','2016-06-20 10:07:43','2016-06-20 10:07:43',2),(632,'rryma 01/16','01/16',3,5,165.06,5,4,NULL,1,'2016-02-18','2016-01-29',1,165.06,0,'0000-00-00','2016-06-20 10:09:40','2016-06-20 10:09:40',2),(633,'rryma 01/16','01/16',3,5,16.18,5,4,NULL,1,'2016-02-18','2016-01-31',1,16.18,0,'0000-00-00','2016-06-20 10:13:55','2016-06-20 10:13:55',2),(634,'rryma 01/16','01/16',3,5,14.96,5,4,NULL,1,'2016-02-18','2016-01-31',1,14.96,0,'0000-00-00','2016-06-20 10:15:58','2016-06-20 10:15:58',2),(635,'rryma 01/16','01/16',3,5,42.91,5,4,NULL,1,'2016-02-18','2016-01-31',1,42.91,0,'0000-00-00','2016-06-20 10:17:46','2016-06-20 10:17:46',2),(636,'rryma 01/16','01/16',3,5,6.05,5,4,NULL,1,'2016-02-18','2016-01-31',1,6.05,0,'0000-00-00','2016-06-20 10:20:34','2016-06-20 10:20:34',2),(637,'rryma 01/16','01/16',3,5,3.78,5,4,NULL,1,'2016-02-18','2016-01-31',1,3.78,0,'0000-00-00','2016-06-20 10:24:07','2016-06-20 10:24:07',2),(638,'rryma 01/16','01/16',3,5,29.79,5,4,NULL,1,'2016-06-20','2016-01-31',1,29.79,0,'0000-00-00','2016-06-20 10:27:59','2016-06-20 10:27:59',2),(639,'rryma 01/16','01/16',3,5,19.53,5,4,NULL,1,'2016-02-18','2016-01-31',1,19.53,0,'0000-00-00','2016-06-20 10:30:11','2016-06-20 10:30:11',2),(640,'rryma 01/16','01/16',3,5,10.26,5,4,NULL,1,'2016-02-18','2016-01-31',1,10.26,0,'0000-00-00','2016-06-20 10:32:37','2016-06-20 10:32:37',2),(641,'01/16','01/16',3,5,214.06,5,4,NULL,1,'2016-02-18','2016-01-31',1,214.06,0,'0000-00-00','2016-06-20 10:42:11','2016-06-20 10:42:11',2),(642,'SHP.RRYMES 01/16','01/16',3,5,157.52,5,4,NULL,1,'2016-02-18','2016-01-29',1,157.52,0,'0000-00-00','2016-06-21 07:08:22','2016-06-21 07:08:22',2),(643,'RRYMA 01/16','01/16',3,5,88.02,5,4,NULL,1,'2016-02-18','2016-01-29',1,88.02,0,'0000-00-00','2016-06-21 07:12:00','2016-06-21 07:12:00',2),(644,'RRYMA 01/16','01/16',3,5,3.78,5,4,NULL,1,'2016-02-23','2016-01-29',1,3.78,0,'0000-00-00','2016-06-21 07:14:27','2016-06-21 07:14:27',2),(645,'shp.tel.12/15','12/15',3,6,99.00,6,4,NULL,1,'2016-02-24','2015-12-31',1,99.00,0,'0000-00-00','2016-06-21 09:21:09','2016-06-21 09:21:09',2),(646,'tel.fise 12/15','12/15',3,6,41.70,6,4,NULL,1,'2016-02-24','2015-12-31',1,41.70,0,'0000-00-00','2016-06-21 09:58:17','2016-06-21 10:01:16',2),(647,'tel.fikse 12/15','12/15',3,6,27.45,6,4,NULL,1,'2016-02-24','2015-12-31',1,27.45,0,'0000-00-00','2016-06-21 10:00:50','2016-06-21 10:00:50',2),(648,'tel.fiks.12/15','12/15',3,6,27.45,6,4,NULL,1,'2016-02-24','2015-12-31',1,27.45,0,'0000-00-00','2016-06-21 10:03:09','2016-06-21 10:03:09',2),(649,'telfikse.12/15','12/15',3,6,165.37,6,4,NULL,1,'2016-02-24','2015-12-31',1,165.37,0,'0000-00-00','2016-06-21 10:08:04','2016-06-21 10:08:04',2),(650,'tel.fikse 15/16','12/15',3,6,60.64,6,4,NULL,1,'2016-02-24','2015-12-31',1,60.64,0,'0000-00-00','2016-06-21 10:11:03','2016-06-21 10:11:03',2),(651,'tel.mob.12/15','12/15',3,6,91.54,6,4,NULL,1,'2016-02-24','2015-12-31',1,91.54,0,'0000-00-00','2016-06-21 10:15:28','2016-06-21 10:15:28',2),(652,'tel.fikse 12/15','12/15',3,6,91.54,6,4,NULL,1,'2016-02-24','2015-12-31',1,91.54,0,'0000-00-00','2016-06-21 10:20:15','2016-06-21 10:20:15',2),(653,'tel.fiks.12/15','12/15',3,6,91.63,6,4,NULL,1,'2016-02-24','2015-12-31',1,91.63,0,'0000-00-00','2016-06-21 10:21:54','2016-06-21 10:21:54',2),(654,'tel.fikse 12/15','12/15',3,6,41.07,6,4,NULL,1,'2016-02-24','2015-12-31',1,41.07,0,'0000-00-00','2016-06-21 10:23:31','2016-06-21 10:23:31',2),(655,'tel.fikse 12/15','12/15',3,6,80.41,6,4,NULL,1,'2016-02-24','2015-12-31',1,80.41,0,'0000-00-00','2016-06-21 10:25:58','2016-06-22 10:21:04',2),(656,'tel.fikse 12/15','12/15',3,6,80.03,6,4,NULL,1,'2016-02-24','2015-12-31',1,80.03,0,'0000-00-00','2016-06-21 10:29:10','2016-06-21 10:29:10',2),(657,'tel.fikse 12/15','12/15',3,6,79.94,6,4,NULL,1,'2016-02-24','2015-12-31',1,79.94,0,'0000-00-00','2016-06-21 10:30:56','2016-06-21 10:30:56',2),(658,'tel.fikse 12/15','12/15',3,6,79.94,6,4,NULL,1,'2016-02-24','2015-12-31',1,79.94,0,'0000-00-00','2016-06-21 10:32:45','2016-06-21 10:32:45',2),(659,'Telefon fiks per muajin Mars 2016','grup fatura',3,6,541.53,6,1,2,1,'2016-06-21','2016-04-17',1,541.53,0,'0000-00-00','2016-06-21 10:33:04','2016-06-21 10:33:04',0),(660,'tel.fikse 12/15','12/15',3,6,89.24,6,4,NULL,1,'2016-02-24','2015-12-31',1,89.24,0,'0000-00-00','2016-06-21 10:34:56','2016-06-21 10:34:56',2),(661,'shp.rrymes 01/16\r\n','01/16',3,5,9.30,5,4,NULL,1,'2016-02-24','2016-01-29',1,9.30,0,'0000-00-00','2016-06-21 10:40:30','2016-06-21 10:44:05',2),(662,'rryma 01/16','01/16',3,5,49.39,5,4,NULL,1,'2016-02-24','2016-06-21',1,49.39,0,'0000-00-00','2016-06-21 10:43:17','2016-06-21 10:43:17',2),(663,'rryma 01/16','01/16',3,5,395.19,5,4,NULL,1,'2016-02-24','2016-01-29',1,395.19,0,'0000-00-00','2016-06-21 10:46:47','2016-06-21 10:46:47',2),(664,'Sherbimet e TV','51/16',1,27,2500.00,67,1,2,1,'2016-06-13','2016-05-27',1,2500.00,0,'0000-00-00','2016-06-21 10:47:52','2016-06-21 10:47:52',0),(665,'rryma 01/16','01/16',3,5,525.91,5,4,NULL,1,'2016-02-24','2016-01-29',1,525.91,0,'0000-00-00','2016-06-21 10:53:52','2016-06-21 10:53:52',2),(666,'rryma 01/16','01/16',3,5,58.37,5,4,NULL,1,'2016-02-24','2016-01-29',1,58.37,0,'0000-00-00','2016-06-21 11:00:53','2016-06-21 11:00:53',2),(667,'Me rastin e 8 Marsit-Fushata mujore mbi edukimin shendetesor','kupon fiskal',1,9,40.00,119,1,2,1,'2016-06-08','2016-03-09',1,40.00,0,'0000-00-00','2016-06-21 11:01:24','2016-06-21 11:01:24',0),(668,'rryma 01/16','01/16',3,5,4.59,5,4,NULL,1,'2016-02-24','2016-01-29',1,4.59,0,'0000-00-00','2016-06-21 11:04:40','2016-06-21 11:04:40',2),(669,'Me rastin e 8 Marsit-Fushata mujore mbi edukimin shendetesor','0329/6018-1',1,9,40.00,120,1,2,1,'2016-06-08','2016-03-29',1,40.00,0,'0000-00-00','2016-06-21 11:04:49','2016-06-21 11:04:49',0),(670,'Me rastin e 8 Marsit-Fushata mujore mbi edukimin shendetesor','kupon fiskal',1,9,40.00,121,1,2,1,'2016-06-08','2016-04-18',1,40.00,0,'0000-00-00','2016-06-21 11:07:27','2016-06-21 11:07:27',0),(671,'ngrohja 02/16','02/16',3,39,532.86,43,4,NULL,1,'2016-03-11','2016-02-29',1,532.86,0,'0000-00-00','2016-06-21 11:09:11','2016-06-21 11:09:11',2),(672,'Me rastin e 8 Marsit-Fushata mujore mbi edukimin shendetesor','kupon fiskal',1,9,40.00,122,1,2,1,'2016-06-08','2016-03-17',1,40.00,0,'0000-00-00','2016-06-21 11:10:11','2016-06-21 11:10:11',0),(673,'mbeturinat,01/16','01/16',3,13,796.18,12,4,NULL,1,'2016-03-11','2016-01-31',1,796.18,0,'0000-00-00','2016-06-21 11:12:34','2016-06-21 11:12:34',2),(674,'Me rastin e 8 Marsit-Fushata mujore mbi edukimin shendetesor','kupon fiskal',1,9,40.00,123,1,2,1,'2016-06-08','2016-03-16',1,40.00,0,'0000-00-00','2016-06-21 11:12:37','2016-06-21 11:12:37',0),(675,'uji 02/16','02/16',3,7,792.86,44,4,NULL,1,'2016-03-18','2016-02-29',1,792.86,0,'0000-00-00','2016-06-21 11:14:46','2016-06-21 11:14:46',2),(676,'Me rastin e 8 Marsit-Fushata mujore mbi edukimin shendetesor','kupon fiskal',1,9,40.00,124,1,2,1,'2016-06-08','2016-03-29',1,40.00,0,'0000-00-00','2016-06-21 11:21:41','2016-06-21 11:21:41',0),(677,'Me rastin e 8 Marsit-Fushata mujore mbi edukimin shendetesor','kupon fiskal',1,9,40.00,125,1,2,1,'2016-06-08','2016-03-09',1,40.00,0,'0000-00-00','2016-06-21 11:26:50','2016-06-21 11:26:50',0),(678,'Me rastin e 8 Marsit-Fushata mujore mbi edukimin shendetesor','kupon fiskal',1,9,40.00,126,1,2,1,'2016-06-08','2016-03-24',1,40.00,0,'0000-00-00','2016-06-21 11:30:16','2016-06-22 06:54:04',0),(679,'Me rastin e 8 Marsit-Fushata mujore mbi edukimin shendetesor','0005828',1,9,40.00,28,1,2,1,'2016-06-08','2016-03-22',1,40.00,0,'0000-00-00','2016-06-21 11:33:22','2016-06-21 11:33:22',0),(680,'Me rastin e 8 Marsit-Fushata mujore mbi edukimin shendetesor','kupon fiskal',1,9,40.00,128,1,2,1,'2016-06-08','2016-03-16',1,40.00,0,'0000-00-00','2016-06-21 11:35:51','2016-06-21 11:35:51',0),(681,'Mbeturinat- Shkurt 2016','102/2/16',3,13,302.67,12,1,2,1,'2016-06-08','2016-02-29',1,302.67,0,'0000-00-00','2016-06-21 11:40:56','2016-06-21 11:40:56',0),(682,'Derivate per automjete- Maj 2016','1648/16',1,4,183.50,3,1,2,1,'2016-06-08','2016-05-31',1,183.50,0,'0000-00-00','2016-06-21 11:45:00','2016-06-22 06:54:16',0),(683,'tel.fiks 01/16','01/16',3,6,18.31,6,4,NULL,1,'2016-03-21','2015-12-31',1,18.31,0,'0000-00-00','2016-06-22 06:51:53','2016-06-22 06:51:53',2),(684,'tel.fiks.01/16','01/16',3,6,5.49,6,4,NULL,1,'2016-03-21','2016-01-31',1,5.49,0,'0000-00-00','2016-06-22 06:54:10','2016-06-22 06:54:10',2),(685,'tel.fikse 01/16','01/16',3,6,15.99,6,4,NULL,1,'2016-03-21','2016-01-31',1,15.99,0,'0000-00-00','2016-06-22 06:55:41','2016-06-22 06:56:48',2),(686,'tel.fiks 01/16','01/16',3,6,8.32,6,4,NULL,1,'2016-03-31','2016-01-31',1,8.32,0,'0000-00-00','2016-06-22 07:03:38','2016-06-22 07:03:38',2),(687,'tel.fiks 01/16','01/16',3,6,14.80,6,4,NULL,1,'2016-03-31','2016-01-31',1,14.80,0,'0000-00-00','2016-06-22 07:06:51','2016-06-22 07:06:51',2),(688,'tel.fiks.01/16','01/16',3,6,18.31,6,4,NULL,1,'2016-03-31','2016-01-31',1,18.31,0,'0000-00-00','2016-06-22 07:11:54','2016-06-22 07:11:54',2),(689,'tel.fikse 01/16','01/16',3,6,15.99,6,4,NULL,1,'2016-03-31','2016-01-31',1,15.99,0,'0000-00-00','2016-06-22 07:20:00','2016-06-22 07:20:00',2),(690,'tel.fikse 01/16','01/16',3,6,15.99,6,4,NULL,1,'2016-03-31','2016-01-31',1,15.99,0,'0000-00-00','2016-06-22 07:21:32','2016-06-22 07:21:32',2),(691,'shp.tel.fikse 01/16','01/16',3,6,15.03,6,4,NULL,1,'2016-03-31','2016-01-31',1,15.03,0,'0000-00-00','2016-06-22 07:24:09','2016-06-22 07:24:09',2),(692,'tel.fiks 01/16','01/16',3,6,16.08,6,4,NULL,1,'2016-03-21','2016-01-31',1,16.08,0,'0000-00-00','2016-06-22 07:26:18','2016-06-22 07:26:18',2),(693,'tel.fiks.01/16','01/16',3,6,5.49,6,4,NULL,1,'2016-03-21','2016-01-31',1,5.49,0,'0000-00-00','2016-06-22 07:28:55','2016-06-22 07:28:55',2),(694,'rryma 02/16','02/16',3,5,279.02,5,4,NULL,1,'2016-03-21','2016-02-26',1,279.02,0,'0000-00-00','2016-06-22 07:30:48','2016-06-22 07:30:48',2),(695,'rryma 02/16','01/16',3,5,199.54,5,4,NULL,1,'2016-04-21','2016-03-25',1,199.54,0,'0000-00-00','2016-06-22 07:33:13','2016-06-22 07:33:13',2),(696,'rryma 02/16','02/16',3,5,205.23,5,4,NULL,1,'2016-03-21','2016-02-26',1,205.23,0,'0000-00-00','2016-06-22 07:36:51','2016-06-22 07:36:51',2),(697,'rryma 02/16','02/16',3,5,171.21,5,4,NULL,1,'2016-03-21','2016-02-29',1,171.21,0,'0000-00-00','2016-06-22 07:40:32','2016-06-22 07:40:32',2),(698,'rryma 02/16','02/16',3,5,106.97,5,4,NULL,1,'2016-03-21','2016-02-29',1,106.97,0,'0000-00-00','2016-06-22 07:42:34','2016-06-22 07:42:34',2),(699,'rryma 01/16','02/16',3,5,83.81,5,4,NULL,1,'2016-03-21','2016-02-29',1,83.81,0,'0000-00-00','2016-06-22 07:45:20','2016-06-22 07:45:20',2),(700,'rryma 02/16','02/16',3,5,169.27,5,4,NULL,1,'2016-03-21','2016-02-29',1,169.27,0,'0000-00-00','2016-06-22 07:47:30','2016-06-22 07:47:30',2),(701,'rryma 01/16','02/16',3,5,60.97,5,4,NULL,1,'2016-03-21','2016-02-29',1,60.97,0,'0000-00-00','2016-06-22 07:49:23','2016-06-22 07:49:23',2),(702,'rryma 01/16','02/16',3,5,106.33,5,4,NULL,1,'2016-03-21','2016-02-29',1,106.33,0,'0000-00-00','2016-06-22 07:51:22','2016-06-22 07:51:22',2),(703,'rryma 02/16','02/16',3,5,56.59,5,4,NULL,1,'2016-03-21','2016-02-29',1,56.59,0,'0000-00-00','2016-06-22 10:26:45','2016-06-22 10:26:45',2),(704,'rryma 01/16','02/16',3,5,49.30,5,4,NULL,1,'2016-03-21','2016-02-29',1,49.30,0,'0000-00-00','2016-06-22 10:32:06','2016-06-22 10:32:06',2),(705,'rryma 02/16','02/16',3,5,22.17,5,4,NULL,1,'2016-03-21','2016-02-29',1,22.17,0,'0000-00-00','2016-06-22 10:34:45','2016-06-22 10:34:45',2),(706,'rryma 02/16','02/16',3,5,11.97,5,4,NULL,1,'2016-03-21','2016-02-29',1,11.97,0,'0000-00-00','2016-06-22 10:36:36','2016-06-22 10:36:36',2),(707,'rryma 02/16','02/16',3,5,8.50,5,4,NULL,1,'2016-03-21','2016-02-29',1,8.50,0,'0000-00-00','2016-06-22 10:40:10','2016-06-22 10:40:10',2),(708,'rryma 02/16','02/16',3,5,11.39,5,4,NULL,1,'2016-03-21','2016-02-29',1,11.39,0,'0000-00-00','2016-06-22 10:52:29','2016-06-22 10:52:29',2),(709,'rryma 02/16','02/16',3,5,8.32,5,4,NULL,1,'2016-02-29','2016-02-29',1,8.32,0,'0000-00-00','2016-06-22 10:54:56','2016-06-22 10:54:56',2),(710,'rryma 01/16','02/16',3,5,10.67,5,4,NULL,1,'2016-03-21','2016-02-29',1,10.67,0,'0000-00-00','2016-06-22 11:01:44','2016-06-22 11:01:44',2),(711,'shpenzim i mbeturinave','109/5',3,13,36.32,12,10,14,1,'0000-00-00','0000-00-00',1,36.32,0,'0000-00-00','2016-06-23 05:56:57','2016-06-23 05:56:57',0),(712,'dalje ne teren','1629',1,4,21.68,3,10,14,1,'0000-00-00','2016-06-13',1,21.68,0,'0000-00-00','2016-06-23 06:02:09','2016-06-23 06:02:09',0),(713,'rryma 02/16','02/16',3,5,53.28,5,4,NULL,1,'2016-03-21','2016-02-29',1,53.28,0,'0000-00-00','2016-06-23 07:47:20','2016-06-23 07:47:20',2),(714,'rryma02/16','02/16',3,5,9.43,5,4,NULL,1,'2016-03-21','2016-02-29',1,9.43,0,'0000-00-00','2016-06-23 07:49:20','2016-06-23 07:49:20',2),(715,'ryma02/16','02/16',3,5,4.25,5,4,NULL,1,'2016-03-21','2016-02-29',1,4.25,0,'0000-00-00','2016-06-23 07:50:48','2016-06-23 07:50:48',2),(716,'rryma 02/16','02/16',3,5,5.65,5,4,NULL,1,'2016-03-21','2016-02-29',1,5.65,0,'0000-00-00','2016-06-23 07:52:18','2016-06-23 07:53:12',2),(717,'rryma 02/16','02/16',3,5,3.78,5,4,NULL,1,'2016-03-21','2016-02-29',1,3.78,0,'0000-00-00','2016-06-23 07:57:21','2016-06-23 07:57:21',2),(718,'rryma 02/16','02/16',3,5,17.31,5,4,NULL,1,'2016-03-21','2016-03-21',1,17.31,0,'0000-00-00','2016-06-23 07:59:37','2016-06-23 07:59:37',2),(719,'ngrohja 03/16','03/16',3,39,137.28,43,4,NULL,1,'2016-04-12','2016-03-31',1,137.28,0,'0000-00-00','2016-06-23 08:01:51','2016-06-23 08:01:51',2),(720,'shp.ngrohjes 03/16','03/16',3,39,212.98,43,4,NULL,1,'2016-04-12','2016-05-31',1,212.98,0,'0000-00-00','2016-06-23 09:43:00','2016-06-23 09:43:00',2),(721,'shp.mbet.02/16','02/16',3,13,841.80,12,4,NULL,1,'2016-04-20','2016-02-29',1,841.80,0,'0000-00-00','2016-06-23 09:46:54','2016-06-23 09:46:54',2),(722,'shp.ujit 03/16','03/16',3,7,949.87,44,4,NULL,1,'2016-04-21','2016-03-31',1,949.87,0,'0000-00-00','2016-06-23 09:49:40','2016-06-23 09:49:40',2),(723,'mbeturinat 03/16','03/16',3,13,841.80,12,4,NULL,1,'2016-04-22','2016-03-25',1,841.80,0,'0000-00-00','2016-06-23 10:01:17','2016-06-23 10:01:17',2),(724,'rryma 03/16','03/16',3,5,329.40,5,4,NULL,1,'2016-04-22','2016-03-31',1,329.40,0,'0000-00-00','2016-06-23 10:05:55','2016-06-23 10:05:55',2),(725,'rryma 03/16','03/16',3,5,331.07,5,4,NULL,1,'2016-04-22','2016-04-22',1,331.07,0,'0000-00-00','2016-06-23 10:08:30','2016-06-23 10:08:30',2),(726,'rryma 03/16','03/16',3,5,256.91,5,4,NULL,1,'2016-04-22','2016-03-31',1,256.91,0,'0000-00-00','2016-06-23 10:10:05','2016-06-23 10:10:05',2),(727,'rryma 03/16','03/16',3,5,135.32,5,4,NULL,1,'2016-04-22','2016-03-31',1,135.32,0,'0000-00-00','2016-06-23 10:12:31','2016-06-23 10:12:31',2),(728,'rryma 03/16','03/16',3,5,148.86,5,4,NULL,1,'2016-04-22','2016-03-31',1,148.86,0,'0000-00-00','2016-06-23 10:16:44','2016-06-23 10:16:44',2),(729,'rryma 03/16','03/16',3,5,144.48,5,4,NULL,1,'2016-04-22','2016-03-31',1,144.48,0,'0000-00-00','2016-06-23 10:23:46','2016-06-23 10:23:46',2),(730,'rryma 03/16','03/16',3,5,103.66,5,4,NULL,1,'2016-04-22','2016-03-31',1,103.66,0,'0000-00-00','2016-06-23 10:25:28','2016-06-23 10:25:28',2),(731,'rryma 03/16','03/16',3,5,97.34,5,4,NULL,1,'2016-04-22','2016-03-31',1,97.34,0,'0000-00-00','2016-06-23 10:28:37','2016-06-23 10:28:37',2),(732,'rryma 03/16','03/16',3,5,54.97,5,4,NULL,1,'2016-04-22','2016-03-31',1,54.97,0,'0000-00-00','2016-06-23 10:30:25','2016-06-23 10:30:25',2),(733,'rryma 03/16','03/16',3,5,39.10,5,4,NULL,1,'2016-04-22','2016-03-31',1,39.10,0,'0000-00-00','2016-06-23 10:32:44','2016-06-23 10:32:44',2),(734,'rryma 03/16','03/16',3,5,58.05,5,4,NULL,1,'2016-04-22','2016-03-31',1,58.05,0,'0000-00-00','2016-06-23 10:38:45','2016-06-23 10:38:45',2),(735,'rryma 03/16','03/16',3,5,20.47,5,4,NULL,1,'2016-04-22','2016-03-31',1,20.47,0,'0000-00-00','2016-06-23 10:52:11','2016-06-23 11:40:51',2),(736,'RRYMA 03/16','03/16',3,5,12.13,5,4,NULL,1,'2016-04-22','2016-03-31',1,12.13,0,'0000-00-00','2016-06-23 11:19:09','2016-06-23 11:19:09',2),(737,'RRYMA 03/16','03/16',3,5,54.25,5,4,NULL,1,'2016-04-22','2016-03-31',1,54.25,0,'0000-00-00','2016-06-23 11:29:49','2016-06-23 11:29:49',2),(738,'RRYMA 03/16','03/16',3,5,16.57,5,4,NULL,1,'2016-03-31','2016-03-31',1,16.57,0,'0000-00-00','2016-06-23 11:35:08','2016-06-23 11:35:08',2),(739,'RRYMA 03/16','03/16',3,5,13.01,5,4,NULL,1,'2016-04-22','2016-03-31',1,13.01,0,'0000-00-00','2016-06-23 11:39:31','2016-06-23 11:39:31',2),(741,'rryma 03/16','03/16',3,5,11.23,5,4,NULL,1,'2016-04-22','2016-03-31',1,11.23,0,'0000-00-00','2016-06-27 05:21:22','2016-06-27 05:21:22',2),(742,'rryma 03/16','03/16',3,5,10.35,5,4,NULL,1,'2016-04-22','2016-03-25',1,10.35,0,'0000-00-00','2016-06-27 05:25:03','2016-06-27 05:25:03',2),(743,'rryma 03/16','03/16',3,5,11.07,5,4,NULL,1,'2016-04-22','2016-03-25',1,11.07,0,'0000-00-00','2016-06-27 05:31:12','2016-06-27 05:31:12',2),(744,'rryma 03/16','03/16',3,5,5.04,5,4,NULL,1,'2016-04-22','2016-03-31',1,5.04,0,'0000-00-00','2016-06-27 05:33:36','2016-06-27 05:33:36',2),(745,'rryma 03/16','03/16',3,5,6.21,5,4,NULL,1,'2016-04-22','2016-03-31',1,6.21,0,'0000-00-00','2016-06-27 05:35:41','2016-06-27 05:35:41',2),(746,'rryma 03/16','03/16',3,5,6.94,5,4,NULL,1,'2016-04-22','2016-03-31',1,6.94,0,'0000-00-00','2016-06-27 05:37:07','2016-06-27 05:37:07',2),(747,'rryma 03/16','03/16',3,5,3.78,5,4,NULL,1,'2016-04-22','2016-03-31',1,3.78,0,'0000-00-00','2016-06-27 05:38:43','2016-06-27 05:38:43',2),(748,'rryma 03/16','03/16',3,5,2.01,5,4,NULL,1,'2016-04-22','2016-03-31',1,2.01,0,'0000-00-00','2016-06-27 05:40:23','2016-06-27 05:40:23',2),(749,'Tender për certifikata','',1,NULL,0.00,NULL,1,2,1,'0000-00-00','2016-06-21',4,249.02,0,'0000-00-00','2016-06-27 05:56:26','2016-06-27 05:59:54',0),(750,'Fatura e ujit për muajin Maj 2016 - Pjesa e I-rë','Grup Fakturash',3,7,302.67,7,1,2,1,'2016-06-08','2016-06-01',1,302.67,0,'0000-00-00','2016-06-27 05:59:37','2016-06-27 05:59:37',0),(751,'Fatura e ujit për muajin Maj 2016 - Pjesa e II-të','Grup Fakturash',3,7,227.29,7,1,2,1,'2016-06-08','2016-06-01',1,227.29,0,'0000-00-00','2016-06-27 06:01:56','2016-06-27 06:01:56',0),(752,'Fatura e rrymës për muajin Maj 2016','Grup Fakturash',3,5,1153.28,5,1,2,1,'2016-06-06','2016-06-03',1,1153.28,0,'0000-00-00','2016-06-27 06:05:19','2016-06-27 06:05:19',0),(753,'Shpenzime të reprezentacionit','26/16',1,2,142.00,36,1,2,1,'2016-05-31','2016-05-25',1,142.00,0,'0000-00-00','2016-06-27 06:06:58','2016-06-27 06:06:58',0),(755,'Qanta zyrtare','00496',1,1,100.00,1,1,2,1,'2016-06-02','2016-05-25',1,100.00,0,'0000-00-00','2016-06-27 06:11:14','2016-06-27 06:11:14',0),(756,'Material zyrtar','16-SHV01-001-468',1,1,43.60,1,1,2,1,'2016-05-30','2016-05-17',1,43.60,0,'0000-00-00','2016-06-27 06:12:04','2016-11-03 07:59:27',0),(757,'Fatura e shpenzimeve postare për muajin  Prill 2013','4/2013',1,10,456.80,6,1,2,1,'2016-05-12','2016-04-18',1,456.80,0,'0000-00-00','2016-06-27 06:15:17','2016-06-27 06:15:17',0),(758,'Paga mujore për avokatin publik Gazmend Nushi - Prill 2016\r\n','Pa numër',1,27,500.00,32,1,2,1,'2016-04-22','2016-04-22',1,500.00,0,'0000-00-00','2016-06-27 06:20:23','2016-06-27 06:20:23',0),(759,'Paga për rojet - Shërbime kontraktuese 16.01.2016 - 01.02.2016','Pa numër',1,27,125.00,130,1,2,1,'2016-06-08','2016-06-08',1,125.00,0,'0000-00-00','2016-06-27 06:27:01','2016-06-27 06:27:01',0),(760,'Paga për rojet - Shërbime kontraktuese 16.01.2016 - 01.02.2016','Pa numër',1,27,125.00,131,1,2,1,'2016-06-08','2016-06-08',1,125.00,0,'0000-00-00','2016-06-27 06:27:52','2016-06-27 06:27:52',0),(761,'Paga për rojet - Shërbime kontraktuese 16.01.2016 - 01.02.2016','Pa numër',1,27,125.00,132,1,2,1,'2016-06-08','2016-06-08',1,125.00,0,'0000-00-00','2016-06-27 06:28:32','2016-06-27 06:28:32',0),(762,'Paga për rojet - Shërbime kontraktuese 16.01.2016 - 01.02.2016','Pa numër',1,27,125.00,133,1,2,1,'2016-06-08','2016-06-08',1,125.00,0,'0000-00-00','2016-06-27 06:29:12','2016-06-27 06:29:12',0),(763,'Paga për rojet - Shërbime kontraktuese 16.01.2016 - 01.02.2016','Pa numër',1,27,125.00,134,1,2,1,'2016-06-08','2016-06-08',1,125.00,0,'0000-00-00','2016-06-27 06:29:48','2016-06-27 06:29:48',0),(764,'Paga për rojet - Shërbime kontraktuese 16.01.2016 - 01.02.2016','Pa numër',1,27,125.00,135,1,2,1,'2016-06-08','2016-06-08',1,125.00,0,'0000-00-00','2016-06-27 06:30:17','2016-06-27 06:30:17',0),(765,'Paga për rojet - Shërbime kontraktuese 16.01.2016 - 01.02.2016','Pa numër',1,27,125.00,136,1,2,1,'2016-06-08','2016-06-08',1,125.00,0,'0000-00-00','2016-06-27 06:30:56','2016-06-27 06:30:56',0),(766,'Udhëtim zyrtar në Prishtinë - Erlinda Rizvanolli','Pa numër',1,46,8.00,29,1,2,1,'2016-06-03','2016-06-03',1,8.00,0,'0000-00-00','2016-06-27 06:39:17','2016-06-27 06:39:17',0),(767,'Mirëmbajtja e objektit','Pa numër',1,20,59.30,47,1,2,1,'2016-06-24','2016-06-24',1,59.30,0,'0000-00-00','2016-06-27 06:40:12','2016-06-27 06:40:12',0),(768,'Mirëmbajtja e objektit','Pa numër',1,20,26.76,47,1,2,1,'2016-06-24','2016-06-24',1,26.76,0,'0000-00-00','2016-06-27 06:40:56','2016-06-27 06:40:56',0),(769,'Material i shtypur për Drejtorinë e Kulturës, Rinisë dhe Sportit','Grup Fakturash',1,1,1581.30,4,1,2,1,'2016-05-23','2016-05-23',1,1581.30,0,'0000-00-00','2016-06-28 05:58:28','2016-06-28 05:58:28',0),(770,'shp.udhetimit','03/16',1,46,24.00,129,4,NULL,1,'2016-03-03','2016-03-03',1,24.00,0,'0000-00-00','2016-06-28 10:58:07','2016-06-28 10:59:00',2),(771,'sherb.postare','29/16',1,10,38.50,6,4,NULL,1,'2016-03-29','2016-03-29',1,38.50,0,'0000-00-00','2016-06-28 11:01:04','2016-06-28 11:01:04',2),(772,'Ushqim dhe pije për mysafir -  3 dreka për Profesorë dhe studentë nga Fakulteti Politeknik i Tiranës për aktivitetin \"Ditët e Mjedisit\"','',1,9,462.00,25,9,NULL,3,'0000-00-00','0000-00-00',1,462.00,0,'0000-00-00','2016-06-28 11:35:03','2016-06-28 11:35:03',0),(773,'Fjetje për Profesorët nga Tirana - Fakulteti Politeknik, mysafirë me Studentë me rastin e aktivitetit \" Ditët e mjedisit\"\r\nVërejtje : Studentët janë akomoduar tek familjet e Studentëve nga Gjakova','',1,18,150.00,25,9,NULL,3,'0000-00-00','0000-00-00',1,150.00,0,'0000-00-00','2016-06-28 11:37:58','2016-06-28 11:37:58',0),(774,'Derivate Diesel për makinën zyrtare të Drejtorisë, shpenzim gjatë tërë muajit Maj 2016','',1,4,56.35,3,9,NULL,3,'0000-00-00','0000-00-00',1,56.35,0,'0000-00-00','2016-06-28 11:40:09','2016-06-28 11:40:09',0),(775,'Shpenzim i Ujit në objektin e Drejtorisë së bashku me pagesën e borgjit të riprogramuar të objektit ( borgj i trashëguar nga ish BVI )','',3,7,317.84,7,9,NULL,3,'0000-00-00','0000-00-00',1,317.84,0,'0000-00-00','2016-06-28 11:43:17','2016-06-28 11:43:17',0),(776,'Grumbullimi i mbeturinave për muajin Maj 2016','',3,13,24.21,85,9,NULL,3,'0000-00-00','0000-00-00',1,24.21,0,'0000-00-00','2016-06-28 11:44:31','2016-06-28 11:44:31',0),(777,'Shpenzim i rrymës në objektin e Drejtorisë','',3,5,114.73,84,9,NULL,3,'0000-00-00','0000-00-00',1,114.73,0,'0000-00-00','2016-06-28 11:45:40','2016-06-28 11:45:40',0),(778,'Pagesa e telefonave fiks të Drejtorisë - 3 telefona\r\npër muajt Janar, Shkurt dhe Mars 2016','',3,55,71.91,6,9,NULL,3,'0000-00-00','0000-00-00',1,71.91,0,'0000-00-00','2016-06-28 11:47:36','2016-06-28 11:47:36',0),(779,'Kafe gjatë punës me mysafire nga Tirana aktiviteti 3 ditorë Ditët e Mjedisit\r\nne kafeterinë Belushi s','',1,2,22.50,93,9,NULL,3,'0000-00-00','0000-00-00',1,22.50,0,'0000-00-00','2016-06-29 04:49:03','2016-06-29 04:49:03',0),(780,'Mysafir të ndryshëm në kohë të ndryshme tek Drejtori i Drejtorisë','',1,2,19.00,93,9,NULL,3,'0000-00-00','0000-00-00',1,19.00,0,'0000-00-00','2016-06-29 04:51:00','2016-06-29 04:51:54',0),(781,'Kafe gjatë pauzës me mysafirë nga Tirana gjatë aktivitetit 3 ditor Ditët e mjedisit','',1,32,15.10,114,9,NULL,3,'0000-00-00','0000-00-00',1,15.10,0,'0000-00-00','2016-06-29 04:53:13','2016-06-29 04:53:13',0),(782,'Rregullim me vendosje të fontanës së re në njërn nga toaletet e Drejtorisë','',1,83,22.00,93,9,NULL,3,'0000-00-00','0000-00-00',1,22.00,0,'0000-00-00','2016-06-29 04:56:17','2016-06-29 04:56:17',0),(783,'Fatura e telefonit fiks - Prill 2016','grup fatura',3,6,427.65,6,1,2,1,'2016-06-29','2016-05-05',1,427.65,0,'0000-00-00','2016-06-29 05:36:44','2016-06-29 05:50:17',0),(784,'Dreke zyrtare per pjestaret  e Keshillit te Pavarur ','11/2016',1,9,35.30,138,1,2,1,'2016-06-29','2016-06-03',1,35.30,0,'0000-00-00','2016-06-29 07:15:34','2016-06-29 07:15:34',0),(785,'VENDIM GJYQI','05/18',1,92,31.00,137,4,NULL,1,'2016-04-25','2016-02-19',1,31.00,0,'0000-00-00','2016-06-29 10:23:10','2016-06-29 10:23:10',2),(786,'MAT.ZYRTARE','05//02',1,43,49.20,4,4,NULL,1,'2016-04-25','2016-01-25',1,49.20,0,'0000-00-00','2016-06-29 10:27:13','2016-06-29 10:27:13',2),(787,'MATERJAL MJEKSORE','05//05',1,60,87.20,139,4,NULL,1,'2016-04-25','2016-02-08',1,0.01,0,'0000-00-00','2016-06-29 10:29:50','2016-06-29 10:31:09',2),(788,'ANTIFRIZ','05//17',1,32,31.38,140,4,NULL,1,'2016-04-25','2016-02-02',1,31.38,0,'0000-00-00','2016-06-29 10:33:48','2016-06-29 10:34:30',2),(789,'MIREMB.OBJ.','GRUP FATURASH',1,20,205.07,141,4,NULL,1,'2016-04-25','2016-02-03',1,205.07,0,'0000-00-00','2016-06-29 10:36:54','2016-06-29 10:36:54',2),(790,'MIREMB.PAISJEVE','GRUP FATURASH',1,21,10.00,142,4,NULL,1,'2016-04-25','2016-01-13',1,10.00,0,'0000-00-00','2016-06-29 10:42:04','2016-06-29 10:42:04',2),(791,'REPREZENTACION','05//06',1,9,17.50,25,4,NULL,1,'2016-04-25','2015-12-31',1,17.50,0,'0000-00-00','2016-06-29 10:44:57','2016-06-29 10:44:57',2),(792,'Paga për shërbime kontraktuese për muajin Maj 2016 - Gazmend Nushi ','Pa numër',1,27,500.00,32,1,2,1,'2016-06-29','2016-06-23',1,500.00,0,'0000-00-00','2016-06-30 06:24:07','2016-06-30 06:24:07',0),(793,'Pagesa e kompenzimit për sigurimin fizik të objektit nga GFS sipas kontrates vjetore, per muajin Qershor 2016','',1,27,300.96,41,9,NULL,3,'0000-00-00','0000-00-00',1,300.96,0,'0000-00-00','2016-06-30 09:56:50','2016-06-30 09:56:50',0),(794,'Avans per udhetim zyrtar ne Maqedoni-Oher ne periudhen (10-15)07 2016','Pa numër',1,69,251.00,60,1,2,1,'2016-06-30','2016-06-30',1,251.00,0,'0000-00-00','2016-07-01 05:09:02','2016-07-01 05:30:57',0),(795,'Plotsim i avansit  te shpenzime te udhetimit ne Turqi-Stamboll','Pa numër',1,28,17.26,60,1,2,1,'2016-06-30','2016-06-30',1,17.26,0,'0000-00-00','2016-07-01 05:13:30','2016-07-01 05:31:27',0),(797,'Fatura e telefonit fiks - Prill 2016','5500309231674',3,6,54.28,6,1,2,1,'2016-06-30','2016-05-05',1,54.28,0,'0000-00-00','2016-07-01 05:38:15','2016-07-01 05:38:15',0),(798,'Fatura e mbeturinave për muajin Maj 2016','102/5/16',3,13,157.39,12,1,2,1,'2016-06-30','2016-05-31',1,157.39,0,'0000-00-00','2016-07-01 05:41:17','2016-07-01 05:41:17',0),(799,'Material i shtypur - fasiklla, notesa për Gjakova Portal','216/2016',1,1,425.00,4,1,2,1,'2016-08-12','2016-05-30',1,425.00,0,'0000-00-00','2016-07-01 05:42:54','2016-11-03 08:54:12',0),(800,'Material zyrtar - Patrona','00418',1,1,25.00,1,1,2,1,'2016-09-28','2016-06-29',1,25.00,0,'0000-00-00','2016-07-01 05:43:49','2016-11-21 12:04:06',0),(801,'Fatura e shpenzimeve postare për muajin Maj 2016','5/1/2016',1,10,383.40,6,1,2,1,'2016-07-12','2016-06-10',1,383.40,0,'0000-00-00','2016-07-01 05:46:01','2016-07-13 05:24:32',0),(802,'Kompenzim per mirembajtjen-pastrimin e objektit , per muajin Qershor 2016','',1,20,223.33,18,9,NULL,3,'0000-00-00','0000-00-00',1,223.33,0,'0000-00-00','2016-07-06 07:22:19','2016-07-06 07:22:19',0),(803,'Pagesa e Ujit per muajin Qershor 2016','Grup Fakturash',3,7,779.42,7,1,2,1,'2016-07-06','2016-07-01',1,779.42,0,'0000-00-00','2016-07-07 05:43:23','2016-07-08 05:42:23',0),(804,'Sigurimi i automjetit per udhetim ne Maqedoni _Oher','020213',1,73,17.70,15,1,2,1,'2016-07-06','2016-07-06',1,17.70,0,'0000-00-00','2016-07-07 06:20:10','2016-07-08 05:43:23',0),(805,'Mbeturinat per muajin qershor 2016','102/6/16',3,13,157.39,12,1,2,1,'2016-07-11','2016-06-30',1,157.39,0,'0000-00-00','2016-07-11 09:36:46','2016-07-11 09:36:46',0),(806,'paga neto','04/16',5,32,170623.78,39,4,NULL,1,'2016-04-29','2016-04-29',1,170623.78,0,'0000-00-00','2016-07-15 06:35:01','2016-07-15 06:35:01',2),(807,'sindikata','04/16',5,33,1547.51,39,4,NULL,1,'2016-04-29','2016-04-29',1,1547.51,0,'0000-00-00','2016-07-15 06:38:08','2016-07-15 06:41:36',2),(808,'tatimi tap','04/16',5,44,10774.28,39,4,NULL,1,'2016-04-29','2016-04-29',1,10774.28,0,'0000-00-00','2016-07-15 06:43:18','2016-07-15 06:43:18',2),(809,'tatimi tap04/ 2016','04/16',5,36,10774.28,39,4,NULL,1,'2016-04-29','2016-04-29',1,10774.28,0,'0000-00-00','2016-07-19 05:02:02','2016-07-19 05:25:44',2),(810,'kontr.punet.04/16','04/2016',5,35,9628.87,39,4,NULL,1,'2016-04-29','2016-04-29',1,9628.87,0,'0000-00-00','2016-07-19 05:49:08','2016-07-19 05:49:08',2),(811,'KONTR.PUNEDH.04/16','04/2016',5,34,9628.87,39,4,NULL,1,'2016-04-29','2016-04-29',1,9628.87,0,'0000-00-00','2016-07-19 07:46:18','2016-07-19 07:46:18',2),(812,'MIREMB.OBJ.04/16','',1,20,6793.14,40,4,NULL,1,'2016-05-06','2016-04-29',1,6793.14,0,'0000-00-00','2016-07-19 07:50:38','2016-07-21 07:15:40',2),(813,'materjal zyrtare','',1,43,995.00,62,4,NULL,1,'2016-05-11','0000-00-00',1,995.00,0,'0000-00-00','2016-07-19 11:21:07','2016-07-19 11:22:08',2),(814,'shp.ujit 04/16','GRUP FATURASH',3,7,682.04,44,4,NULL,1,'2016-05-19','2016-04-29',1,682.04,0,'0000-00-00','2016-07-19 11:24:55','2016-07-19 11:24:55',2),(815,'shp.mbet.04/16','GRUP FATURASH',10,32,820.36,28,4,NULL,1,'2016-05-19','2016-04-29',1,820.36,0,'0000-00-00','2016-07-19 11:29:54','2016-07-19 11:29:54',2),(816,'shp.rrymes 04/16','',3,5,453.81,5,4,NULL,1,'2016-05-20','2016-04-29',1,453.81,0,'0000-00-00','2016-07-19 11:34:54','2016-07-19 11:34:54',2),(817,'shp.rrymes 04/16','',3,5,85.19,5,4,NULL,1,'2016-05-20','2016-04-29',1,85.19,0,'0000-00-00','2016-07-20 05:06:21','2016-07-20 05:06:21',2),(818,'rryma 04/16','04/2016',3,5,654.29,5,4,NULL,1,'2016-05-20','2016-04-29',1,654.29,0,'0000-00-00','2016-07-20 05:08:14','2016-07-20 05:08:14',2),(819,'pagat neto 05/16','05/16',5,32,171980.27,39,4,NULL,1,'2016-06-02','2016-05-31',1,171980.27,0,'0000-00-00','2016-07-20 05:13:10','2016-07-20 05:13:10',2),(820,'sindikata 05/16 tap','05/16',5,33,1539.57,39,4,NULL,1,'2016-06-02','2016-05-31',1,1539.57,0,'0000-00-00','2016-07-20 05:16:30','2016-07-20 05:16:30',2),(821,'tatim paga 05/16','05/16',5,44,10810.72,39,4,NULL,1,'2016-06-02','2016-05-31',1,10810.72,0,'0000-00-00','2016-07-20 05:18:36','2016-07-20 05:18:36',2),(822,'kontr.punet.05/16','05/16',5,35,9701.82,39,4,NULL,1,'2016-06-02','2016-05-31',1,9701.82,0,'0000-00-00','2016-07-20 05:21:44','2016-07-20 05:21:44',2),(824,'miremb.obj.05/16','',1,20,6793.14,40,4,NULL,1,'2016-06-03','2016-05-27',1,6793.14,0,'0000-00-00','2016-07-20 05:29:18','2016-07-20 05:29:18',2),(826,'Gazeta zyrtare  nr. 11-20/2016','274-2016',1,22,200.00,14,1,2,1,'2016-10-20','2016-07-08',1,200.00,0,'0000-00-00','2016-07-22 11:21:42','2016-12-08 13:05:14',0),(827,'Largim i mbeturinave per llogari te DUMM muaji 06/2016','',3,13,24.21,12,9,NULL,3,'0000-00-00','0000-00-00',1,24.21,0,'0000-00-00','2016-07-25 07:08:10','2016-07-25 07:08:10',0),(828,'Pagesa e rrymes per 06/2016','',3,5,92.26,5,9,NULL,3,'0000-00-00','0000-00-00',1,92.26,0,'0000-00-00','2016-07-25 07:09:16','2016-07-25 07:09:16',0),(829,'Shpenzim i ujit dhe riprogramim i borgjit 06/2016','',3,7,229.45,7,9,NULL,3,'0000-00-00','0000-00-00',1,229.45,0,'0000-00-00','2016-07-25 07:10:20','2016-07-25 07:10:20',0),(830,'Derivate per makinen zyrtare muaji 06.2016','',1,4,89.51,3,9,NULL,3,'0000-00-00','0000-00-00',1,89.51,0,'0000-00-00','2016-07-25 07:11:26','2016-07-25 07:11:26',0),(831,'Material zyrtar - shpenzim i kabinetit te Kryetares , borgj','',1,1,35.00,38,9,NULL,3,'0000-00-00','0000-00-00',1,35.00,0,'0000-00-00','2016-07-25 07:13:41','2016-07-25 07:13:41',0),(832,'Blerje e luleve te fresketa per periudhe te gjate gjithsejt 5 fatura, per nevoja te zyres se Kryetares - borgj','',1,1,287.00,144,9,NULL,3,'0000-00-00','0000-00-00',1,287.00,0,'0000-00-00','2016-07-25 07:24:48','2016-07-25 07:24:48',0),(833,'Blerje per nevoja te zyres se Kryetares - borgj \r\nfatura 0097982 dt. 19.10.2015','',1,27,370.00,145,9,NULL,3,'0000-00-00','0000-00-00',2,0.00,0,'0000-00-00','2016-07-25 07:27:18','2016-07-25 07:27:18',0),(834,'Drekë zyrtare - kabineti i Kryetares\r\nme mysafir Ambasadorin e Britanise se Madhe\r\nfat. 3828 dt. 22.07.2015','',1,9,250.50,108,9,NULL,3,'0000-00-00','0000-00-00',1,250.50,0,'0000-00-00','2016-07-25 07:29:33','2016-07-25 07:29:33',0),(835,'Rryma per muajin qershor 2016','Grup Fakturash',3,5,1221.27,5,1,2,1,'2016-08-11','2016-07-04',1,1221.27,0,'2016-07-31','2016-07-25 10:47:22','2016-11-03 07:50:11',0),(836,'Material Zyrtar','63',1,43,357.49,16,1,2,1,'2016-10-20','2016-07-08',1,357.49,0,'2016-10-20','2016-07-25 10:50:34','2016-12-08 12:44:15',0),(837,'Publikime-shpallja e konkurseve.','741',1,22,184.00,21,1,2,1,'2016-08-16','2016-07-08',1,184.00,0,'0000-00-00','2016-07-25 10:55:25','2016-11-24 07:12:28',0),(839,'Mirembajtja e paisjeve-klimave','07/2016',1,21,3925.00,146,1,2,1,'2016-08-19','2016-07-08',1,3925.00,0,'0000-00-00','2016-07-25 11:19:05','2016-11-24 07:11:23',0),(841,'Shpallja e konkursit - Zyrtar për përkthime','0651/16',1,22,25.00,97,1,2,1,'2016-07-29','2016-06-29',1,25.00,0,'0000-00-00','2016-07-26 07:36:06','2016-11-21 12:01:37',0),(842,'shpenzime postare qershor 2016','6/1/2016',1,10,602.50,6,1,2,1,'2016-10-20','2016-07-12',1,602.50,0,'0000-00-00','2016-07-26 07:38:43','2016-12-08 12:45:13',0),(843,'shpenzimet e tel.mobile prill 2016','140415048875/1673',1,8,1468.65,8,1,2,1,'2016-10-19','2016-05-04',1,1468.65,0,'0000-00-00','2016-07-26 07:41:49','2016-12-08 12:28:29',0),(844,'Sigurimi fizik i objektit per muajin Korrik 2016','',1,29,287.28,41,9,NULL,3,'0000-00-00','0000-00-00',1,287.28,0,'0000-00-00','2016-08-01 07:04:02','2016-08-01 07:04:02',0),(845,'Mirembajtja e objektit per muajin Korrik 2016','',1,20,223.33,147,9,NULL,3,'0000-00-00','0000-00-00',1,223.33,0,'0000-00-00','2016-08-01 07:36:04','2016-08-01 07:36:04',0),(847,'printimi per paisjet Pronë e AK','Sh-213/2016',1,32,284.72,149,12,12,3,'2016-08-12','2016-06-30',1,284.72,0,'0000-00-00','2016-08-25 10:46:43','2016-08-25 10:46:43',0),(848,'derivate per nevojat e DZHE','',1,32,66.46,3,12,12,3,'2016-07-27','2016-06-30',1,66.46,0,'0000-00-00','2016-08-25 10:50:22','2016-08-25 10:50:22',0),(849,'derivate per nevojat e DZHE per 31.05.2016','',1,32,22.38,3,12,12,3,'2016-08-17','2016-05-31',1,22.38,0,'0000-00-00','2016-08-25 10:54:08','2016-08-25 10:54:08',0),(850,'kafe qaja ujë per 30.04/2016','',1,32,40.20,63,12,12,3,'2016-07-27','2016-04-29',1,40.20,0,'0000-00-00','2016-08-25 10:57:36','2016-08-25 10:57:36',0),(851,'publikim i konkursit per zyrtar per promovimin e turizmit','',1,32,15.00,97,12,12,3,'2016-08-17','2016-07-29',1,15.00,0,'0000-00-00','2016-08-25 11:00:22','2016-08-25 11:00:22',0),(852,'shpalle konkursit -zyrtar per promovimin e turizmit per DZHE','',1,32,25.00,97,12,12,3,'2016-08-17','2016-06-10',1,25.00,0,'0000-00-00','2016-08-25 11:02:56','2016-08-25 11:02:56',0),(853,'Lektorim per planin Zhvillimor','600356465',1,32,99.00,143,12,12,3,'2016-08-17','2016-06-28',1,99.00,0,'0000-00-00','2016-08-25 11:06:43','2016-08-25 11:06:43',0),(854,'konkurs per zyrtar të turizmit','739',1,32,184.00,150,12,12,3,'2016-08-17','2016-07-08',1,184.00,0,'0000-00-00','2016-08-25 11:11:51','2016-08-25 11:11:51',0),(855,'Pagesa e internetit per zyren Multifunksionale 31.05&30.06/2016','',1,30,19.98,6,12,12,3,'2016-08-17','2016-06-30',1,19.98,0,'0000-00-00','2016-08-25 11:25:24','2016-08-25 11:25:24',0),(856,'Internet per zyren Multifunksionale  per muajin01.07-31.07/2016','510230571241695',1,30,9.99,6,12,12,3,'2016-08-17','2016-07-30',1,9.99,0,'0000-00-00','2016-08-25 11:36:51','2016-08-25 11:36:51',0),(857,'pjesmarrje ne panairin travel','',1,15,1.35,151,12,12,3,'2016-08-17','2016-05-27',1,1.35,0,'0000-00-00','2016-08-25 11:42:53','2016-08-25 11:42:53',0),(858,'matrjal zyrtar per nevojat e DZHE','70',1,43,73.70,16,12,12,3,'0000-00-00','2016-08-18',1,73.70,0,'0000-00-00','2016-08-30 10:22:14','2016-08-30 10:22:14',0),(859,'reprezentacion kafe qaja ujë per nevojat e DZHE.','59844 per 31.07&59848 per 31.06/2015',1,2,80.30,63,12,12,3,'2016-08-24','2016-07-29',1,80.30,0,'0000-00-00','2016-08-30 10:26:29','2016-08-30 10:26:29',0),(860,'Mirëmbajtja e objektit për muajin Gusht 2016','',1,20,223.33,147,9,NULL,3,'0000-00-00','0000-00-00',1,223.33,0,'0000-00-00','2016-09-05 05:03:10','2016-09-05 05:03:10',0),(861,'Material zyrtar per nevoja te Drejtorise','',1,1,104.00,16,9,NULL,3,'0000-00-00','0000-00-00',1,104.00,0,'0000-00-00','2016-09-05 05:10:09','2016-09-05 05:10:09',0),(862,'Shpenzim i karburantit per makinen zyrtare per muajin Gusht 2016','',1,4,42.90,3,9,NULL,3,'0000-00-00','0000-00-00',1,42.90,0,'0000-00-00','2016-09-05 05:12:00','2016-09-05 05:12:00',0),(863,'Shtypje dhe furnizim me zarfa zyrtare','',1,1,90.00,16,9,NULL,3,'0000-00-00','0000-00-00',1,90.00,0,'0000-00-00','2016-09-05 05:17:22','2016-09-05 05:17:22',0),(864,'Publikim i shqyrtimit publik sipas ligjit','',1,22,49.13,64,9,NULL,3,'0000-00-00','0000-00-00',1,49.13,0,'0000-00-00','2016-09-05 05:20:33','2016-09-05 05:20:33',0),(865,'Publikim i shqyrtimit publik sipas ligjit','',1,22,42.00,21,9,NULL,3,'0000-00-00','0000-00-00',1,42.00,0,'0000-00-00','2016-09-05 05:23:46','2016-09-05 05:23:46',0),(866,'Shpenzim i ujit per muajin Gusht 2016 dhe riprogramim i borgjit','',3,7,233.47,7,9,NULL,3,'0000-00-00','0000-00-00',1,233.47,0,'0000-00-00','2016-09-05 05:25:32','2016-09-05 05:25:32',0),(867,'Shpenzim i rrymes per muajin Gusht 2016','',3,5,140.29,5,9,NULL,3,'0000-00-00','0000-00-00',1,140.29,0,'0000-00-00','2016-09-05 05:26:33','2016-09-05 05:26:33',0),(868,'Grumbullimi i mbeturinave per muajin Gusht 2016','',3,13,24.21,12,9,NULL,3,'0000-00-00','0000-00-00',1,24.21,0,'0000-00-00','2016-09-05 05:27:31','2016-09-05 05:27:31',0),(869,'Sigurimi fizik i objektit, sipas kontrates vjetore','',1,26,300.96,41,9,NULL,3,'0000-00-00','0000-00-00',1,300.96,0,'0000-00-00','2016-09-07 05:36:20','2016-09-07 05:36:20',0),(870,'Pagesa e internetit per zyren multifunksionale per muajin 01.08/31.08/2016','510230571241702',1,32,9.99,6,12,12,3,'2016-09-13','2016-09-09',1,9.99,0,'0000-00-00','2016-09-13 11:03:23','2016-09-13 11:03:23',0),(871,'Materjal zyrtar per nevojat e DZHE','105',1,43,57.10,16,12,12,3,'2016-09-09','2016-09-08',1,57.10,0,'0000-00-00','2016-09-13 11:06:54','2016-09-13 11:06:54',0),(872,'rexhistrim i automjetit per DZHE.','07/2016',1,25,220.30,152,12,12,3,'2016-09-08','2016-09-07',1,220.30,0,'0000-00-00','2016-09-13 11:11:42','2016-09-13 11:11:42',0),(873,'Zotim i mjeteve per kompjuter','',1,NULL,0.00,NULL,12,12,1,'0000-00-00','2016-09-07',4,500.00,0,'0000-00-00','2016-09-13 11:12:40','2016-09-13 11:12:40',0),(874,'Publikim i njoftimeve spot reklamues TV.Syri','51/5/2016',1,22,700.00,20,12,12,3,'2016-09-29','2016-05-27',1,700.00,0,'0000-00-00','2016-09-28 07:27:16','2016-09-28 07:27:16',0),(875,'ndrrim i baterisë vetures se DZHE 07Z1802','',1,25,42.00,68,12,12,3,'2016-10-03','2016-09-29',1,42.00,0,'0000-00-00','2016-10-04 06:55:21','2016-10-04 06:55:21',0),(876,'fotokopje collor A4 dhe lidhje me spirale per nevojat e DZHE.','665',1,43,74.00,38,12,12,3,'2016-10-03','2016-09-29',1,74.00,0,'0000-00-00','2016-10-04 07:00:00','2016-10-04 07:00:00',0),(877,'fotokopje color dhe lidhje me spirale Strategjija Zhvillimore','669',1,43,23.00,38,12,12,3,'2016-10-03','2016-09-30',1,23.00,0,'0000-00-00','2016-10-04 07:02:55','2016-10-04 07:02:55',0),(878,'shpenzim i ujit per muajin 8/2016 se bashku me riprogramim te borgjit','',3,7,241.50,7,9,NULL,3,'0000-00-00','0000-00-00',1,241.50,0,'0000-00-00','2016-10-12 10:07:05','2016-10-12 10:07:05',0),(879,'pagesa e rrymes per muajin 08/2016','',3,5,122.20,5,9,NULL,3,'0000-00-00','0000-00-00',1,122.20,0,'0000-00-00','2016-10-12 10:08:07','2016-10-12 10:08:07',0),(880,'shpenzim i karburantit per veturen zyrtare per muajin 08/2016','',1,4,25.65,3,9,NULL,3,'0000-00-00','0000-00-00',1,25.65,0,'0000-00-00','2016-10-12 10:10:23','2016-10-12 10:10:23',0),(881,'Pagesa e kompenzimit per punimin e P.Rr.U.H. Rogova','',2,27,3750.00,153,9,NULL,3,'0000-00-00','0000-00-00',1,3750.00,0,'0000-00-00','2016-10-12 10:28:00','2016-10-12 10:28:00',0),(882,'Sigurimi i objektit per muajin 09/2016','',1,27,300.96,41,9,NULL,3,'0000-00-00','0000-00-00',1,300.96,0,'0000-00-00','2016-10-12 10:31:49','2016-10-12 10:31:49',0),(883,'Mirembajtja dhe pastrimi i objektit per muajin 09/2016','',1,20,223.33,147,9,NULL,3,'0000-00-00','0000-00-00',1,223.33,0,'0000-00-00','2016-10-12 10:33:21','2016-10-12 10:33:21',0),(884,'udhetim zyrtar jasht vendit - 6 dite','',1,69,250.80,154,9,NULL,3,'0000-00-00','0000-00-00',1,250.80,0,'0000-00-00','2016-10-12 10:36:02','2016-10-12 10:36:02',0),(885,'Derivate per makinen zyrtare per muajin 09/2016','',1,4,51.90,3,9,NULL,3,'0000-00-00','0000-00-00',1,51.90,0,'0000-00-00','2016-10-12 10:37:26','2016-10-12 10:37:26',0),(886,'Mbeturinat per muajt 8,9/2016','',3,13,48.42,12,9,NULL,3,'0000-00-00','0000-00-00',1,48.42,0,'0000-00-00','2016-10-12 10:40:22','2016-10-12 10:40:22',0),(887,'Shpenzim i rrymes per muajin 09/2016','',3,5,91.19,5,9,NULL,3,'0000-00-00','0000-00-00',1,91.19,0,'0000-00-00','2016-10-12 10:41:13','2016-10-12 10:41:13',0),(888,'Shpenzim i ujit dhe riprogramim i borgjit per muajin 09/2016','',3,7,231.45,7,9,NULL,3,'0000-00-00','0000-00-00',1,231.45,0,'0000-00-00','2016-10-12 10:42:14','2016-10-12 10:42:14',0),(889,'Shpenzim i parase se gatshme per dreke zyrtare','',1,9,35.80,155,9,NULL,3,'0000-00-00','0000-00-00',1,35.80,0,'0000-00-00','2016-10-12 10:45:46','2016-10-12 10:45:46',0),(890,'katallog per ekspozit vizit gjakova','321/2016',1,43,1.35,4,12,12,3,'2016-10-13','2016-10-06',1,1.35,0,'0000-00-00','2016-10-26 07:30:20','2016-10-26 07:30:20',0),(891,'Derivate per nevojat e DZHE','2872/16',1,32,17.68,3,12,12,3,'2016-10-11','2016-10-30',1,17.68,0,'0000-00-00','2016-10-26 07:34:09','2016-10-26 07:34:09',0),(892,'internet ne zyren multifunksionale','510230571241710',1,32,9.99,6,12,12,3,'2016-10-13','2016-10-01',1,9.99,0,'0000-00-00','2016-10-26 07:38:12','2016-10-26 07:38:12',0),(893,'pije dhe ushqim  grupi punues i NJMQ.Qarshisë Madhe','56642',1,59,101.00,107,12,12,3,'2016-10-17','2016-10-11',1,101.00,0,'0000-00-00','2016-10-26 07:43:05','2016-10-26 07:43:05',0),(894,'portal pune zyrtar per turizem DZHE','1110/16',1,89,25.00,97,12,12,3,'2016-10-25','2016-10-17',1,25.00,0,'0000-00-00','2016-10-26 07:47:54','2016-10-26 07:47:54',0),(895,'kafe qaja ujë','',1,2,77.70,63,12,12,3,'2016-10-24','2016-09-30',1,77.70,0,'0000-00-00','2016-10-26 10:17:30','2016-10-26 10:17:30',0),(896,'Zarfa per nevojat  e DZHE','331/2016',1,43,150.00,4,12,12,3,'2016-10-24','2016-10-14',1,150.00,0,'0000-00-00','2016-10-26 10:20:43','2016-10-26 10:20:43',0),(897,'Dreka zyrtare - Komisioni','15/2016',1,9,32.50,138,1,31,1,'2016-07-26','2016-07-07',1,32.50,0,'0000-00-00','2016-11-03 08:11:26','2016-11-21 12:05:03',0),(898,'Paga për shërbimet kontraktuese për periudhen 21.06.2016 - 21.07.2016','Pa numër',1,27,300.00,156,1,31,1,'2016-08-11','2016-07-21',1,300.00,0,'0000-00-00','2016-11-03 08:15:52','2016-11-03 08:16:17',0),(899,'Paga për shërbimet kontraktuese për periudhen 21.06.2016 - 21.07.2016','Pa numër',1,27,300.00,158,1,31,1,'2016-08-11','2016-07-21',1,300.00,0,'0000-00-00','2016-11-03 08:17:00','2016-11-03 08:17:00',0),(900,'Paga për shërbimet kontraktuese për periudhen 21.06.2016 - 21.07.2016','Pa numër',1,27,300.00,157,1,31,1,'2016-08-11','2016-07-21',1,300.00,0,'0000-00-00','2016-11-03 08:17:47','2016-11-03 08:17:47',0),(901,'Paga e avokatit Gazmend Nushi për muajin Korrik 2016','Pa numër',1,27,500.00,32,1,31,1,'2016-08-11','2016-08-01',1,500.00,0,'0000-00-00','2016-11-03 08:20:02','2016-11-03 08:20:02',0),(902,'Mirëmbajtja e objektit për muajin Tetor 2016','',1,NULL,0.00,NULL,1,31,1,'0000-00-00','2016-11-30',4,875.04,0,'0000-00-00','2016-11-03 08:40:59','2016-11-03 08:40:59',0),(903,'Mirëmbajtja e objektit për muajin Nëntor 2016','',1,NULL,0.00,NULL,1,31,1,'0000-00-00','2016-12-30',4,875.04,0,'0000-00-00','2016-11-03 08:41:38','2016-11-03 08:41:38',0),(904,'Mirëmbajtja e objektit për muajin Dhjetor 2016','',1,NULL,0.00,NULL,1,31,1,'0000-00-00','2017-01-31',4,875.04,0,'0000-00-00','2016-11-03 08:41:56','2016-11-03 08:41:56',0),(905,'Mirëmbajtja e objektit për muajin Korrik 2016','53/2016',1,20,875.04,90,1,31,1,'2016-09-07','2016-08-01',1,875.04,0,'0000-00-00','2016-11-03 08:44:38','2016-11-03 08:44:38',0),(906,'Mirëmbajtja e objektit për muajin Shtator 2016','76/2016',1,20,875.04,90,1,31,1,'2016-10-21','2016-10-01',1,875.04,0,'0000-00-00','2016-11-03 08:46:07','2016-11-03 08:46:07',0),(907,'Mirëmbajtja e objektit për muajin Gusht 2016','Pa numër',1,20,875.04,90,1,31,1,'2016-09-29','2016-09-01',1,875.04,0,'0000-00-00','2016-11-03 08:47:18','2016-11-03 08:47:18',0),(908,'Mirëmbajtja e objektit për Drejtorinë për Kulturë, Rini dhe Sport','Grup Fakturash',1,20,3077.84,90,1,31,1,'2016-08-12','2016-07-01',1,3077.84,0,'0000-00-00','2016-11-03 08:48:51','2016-11-03 08:48:51',0),(909,'Material i shtypur','231/2016',1,1,4700.00,4,1,31,1,'2016-08-12','2016-07-11',1,4700.00,0,'0000-00-00','2016-11-03 08:53:29','2016-11-03 08:53:29',0),(910,'Material i shtypur','268/2016',1,1,1500.00,4,1,31,1,'2016-08-12','2016-08-11',1,1500.00,0,'0000-00-00','2016-11-03 08:55:10','2016-11-03 08:55:10',0),(911,'Shpallaj e konkursit për zyrtarin e Logjistikës','1120',1,22,184.00,21,1,31,1,'2016-10-20','2016-10-05',1,184.00,0,'0000-00-00','2016-11-03 08:58:46','2016-12-08 12:45:55',0),(912,'Material zyrtar - Libra protokoli për post','00369',1,1,100.00,1,1,31,1,'2016-08-12','2016-07-24',1,100.00,0,'0000-00-00','2016-11-03 09:02:33','2016-11-03 09:02:33',0),(913,'Shpenzimet postare për muajin Qershor 2016','6/1/2016',1,10,602.50,6,1,31,1,'2016-08-12','2016-07-12',1,602.50,0,'0000-00-00','2016-11-03 09:04:55','2016-11-03 09:04:55',0),(914,'Material zyrtar - stilografa me ngjyrë','00368',1,1,30.00,1,1,31,1,'2016-08-12','2016-07-22',1,30.00,0,'0000-00-00','2016-11-03 09:06:14','2016-11-03 09:06:14',0),(915,'Mirëmbajtja e automjetit','16-SHV01-GJ2-6315',1,25,45.50,68,1,31,1,'2016-08-24','2016-08-01',1,45.50,0,'0000-00-00','2016-11-03 09:11:36','2016-11-03 09:11:36',0),(916,'Mirëmbajtja e automjetit','16-SHV01-Gj2-6196',1,25,5.00,68,1,31,1,'2016-08-24','2016-07-28',1,5.00,0,'0000-00-00','2016-11-03 09:12:33','2016-11-03 09:12:33',0),(917,'Shpenzimet e telefonit mobil për muajin Mars, Prill, Maj 2016','Grup Fakturash',1,8,536.48,8,1,31,1,'2016-08-24','2016-04-04',1,536.48,0,'0000-00-00','2016-11-21 07:36:58','2016-11-21 07:36:58',0),(918,'Blejra e shaktave për parkun e qytetit','0087334',1,83,90.00,159,1,31,1,'2016-08-25','2016-08-22',1,90.00,0,'0000-00-00','2016-11-21 07:42:06','2016-11-21 07:42:06',0),(919,'Sigurimi i automjetit - Drejtoria e Bujqësisë dhe Kadastrës','86/16',1,31,217.12,160,1,31,1,'2016-08-25','2016-07-22',1,217.12,0,'0000-00-00','2016-11-21 07:45:42','2016-11-21 07:45:42',0),(920,'Paga e gazetarit Gazmend Doli për muajin Korrik 2016','Pa numër',1,27,350.00,161,1,31,1,'2016-09-06','2016-08-01',1,350.00,0,'0000-00-00','2016-11-21 07:48:52','2016-11-21 07:48:52',0),(921,'Material i shtypur','283/2016',1,1,315.00,4,1,31,1,'2016-09-28','2016-08-24',1,315.00,0,'0000-00-00','2016-11-21 07:54:48','2016-11-21 07:54:48',0),(922,'Material zyrtar','72',1,1,359.19,16,1,31,1,'2016-09-28','2016-08-18',1,359.19,0,'0000-00-00','2016-11-21 07:55:56','2016-11-21 07:56:32',0),(923,'Material zyrtar - Fasiklla kartoni me toja','00376',1,1,100.00,1,1,31,1,'2016-09-28','2016-07-27',1,100.00,0,'0000-00-00','2016-11-21 11:30:51','2016-11-21 11:30:51',0),(924,'Dru për ngrohje','Pa numër',1,68,595.00,162,1,31,1,'2016-09-28','2016-09-28',1,595.00,0,'0000-00-00','2016-11-21 11:34:51','2016-11-21 11:35:13',0),(925,'Shërbimet e TV-së - Tv Syri Vision','50/16',1,27,2500.00,67,1,31,1,'2016-09-28','2016-05-27',1,2500.00,0,'0000-00-00','2016-11-21 11:38:47','2016-11-21 11:38:47',0),(926,'Servisimi i automjeteve','',1,NULL,0.00,NULL,1,31,1,'0000-00-00','2016-09-28',4,1000.00,0,'0000-00-00','2016-11-21 11:39:53','2016-11-21 11:39:53',0),(927,'Fatura e rrymës për muajin Gusht 2016','Grup Fakturash',3,5,1351.71,5,1,31,1,'2016-09-29','2016-09-05',1,1351.71,0,'0000-00-00','2016-11-21 11:41:48','2016-11-21 11:41:48',0),(928,'Fatura e ujit për muajin Gusht 2016','Grup Fakturash',3,7,819.31,7,1,31,1,'2016-10-03','2016-09-01',1,819.31,0,'0000-00-00','2016-11-21 11:43:56','2016-11-21 11:43:56',0),(929,'Mirëmbajtja e objektit të komunës','0034587',1,20,98.50,163,1,31,1,'2016-10-07','2016-08-29',1,98.50,0,'0000-00-00','2016-11-21 11:46:12','2016-11-21 11:46:12',0),(930,'Fatura e ujit për muajin Shtator 2016','Grup Fakturash',3,7,646.36,7,1,31,1,'2016-10-07','2016-10-01',1,646.36,0,'0000-00-00','2016-11-21 11:47:47','2016-11-21 11:47:47',0),(931,'Material i shtypur - Fakturat nr. 302/16, 320/16, 306/16, 292/16','Grup Fakturash',1,1,2535.00,4,1,31,1,'2016-10-07','2016-09-07',1,2535.00,0,'0000-00-00','2016-11-21 11:50:27','2016-11-21 11:50:27',0),(932,'Zotim i mjeteve për Certifikata','',1,NULL,0.00,NULL,1,31,1,'0000-00-00','2016-10-13',4,2249.10,0,'0000-00-00','2016-11-21 11:51:52','2016-11-21 11:51:52',0),(933,'Material zyrtar - Hard disc','00292',1,1,33.00,1,1,31,1,'2016-10-13','2016-09-09',1,33.00,0,'0000-00-00','2016-11-21 11:54:41','2016-11-21 11:54:41',0),(934,'Material zyrtar - Flamuj','00696',1,1,40.00,1,1,31,1,'2016-10-13','2016-10-11',1,40.00,0,'0000-00-00','2016-11-21 11:55:27','2016-11-21 11:55:27',0),(935,'Fatura e mbeturinave për muajin Korrik 2016','102/2016',3,13,193.71,12,1,31,1,'2016-08-15','2016-07-31',1,193.71,0,'0000-00-00','2016-11-21 13:34:55','2016-11-21 13:34:55',0),(936,'Derivate për vetura, fatura nr. 1920/16 për muajin Qershor 2016 dhe fatura nr. 2288/16 për muajin Korrik 2016','1920/16 & 2288/16',1,4,445.80,3,1,31,1,'2016-08-16','2016-06-30',1,445.80,0,'0000-00-00','2016-11-21 13:37:28','2016-11-21 13:37:28',0),(937,'Zotim i mjeteve për Certifikata','',1,NULL,0.00,NULL,1,31,1,'0000-00-00','2016-08-12',4,2249.10,0,'0000-00-00','2016-11-21 13:38:58','2016-11-21 13:38:58',0),(938,'matrjal zyrtar','167',1,1,43.95,16,12,12,3,'2016-11-18','2016-11-03',1,43.95,0,'0000-00-00','2016-11-23 12:56:58','2016-11-23 12:56:58',0),(939,'Ushqim dhe pije hani haraqisë  puntori nji ditore','1005101',1,9,35.50,107,12,12,3,'2016-11-22','2016-11-18',1,35.50,0,'0000-00-00','2016-11-23 13:01:53','2016-11-23 13:01:53',0),(941,'vizit karta per Drejtoreshen e DZHE','359/2016',1,43,10.00,4,12,12,3,'2016-11-18','2016-11-04',1,10.00,0,'0000-00-00','2016-11-23 13:08:38','2016-11-23 13:08:38',0),(942,'internet per zyren multifunksionale','',1,30,19.98,6,12,12,3,'2016-11-18','2016-11-03',1,19.98,0,'0000-00-00','2016-11-23 13:12:52','2016-11-23 13:12:52',0),(943,'konkurs per zyrtar te turizmit per DZHE','1251',1,89,184.00,150,12,12,3,'2016-11-21','2016-11-09',1,184.00,0,'0000-00-00','2016-11-23 13:18:55','2016-11-23 13:18:55',0),(944,'materjal zyrtar per nevojat e DZHE','00509',1,43,30.00,38,12,12,3,'2016-11-22','2016-11-18',1,30.00,0,'0000-00-00','2016-11-23 13:23:34','2016-11-23 13:23:34',0),(945,'Kafe,qaja ujë  reprezentacion per nevojat e DZHE','',1,59,19.40,63,12,12,3,'2016-11-22','2016-10-31',1,19.40,0,'0000-00-00','2016-11-23 13:26:43','2016-11-23 13:26:43',0),(946,'maus pa kabell per drejtoreshen Silvana Domi(DZHE)','165',1,43,10.00,16,12,12,3,'2016-11-22','2016-11-02',1,10.00,0,'0000-00-00','2016-11-23 13:29:48','2016-11-23 13:29:48',0),(947,'derivate per DZHE','',1,4,22.93,3,12,12,3,'0000-00-00','0000-00-00',1,22.93,0,'0000-00-00','2016-11-23 13:32:40','2016-11-23 13:32:40',0),(948,'Sigurimi i automjetit - Citroen c4','160665',1,31,252.06,34,1,31,1,'2016-08-15','2016-08-02',1,252.06,0,'0000-00-00','2016-11-24 07:07:40','2016-11-24 07:07:40',0),(949,'Fatura e ujit për muajin Korrik 2016','Grup Fakturash',3,7,801.43,7,1,31,1,'2016-08-15','2016-08-01',1,801.43,0,'0000-00-00','2016-11-24 07:09:24','2016-11-24 07:09:24',0),(950,'Run for nature ','',1,NULL,0.00,NULL,1,31,1,'0000-00-00','2016-08-16',4,510.00,0,'0000-00-00','2016-11-24 07:14:17','2016-11-24 07:14:17',0),(951,'Plotësimi i modulit  E-punësimi','',1,NULL,0.00,NULL,1,31,1,'0000-00-00','2016-08-16',4,420.00,0,'0000-00-00','2016-11-24 07:15:01','2016-11-24 07:15:01',0),(952,'Shërbime kontraktuese - Fotokopje dhe printim','SH-188/2016',1,27,706.62,165,1,31,1,'2016-08-16','2016-06-30',1,706.62,0,'0000-00-00','2016-11-24 07:18:28','2016-11-24 07:18:28',0),(953,'Fatura e rrymës për muajin Korrik 2016','Grup Fakturash',3,5,1423.47,5,1,31,1,'2016-08-16','2016-07-30',1,1423.47,0,'0000-00-00','2016-11-24 07:37:56','2016-11-24 07:37:56',0),(954,'Fatura e shpenzimeve postare për muajin Korrik 2016','7/2016',1,10,793.70,6,1,31,1,'2016-08-16','2016-08-12',1,793.70,0,'0000-00-00','2016-11-24 07:40:47','2016-11-24 07:40:47',0),(955,'Shpenzimet e udhëtimit zyrtar në Durrës - Erlinda Rizvanolli','Pa numër',1,28,250.80,29,1,31,1,'2016-08-16','2016-06-18',1,250.80,0,'0000-00-00','2016-11-24 07:57:51','2016-11-24 07:57:51',0),(956,'Fatura për sigurimin fizik - Korrik 2016','534 & 541',1,27,2831.76,27,1,31,1,'2016-08-11','2016-08-01',1,2831.76,0,'0000-00-00','2016-11-24 07:59:18','2016-11-24 07:59:18',0),(957,'Pagesa për shërbimet kontraktuese për periudhën 21.07.2016 - 21.08.2016','Pa numër',1,27,300.00,157,1,31,1,'2016-08-19','2016-08-21',1,300.00,0,'0000-00-00','2016-11-24 08:03:55','2016-11-24 08:03:55',0),(958,'Pagesa për shërbimet kontraktuese për periudhën 21.07.2016 - 21.08.2016','Pa numër',1,27,300.00,156,1,31,1,'2016-08-19','2016-08-21',1,300.00,0,'0000-00-00','2016-11-24 08:04:40','2016-11-24 08:04:40',0),(959,'Pagesa për shërbimet kontraktuese për periudhën 21.07.2016 - 21.08.2016','Pa numër',1,27,300.00,158,1,31,1,'2016-08-19','2016-08-21',1,300.00,0,'0000-00-00','2016-11-24 08:05:21','2016-11-24 08:05:21',0),(960,'Pagesa për shërbimet kontraktuese për periudhën 21.08.2016 - 21.09.2016','Pa numër',1,27,300.00,157,1,31,1,'2016-09-23','2016-09-21',1,300.00,0,'0000-00-00','2016-11-24 08:07:14','2016-11-24 08:07:14',0),(961,'Pagesa për shërbimet kontraktuese për periudhën 21.08.2016 - 21.09.2016','Pa numër',1,27,300.00,156,1,31,1,'2016-09-23','2016-09-21',1,300.00,0,'0000-00-00','2016-11-24 08:08:11','2016-11-24 08:08:11',0),(962,'Pagesa për shërbimet kontraktuese për periudhën 21.08.2016 - 21.09.2016','Pa numër',1,27,300.00,158,1,31,1,'2016-09-23','2016-09-21',1,300.00,0,'0000-00-00','2016-11-24 08:08:51','2016-11-24 08:08:51',0),(963,'Zotimi i mjeteve për sigurimin fizik - Gusht 2016','',1,NULL,0.00,NULL,1,31,1,'0000-00-00','2016-08-19',4,2859.12,0,'0000-00-00','2016-11-24 08:11:08','2016-11-24 08:11:08',0),(964,'Fatura e sigurimit fizik për muajin Shtator 2016','690 & 683',1,26,2763.36,27,1,31,1,'2016-10-04','2016-10-03',1,2763.36,0,'0000-00-00','2016-11-24 08:13:40','2016-11-24 08:13:40',0),(965,'Mirëmbajtja e objektit - Elektrika','237/2016',1,20,1555.50,166,1,31,1,'2016-08-19','2016-07-21',1,1555.50,0,'0000-00-00','2016-11-24 08:16:32','2016-11-24 08:16:32',0),(966,'Shërbime teknike - Përkthim','Pa numër',1,29,14.00,167,1,31,1,'2016-08-19','2016-07-02',1,14.00,0,'0000-00-00','2016-11-24 08:22:15','2016-11-24 08:22:15',0),(967,'TV.Syri','',1,27,400.00,67,12,12,3,'2016-11-25','2016-12-08',1,400.00,0,'0000-00-00','2016-12-02 12:22:24','2016-12-02 12:22:24',0),(968,'Mirmbajtja e aplikacionit për taksë në firmë','A/13-s',1,27,80.00,168,12,12,3,'2016-11-24','2016-11-11',3,80.33,0,'2016-12-02','2016-12-02 12:28:51','2016-12-02 12:28:51',0),(969,'Materjal zyrtar per nevojat e DZHE','',1,1,184.96,16,12,12,3,'2016-12-24','2016-11-24',1,184.96,0,'0000-00-00','2016-12-02 12:38:54','2016-12-02 12:38:54',0),(970,'Dekorim per festat e fundvitit','',1,27,2000.00,143,12,12,3,'2016-11-24','0000-00-00',1,2000.00,0,'0000-00-00','2016-12-02 12:42:04','2016-12-02 12:42:04',0),(971,'hart disk per nevojat e DZHE drejtoresha Silvana Domi','',1,43,60.00,16,12,12,3,'2016-11-25','2016-11-02',1,60.00,0,'0000-00-00','2016-12-05 06:37:14','2016-12-05 06:37:14',0),(972,'Sigurimi fizik për muajin Gusht 2016 për Drejtorinë e Kadastrës','611',1,26,1696.32,27,1,31,1,'2016-10-13','2016-09-01',1,1696.32,0,'0000-00-00','2016-12-08 08:19:54','2016-12-08 08:19:54',0),(973,'Material zyrtar, fatura nr. 111 - 14.09.2016 dhe fatura nr. 119 - 03.10.2016','111 & 119',1,1,300.09,16,1,31,1,'2016-10-13','2016-09-14',1,300.09,0,'0000-00-00','2016-12-08 08:21:56','2016-12-08 08:21:56',0),(974,'Material i shtypur për Kabinetin e Kryetares','120 & 126 & 134',1,1,1125.00,4,1,31,1,'2016-10-13','2016-04-25',1,1125.00,0,'0000-00-00','2016-12-08 12:04:28','2016-12-08 12:04:28',0),(975,'Shërbime teknike','329-2016',1,22,200.00,14,1,31,1,'2016-10-13','2016-09-21',1,200.00,0,'0000-00-00','2016-12-08 12:07:06','2016-12-08 12:07:06',0),(976,'Shpallja e konkursit për zyrtarin e Logjistikës','0989/16',1,22,25.00,164,1,31,1,'2016-10-13','2016-09-15',1,25.00,0,'0000-00-00','2016-12-08 12:08:25','2016-12-08 12:08:25',0),(977,'Reprezentacion me rastin e penzionit të zyrtarit të Logjistikës','Pa numër',1,2,49.27,22,1,31,1,'2016-10-13','2016-08-02',1,49.27,0,'0000-00-00','2016-12-08 12:10:03','2016-12-08 12:10:03',0),(978,'Fatura e rrymës për muajin Shtator 2016','Grup Fakturash',3,5,939.31,5,1,31,1,'2016-10-13','2016-10-04',1,939.31,0,'0000-00-00','2016-12-08 12:11:36','2016-12-08 12:11:36',0),(979,'Fatura e mbeturinave për muajin Shtator 2016','102/9/16',3,13,254.24,12,1,31,1,'2016-10-13','2016-09-30',1,254.24,0,'0000-00-00','2016-12-08 12:13:11','2016-12-08 12:13:11',0),(980,'Fatura e telefonit Fiks për muajin Maj 2016','Grup Fakturash',3,6,538.64,6,1,31,1,'2016-10-17','2016-06-07',1,538.64,0,'0000-00-00','2016-12-08 12:14:54','2016-12-08 12:14:54',0),(981,'Fatura e telefonit Fiks për muajin Qershor 2016','Grup Fakturash',3,6,447.45,6,1,31,1,'2016-10-17','2016-07-03',1,447.45,0,'0000-00-00','2016-12-08 12:15:45','2016-12-08 12:15:45',0),(982,'Fatura e telefonit Fiks për muajin Korrik 2016','Grup Fakturash',3,6,567.65,6,1,31,1,'2016-10-17','2016-08-03',1,567.65,0,'0000-00-00','2016-12-08 12:16:27','2016-12-08 12:16:27',0),(983,'Derivate për vetura për muajin Gusht dhe Shtator 2016','2577/16 & 2862/16',1,4,580.24,3,1,31,1,'2016-10-17','2016-08-31',1,580.24,0,'0000-00-00','2016-12-08 12:18:58','2016-12-08 12:18:58',0),(984,'Zotim i mjeteve për arkivole dhe kurora','',1,NULL,0.00,NULL,1,31,1,'0000-00-00','2016-10-19',4,500.00,0,'0000-00-00','2016-12-08 12:20:28','2016-12-08 12:20:28',0),(985,'Material i shtypur','328/2016',1,1,500.00,4,1,31,1,'2016-10-19','2016-10-13',1,500.00,0,'0000-00-00','2016-12-08 12:22:00','2016-12-08 12:22:00',0),(986,'Servisimi i automjetit','1388',1,25,94.97,26,1,31,1,'2016-10-19','2016-08-16',1,94.97,0,'0000-00-00','2016-12-08 12:23:37','2016-12-08 12:23:37',0),(987,'Shpenzimet e udhëtimit zyrtar - Dorina Grezda','Pa numër',1,28,229.03,169,1,31,1,'2016-10-19','2016-09-15',1,229.03,0,'0000-00-00','2016-12-08 12:31:56','2016-12-08 12:31:56',0),(988,'Zotimi i mjeteve për Kompjutera','',1,NULL,0.00,NULL,1,31,1,'0000-00-00','2016-10-19',4,500.00,0,'0000-00-00','2016-12-08 12:33:30','2016-12-08 12:33:30',0),(989,'Zotim i mjeteve për mirëmbajtjen - pastrimin e automjeteve','',1,NULL,0.00,NULL,1,31,1,'0000-00-00','2016-10-19',4,200.00,0,'0000-00-00','2016-12-08 12:33:59','2016-12-08 12:33:59',0),(990,'Mirëmbajtje e pajisjeve','129/2016',1,21,391.01,170,1,31,1,'2016-10-19','2016-10-15',1,391.01,0,'0000-00-00','2016-12-08 12:39:21','2016-12-08 12:39:21',0),(991,'Sigurimi i automjetit','86/16',1,31,236.00,160,1,31,1,'2016-10-20','2016-07-22',1,236.00,0,'0000-00-00','2016-12-08 12:41:31','2016-12-08 12:41:31',0),(992,'Fatura e shpenzimeve postare për muajin Shtator 2016','9/2016',1,10,465.60,6,1,31,1,'2016-10-20','2016-10-10',1,465.60,0,'0000-00-00','2016-12-08 12:48:31','2016-12-08 12:48:31',0),(993,'Mirëmbajtja e pajisjes','129/2016',1,21,4.00,170,1,31,1,'2016-10-24','2016-10-05',1,4.00,0,'0000-00-00','2016-12-08 12:49:40','2016-12-08 12:49:40',0),(994,'Zotimi i mjeteve për Ankand - Fadil Hoxha','',1,NULL,0.00,NULL,1,31,1,'0000-00-00','2016-10-24',4,700.00,0,'0000-00-00','2016-12-08 12:51:15','2016-12-08 12:51:15',0),(995,'Zotimi i mjeteve për Ankand - Fadil Hoxha','',1,NULL,0.00,NULL,1,31,1,'0000-00-00','2016-10-24',4,500.00,0,'0000-00-00','2016-12-08 12:51:24','2016-12-08 12:51:24',0),(996,'Zotimi i mjeteve për Ankand - Fadil Hoxha','',1,NULL,0.00,NULL,1,31,1,'0000-00-00','2016-10-24',4,300.00,0,'0000-00-00','2016-12-08 12:51:33','2016-12-08 12:51:33',0),(997,'Avans për udhëtim zyrtar - Armend Vokshi','',1,NULL,0.00,NULL,1,31,1,'0000-00-00','2016-10-26',4,150.00,0,'0000-00-00','2016-12-08 12:52:08','2016-12-08 12:52:08',0),(998,'Tender për telefoninë mobile','',1,NULL,0.00,NULL,1,31,1,'0000-00-00','2016-10-26',4,250.00,0,'0000-00-00','2016-12-08 12:52:36','2016-12-08 12:52:36',0),(999,'Fatura e rrymës për muajin Tetor 2016','Grup Fakturash',3,5,2788.00,5,1,31,1,'2016-11-08','2016-11-04',1,2788.00,0,'0000-00-00','2016-12-08 12:54:31','2016-12-08 12:54:31',0),(1000,'Fatura e ujit për muajin Tetor 2016','Grup Fakturash',3,7,557.40,7,1,31,1,'2016-11-08','2016-11-01',1,557.40,0,'0000-00-00','2016-12-08 12:56:20','2016-12-08 12:56:20',0),(1001,'Fatura e mbeturinave për muajin Janar 2016','102/1/16',3,13,314.78,12,1,31,1,'2016-11-08','2016-01-31',1,314.78,0,'0000-00-00','2016-12-08 12:58:03','2016-12-08 12:58:03',0),(1002,'Sigurimi i automjetit','0002492',1,31,226.56,152,1,31,1,'2016-11-09','2016-10-20',1,226.56,0,'0000-00-00','2016-12-08 12:59:52','2016-12-08 12:59:52',0),(1003,'Fatura e mbeturinave për muajin Gusht 2016','102/8/16',3,13,266.35,12,1,31,1,'2016-12-08','2016-08-31',1,266.35,0,'0000-00-00','2016-12-08 13:01:15','2016-12-08 13:01:15',0),(1004,'Fatura e rrymës për muajin Nëntor 2016','Grup Fakturash',3,5,3017.68,5,1,31,1,'2016-12-08','2016-12-05',1,3017.68,0,'0000-00-00','2016-12-08 13:02:22','2016-12-08 13:02:22',0),(1005,'Material zyrtar','67',1,1,139.96,16,1,31,1,'2016-08-05','2016-07-29',1,139.96,0,'0000-00-00','2016-12-08 13:06:50','2016-12-08 13:06:50',0),(1006,'Material i shtypur','341/2016',1,1,1000.00,4,1,31,3,'0000-00-00','2016-10-25',2,0.00,0,'0000-00-00','2016-12-08 13:08:51','2016-12-08 13:08:51',0),(1007,'Material i shtypur','348/2016',1,1,80.00,4,1,31,3,'0000-00-00','2016-10-26',2,0.00,0,'0000-00-00','2016-12-08 13:09:28','2016-12-08 13:09:28',0),(1008,'Fatura e shpenzimeve të telefonisë mobile për muajin Maj 2016','140415048875/1679',1,8,1461.79,8,1,31,1,'2016-10-19','2016-06-08',1,1461.79,0,'0000-00-00','2016-12-08 13:14:53','2016-12-08 13:14:53',0),(1009,'Fatura e shpenzimeve të telefonisë mobile për muajin Korrik 2016','140415048875/1694',1,8,1553.19,8,1,31,1,'2016-10-19','2016-08-03',1,1553.19,0,'0000-00-00','2016-12-08 13:16:36','2016-12-08 13:16:36',0),(1010,'Grumbullimi i mbeturinave per muajin 08/2016','',3,13,24.21,12,9,32,3,'0000-00-00','0000-00-00',1,24.21,0,'0000-00-00','2016-12-09 07:32:49','2016-12-09 07:32:49',0),(1011,'Zotim i mjeteve per punimin e P.Rr.H.U. \"Qarshia e Madhe\"','',2,27,6000.10,153,9,32,3,'0000-00-00','0000-00-00',2,0.00,0,'0000-00-00','2016-12-09 07:36:55','2016-12-09 07:36:55',0),(1012,'Zotim i mjeteve per punimin e P.Rr.H.U. \"Deshmoret e Lirise\"','',2,27,8690.00,171,9,32,3,'0000-00-00','0000-00-00',2,0.00,0,'0000-00-00','2016-12-09 07:41:07','2016-12-09 07:41:07',0),(1013,'Zotim i mjeteve per punimin e P.Rr.H.U. \"Rezine 2,3\" dhe \"Petro Nini Luarasi\"','',2,27,45000.00,93,9,32,3,'0000-00-00','0000-00-00',2,0.00,0,'0000-00-00','2016-12-09 07:46:10','2016-12-09 07:46:10',0),(1014,'Sigurimi fizik sipas kontrates\r\nPer muajin 10.2016','',1,26,287.28,41,9,32,3,'0000-00-00','0000-00-00',1,287.28,0,'0000-00-00','2016-12-09 07:56:16','2016-12-09 07:56:16',0),(1015,'Pastrimi i ambienteve të Drejtorise sipas kontrates\r\nper muajin 10.2016','',1,20,223.33,147,9,32,3,'0000-00-00','0000-00-00',1,223.33,0,'0000-00-00','2016-12-09 07:59:02','2016-12-09 07:59:02',0),(1016,'Udhetim zyrtar ne Shqiperi','',1,50,125.40,172,9,32,3,'0000-00-00','0000-00-00',1,125.40,0,'0000-00-00','2016-12-09 08:01:25','2016-12-09 08:01:25',0),(1017,'Grumbullim i mbeturinave per muajin 10.2016','',3,13,24.21,12,9,32,3,'0000-00-00','0000-00-00',1,24.21,0,'0000-00-00','2016-12-09 08:02:40','2016-12-09 08:02:40',0),(1018,'Shpenzim i ujit dhe riprogramim i borgjitmuaji 10.2016','',3,7,232.46,7,9,32,3,'0000-00-00','0000-00-00',1,232.46,0,'0000-00-00','2016-12-09 08:04:32','2016-12-09 08:04:32',0),(1019,'Shpenzim i rrymes ne Drejtori\r\nmuaji 10.2016','',3,5,259.20,84,9,32,3,'0000-00-00','0000-00-00',1,259.20,0,'0000-00-00','2016-12-09 08:05:54','2016-12-09 08:05:54',0),(1020,'Material zyrtar per zyre sipas kontrates','',1,43,53.00,16,9,32,3,'0000-00-00','0000-00-00',1,53.00,0,'0000-00-00','2016-12-09 08:07:25','2016-12-09 08:07:25',0),(1021,'Material zyrtar per zyre sipas kontrates','',1,43,74.50,16,9,32,3,'0000-00-00','0000-00-00',1,74.50,0,'0000-00-00','2016-12-09 08:09:46','2016-12-09 08:09:46',0),(1022,'Derivate per makinen zyrtare per muajin 10.2016','',1,4,45.50,3,9,32,3,'0000-00-00','0000-00-00',1,45.50,0,'0000-00-00','2016-12-09 08:16:57','2016-12-09 08:16:57',0),(1023,'Furnizim dhe qira per fotokopje dhe tonera','',1,86,200.79,165,9,32,3,'0000-00-00','0000-00-00',1,200.79,0,'0000-00-00','2016-12-09 08:20:13','2016-12-09 08:20:13',0),(1024,'Shpenzime nga Kabineti i Kryetares','',1,90,1450.00,67,9,32,3,'0000-00-00','0000-00-00',1,1450.00,0,'0000-00-00','2016-12-09 08:23:04','2016-12-09 08:23:30',0),(1025,'Sigurimi fizik i objektit sipas kontrates\r\nmuaji 11.2016','',1,26,287.28,41,9,32,3,'0000-00-00','0000-00-00',2,0.00,0,'0000-00-00','2016-12-09 08:26:52','2016-12-09 08:26:52',0),(1026,'Pastrimi i objektit sipas kontrates\r\nmuaji 11.2016','',1,20,223.33,147,9,32,3,'0000-00-00','0000-00-00',1,223.33,0,'0000-00-00','2016-12-09 08:28:24','2016-12-09 08:28:24',0),(1027,'Sigurimi fizik i objektit sipas kontrates\r\n12.2016','',1,26,287.28,41,9,32,3,'0000-00-00','0000-00-00',2,0.00,0,'0000-00-00','2016-12-09 08:30:32','2016-12-09 08:30:32',0),(1028,'Pastrimi i objektit sipas kontrates\r\nmuaji 12.2016','',1,20,223.33,147,9,32,3,'0000-00-00','0000-00-00',2,0.00,0,'0000-00-00','2016-12-09 08:33:04','2016-12-09 08:33:04',0),(1029,'Material per zyre sipas kontrates\r\n','',1,43,310.70,16,9,32,3,'0000-00-00','0000-00-00',1,310.70,0,'0000-00-00','2016-12-09 08:34:37','2016-12-09 08:34:37',0),(1030,'Furnizim dhe qira per printera dhe fotokopje sipas kontrates','',1,29,229.07,165,9,32,3,'0000-00-00','0000-00-00',1,229.07,0,'0000-00-00','2016-12-09 08:37:15','2016-12-09 08:37:15',0),(1031,'Furnizim me material shpenzues per Drejtorine e Kadastres\r\npagese borgji ,','',1,43,63.50,16,9,32,3,'0000-00-00','0000-00-00',1,63.50,0,'0000-00-00','2016-12-09 08:40:11','2016-12-09 08:40:11',0),(1032,'Furnizim me material shpenzues per Drejtorine e Kadastres\r\npagese borgji','',1,43,80.35,16,9,32,3,'0000-00-00','0000-00-00',1,80.35,0,'0000-00-00','2016-12-09 08:41:29','2016-12-09 08:41:29',0),(1033,'Furnizim me material shpenzues Drejtoria e Kadastres\r\npagese borgji','',1,43,123.80,16,9,32,3,'0000-00-00','0000-00-00',1,123.80,0,'0000-00-00','2016-12-09 08:42:56','2016-12-09 08:42:56',0),(1035,'Mobilim i zyres se Konzullates se Rep. se Shqiperise\r\nKabineti i Kryetares','',1,38,966.00,93,9,32,3,'0000-00-00','0000-00-00',2,966.00,0,'0000-00-00','2016-12-09 08:50:55','2016-12-09 08:51:43',0),(1036,'Material per zyre, Kabineti Kryetares\r\npagese borgji','',1,43,53.60,38,9,32,3,'0000-00-00','0000-00-00',1,53.60,0,'0000-00-00','2016-12-09 08:53:17','2016-12-09 08:53:17',0),(1037,'shpenzim uji dhe riprogramim borgji\r\nmuaji 11.2016\r\n','',3,7,231.45,7,9,32,3,'0000-00-00','0000-00-00',1,231.45,0,'0000-00-00','2016-12-09 08:54:25','2016-12-09 08:54:25',0),(1038,'Shpenzim i rrymes ne objekt','',3,5,465.24,84,9,32,3,'0000-00-00','0000-00-00',1,465.24,0,'0000-00-00','2016-12-09 08:55:26','2016-12-09 08:55:26',0),(1039,'Pagese avansi per ngrohjen e objektit','',3,39,500.00,43,9,32,3,'0000-00-00','0000-00-00',1,500.00,0,'0000-00-00','2016-12-09 08:56:28','2016-12-09 08:56:28',0),(1040,'Pagese e rrymes avans','',3,5,192.00,84,9,32,3,'0000-00-00','0000-00-00',1,192.00,0,'0000-00-00','2016-12-09 08:57:35','2016-12-09 08:57:35',0),(1041,'Pije per mysafir zyrtar','',1,2,5.00,173,9,32,3,'0000-00-00','0000-00-00',1,5.00,0,'0000-00-00','2016-12-09 09:00:47','2016-12-09 09:00:47',0),(1042,'Pije per mysafir zyrtar','',1,2,6.00,174,9,32,3,'0000-00-00','0000-00-00',1,6.00,0,'0000-00-00','2016-12-09 09:02:03','2016-12-09 09:02:03',0),(1043,'Blerje e fshivave te xhamit te makines zyrtare','',1,25,5.00,175,9,32,3,'0000-00-00','0000-00-00',1,5.00,0,'0000-00-00','2016-12-09 09:04:14','2016-12-09 09:04:14',0),(1044,'Taxi sherbime per nevoja te Kryetares','',1,29,80.00,93,9,32,3,'0000-00-00','0000-00-00',1,80.00,0,'0000-00-00','2016-12-09 09:05:44','2016-12-09 09:05:44',0),(1045,'Blerje te mbushjes se telefonit mobil per Drejtoreshen','',1,8,30.00,6,9,32,3,'0000-00-00','0000-00-00',1,30.00,0,'0000-00-00','2016-12-09 09:07:49','2016-12-09 09:07:49',0),(1046,'Blerje e nje mausi dhe padi per zyrtaret','',1,43,13.00,16,9,32,3,'0000-00-00','0000-00-00',1,13.00,0,'0000-00-00','2016-12-09 09:09:59','2016-12-09 09:09:59',0),(1047,'fotokopje spirale dhe  2 fletore me hoka','',1,43,24.30,38,12,12,3,'2016-12-07','2016-12-08',1,24.30,0,'0000-00-00','2016-12-16 07:56:43','2016-12-16 07:56:43',0),(1048,'liber protokoli,ups, fletore A4','00981',1,43,36.70,38,12,12,3,'2016-12-14','2016-12-09',1,36.70,0,'0000-00-00','2016-12-16 08:00:10','2016-12-16 08:00:10',0),(1049,'Shpenzimet e telefonit - GPS','0465417',1,8,15.27,66,2,NULL,1,'2016-02-08','2015-12-31',1,15.27,0,'0000-00-00','2017-02-07 07:44:03','2017-02-07 07:44:03',0),(1050,'Derivate per Nenkryetarin-Agim Koci','A/425-e & A/428-e',1,4,508.80,73,2,NULL,1,'2016-02-08','2015-10-31',1,508.80,0,'0000-00-00','2017-02-07 07:51:32','2017-02-07 07:51:32',0),(1051,'DERIVATE','3763/15',1,4,341.99,3,2,NULL,1,'2016-02-08','2015-12-31',1,341.99,0,'0000-00-00','2017-02-07 07:54:46','2017-02-07 07:58:01',0),(1052,'Derivate 11/15','3357/15',1,4,228.74,3,2,NULL,1,'2016-02-08','2015-11-30',1,228.74,0,'0000-00-00','2017-02-07 08:01:27','2017-02-07 08:01:27',0),(1053,'Furnizim i zyres','00732',1,43,244.00,38,2,NULL,1,'2016-02-08','2015-12-02',1,244.00,0,'0000-00-00','2017-02-07 09:41:01','2017-02-07 09:41:01',0),(1054,'Furnizim i zyres','0937/2015',1,43,505.73,11,2,NULL,1,'2016-02-08','2015-11-07',1,505.73,0,'0000-00-00','2017-02-07 09:44:27','2017-02-07 09:44:27',0),(1055,'Material zyrtar','0929/2015',1,43,33.86,11,2,NULL,1,'2016-02-08','2015-11-25',1,33.86,0,'0000-00-00','2017-02-07 09:47:32','2017-02-07 09:47:32',0),(1056,'Dreka zyrtare','3847',1,9,680.00,108,2,NULL,1,'2016-02-10','2015-08-07',1,680.00,0,'0000-00-00','2017-02-07 12:54:09','2017-02-07 12:54:09',0),(1057,'SHPENZ.TEL.GPS','0482522',1,8,15.27,66,2,NULL,1,'2016-02-16','2016-01-31',1,15.27,0,'0000-00-00','2017-02-07 12:59:48','2017-02-07 12:59:48',0),(1058,'DERIVATE','213/16',1,4,183.12,3,2,NULL,1,'2016-02-25','2016-01-31',1,183.12,0,'0000-00-00','2017-02-07 13:02:37','2017-02-07 13:02:37',0),(1059,'MIRMB.DIMRORE E RRUGVE','160216',1,81,371.57,92,2,NULL,1,'2016-03-10','2016-02-16',1,371.57,0,'0000-00-00','2017-02-07 13:07:00','2017-02-07 13:07:00',0),(1060,'Tonera','00921',1,43,60.00,38,2,NULL,1,'2016-03-15','2016-02-04',1,60.00,0,'0000-00-00','2017-02-07 13:13:10','2017-02-07 13:13:10',0),(1061,'pagat neto','cpo',5,32,169401.78,39,4,37,1,'2017-02-07','2031-07-16',1,169401.78,0,'0000-00-00','2017-02-07 13:46:39','2017-02-07 13:46:39',2),(1062,'paga neto','cpo',5,32,169966.36,39,4,37,1,'2016-07-31','2016-07-31',1,169966.36,0,'0000-00-00','2017-02-07 13:48:50','2017-02-07 13:48:50',2),(1063,'pagat 09/16','cpo',5,32,168309.00,39,4,37,3,'2016-09-30','2016-09-30',1,168309.00,0,'0000-00-00','2017-02-07 13:50:36','2017-02-07 13:51:37',2),(1064,'pagat 10/16','cpo',5,32,168705.14,39,4,37,3,'2016-10-30','2016-10-30',1,168705.14,0,'0000-00-00','2017-02-07 13:53:08','2017-02-07 13:53:08',2),(1065,'pagat.11/16','cpo',5,32,165211.54,39,4,37,1,'2016-11-30','2016-11-30',1,165211.54,0,'0000-00-00','2017-02-07 13:55:14','2017-02-07 13:55:14',2),(1066,'pagat 12/16','cpo',5,32,166772.02,39,4,37,1,'2016-12-30','2016-12-30',1,166772.02,0,'0000-00-00','2017-02-07 13:56:48','2017-02-07 13:56:48',2),(1067,'sindikata.08/16','CPO',5,33,1535.47,39,4,37,1,'2016-08-30','2016-08-30',1,1535.47,0,'0000-00-00','2017-02-08 06:39:55','2017-02-23 12:33:52',2),(1068,'Paisje tjera','00900',1,23,79.00,38,2,NULL,1,'2016-03-15','2015-01-27',1,79.00,0,'0000-00-00','2017-02-08 12:11:02','2017-02-08 12:11:02',0),(1069,'Priz e murit','6',1,43,10.00,16,2,NULL,1,'2016-03-15','2016-01-19',1,10.00,0,'0000-00-00','2017-02-08 12:13:41','2017-02-08 12:13:41',0),(1070,'Furnizim i zyres','00915',1,43,40.80,38,2,NULL,1,'2016-03-15','2016-02-03',1,40.80,0,'0000-00-00','2017-02-08 12:42:18','2017-02-08 12:42:18',0),(1071,'Furnizim i zyres','16-SHV01-001-162',1,43,46.00,38,2,NULL,1,'2016-03-15','2016-02-20',1,46.00,0,'0000-00-00','2017-02-08 12:45:36','2017-02-08 12:45:36',0),(1072,'Material zyrtar','00967',1,43,98.00,38,2,NULL,1,'2016-03-15','2016-02-20',1,98.00,0,'0000-00-00','2017-02-08 12:48:56','2017-02-08 12:48:56',0),(1073,'Material zyrtar për nevojat e DKRS-së','0291/2015',1,43,20.50,11,11,36,3,'0000-00-00','2015-04-21',2,0.00,0,'0000-00-00','2017-02-08 12:49:24','2017-02-08 12:49:24',0),(1074,'Tonera','00891',1,43,40.00,38,2,NULL,1,'2016-03-15','2016-01-25',1,40.00,0,'0000-00-00','2017-02-08 12:50:57','2017-02-08 12:50:57',0),(1075,'Material zyrtar për nevojat e DKRS-së','0526/2015',1,43,12.50,11,11,36,1,'0000-00-00','2015-06-08',2,0.00,0,'0000-00-00','2017-02-08 12:52:25','2017-02-08 12:52:25',0),(1076,'Derivate','532/16',1,4,175.18,3,2,NULL,1,'2016-03-18','2016-02-29',1,175.18,0,'0000-00-00','2017-02-08 12:55:47','2017-02-08 12:55:47',0),(1077,'Material zyrtare per nevojat e DKRS-se','0395/2015',1,43,25.25,11,11,36,3,'0000-00-00','2015-07-06',2,0.00,0,'0000-00-00','2017-02-08 12:57:40','2017-02-08 12:57:40',0),(1078,'Per nevojat e DKRS-se','0792/2015',1,43,89.28,11,11,36,3,'0000-00-00','2015-10-21',2,0.00,0,'0000-00-00','2017-02-08 13:00:44','2017-02-08 13:00:44',0),(1079,'Taksa gjyqesore','125/2016',1,92,64.90,176,2,NULL,1,'2016-03-24','2016-03-08',1,64.90,0,'0000-00-00','2017-02-08 13:07:18','2017-02-08 13:07:18',0),(1080,'Material zyrtar','00235',1,43,87.80,38,2,NULL,1,'2016-04-06','2016-03-14',1,87.80,0,'0000-00-00','2017-02-08 13:09:41','2017-02-08 13:09:41',0),(1081,'Material zyrtar','00245',1,43,92.80,38,2,NULL,1,'2016-04-06','2016-03-16',1,92.80,0,'0000-00-00','2017-02-08 13:11:23','2017-02-08 13:11:23',0),(1082,'Material zyrtar','00157',1,43,31.00,38,2,NULL,1,'2016-04-06','2016-03-24',1,31.00,0,'0000-00-00','2017-02-08 13:13:38','2017-02-08 13:13:38',0),(1083,'Material zyrtar per nevojat e DKRS-se','0973/2015',1,43,84.66,11,11,36,3,'0000-00-00','2015-07-12',2,0.00,0,'0000-00-00','2017-02-08 13:39:48','2017-02-08 13:40:46',0),(1084,'Shpenz.udht.zyrtar','Meditje',1,28,167.20,177,2,NULL,1,'2016-04-12','2016-04-08',1,167.20,0,'0000-00-00','2017-02-08 13:41:54','2017-02-08 13:41:54',0),(1085,'Material zyrtare per zyre','0852/2015',1,43,12.75,11,11,36,3,'0000-00-00','2017-11-11',2,0.00,0,'0000-00-00','2017-02-08 13:43:41','2017-02-08 13:43:41',0),(1086,'SHPENZIMET POSTARE','3/1 2013-K.K.GJA',1,30,8674.88,6,2,NULL,1,'2016-04-15','2013-03-31',1,8674.88,0,'0000-00-00','2017-02-08 13:57:02','2017-02-08 13:57:02',0),(1087,'Derivate','933/16',1,4,200.18,3,2,NULL,1,'2016-04-15','2016-03-31',1,200.18,0,'0000-00-00','2017-02-09 07:38:44','2017-02-09 07:38:44',0),(1088,'Reprezentacion','0001088',1,9,6.00,50,2,NULL,1,'2016-04-15','2016-02-08',1,6.00,0,'0000-00-00','2017-02-09 07:40:54','2017-02-09 07:40:54',0),(1089,'Asosacioni i Komunave','05/16',1,24,1455.60,24,2,NULL,1,'2016-04-18','2016-02-23',1,1455.60,0,'0000-00-00','2017-02-09 07:43:29','2017-02-09 07:43:29',0),(1090,'DEKORIME-FESTAT E FUNDVITIT','20/12/2015/02',1,27,1900.00,178,2,NULL,1,'2016-04-21','2015-12-23',1,1900.00,0,'0000-00-00','2017-02-09 07:52:16','2017-02-09 07:52:16',0),(1091,'REPREZENTACION','0061821',1,9,58.50,179,2,NULL,1,'2016-04-27','2016-04-22',1,58.50,0,'0000-00-00','2017-02-09 07:58:17','2017-02-09 07:58:17',0),(1092,'MATERIAL ZYRTAR','00121',1,43,94.90,38,2,NULL,1,'2016-04-27','2016-04-13',1,94.90,0,'0000-00-00','2017-02-09 08:00:19','2017-02-09 08:00:19',0),(1093,'SHPENZ.TEL.MOB.','0504761',1,8,15.27,66,2,NULL,1,'2016-05-10','2016-02-29',1,15.27,0,'0000-00-00','2017-02-09 08:08:04','2017-02-09 08:08:04',0),(1094,'SHPENZ.TEL.MOB.','0526615',1,8,15.27,66,2,NULL,1,'2016-05-10','2016-03-31',1,15.27,0,'0000-00-00','2017-02-09 08:09:52','2017-02-09 08:09:52',0),(1095,'MATERIAL ZYRTAR','00076',1,43,100.00,38,2,NULL,1,'2016-05-10','2016-04-23',1,100.00,0,'0000-00-00','2017-02-09 08:11:36','2017-02-09 08:11:36',0),(1096,'Fatura për shërbimet e fotokopjimit dhe printimit','SH-907/2016',1,27,36.91,165,7,35,1,'2016-11-24','2016-10-31',1,36.91,0,'0000-00-00','2017-02-10 08:14:27','2017-02-10 08:14:27',0),(1097,'Material zyrtar për nevojat e DBPZHR.','187',1,43,157.29,16,7,35,1,'2016-11-22','2016-11-11',1,157.29,0,'0000-00-00','2017-02-10 08:18:47','2017-02-10 08:20:42',0),(1098,'Faturat e telefonit fiks për Zyre e Pylltarisë - Gusht 2016','00550147731702',3,6,15.99,6,7,35,1,'2016-11-22','2016-09-05',1,15.99,0,'0000-00-00','2017-02-10 08:24:58','2017-02-10 08:24:58',0),(1099,'Derivate të automjeteve për nevojat e DBPZHR për muajin Korrik 2016','2287/16',1,4,227.50,3,7,35,1,'2016-08-12','2016-07-31',1,227.50,0,'0000-00-00','2017-02-10 12:17:20','2017-02-10 12:25:18',0),(1100,'Derivate të automjeteve për nevojat e DBPZHR, për muajin Janar 2016.','208/16',1,4,51.39,3,7,35,1,'2016-02-10','2016-01-31',1,51.39,0,'0000-00-00','2017-02-10 12:30:31','2017-02-10 12:30:31',0),(1101,'Shpenzimet e telefonisë mobile për DMSH, si dhe për Njësinë e zjarrëfiksëve për muajin Mars, Prill dhe Maj 2016.','14041504887511700',1,8,395.00,8,8,NULL,1,'2016-10-21','2016-08-31',1,395.00,0,'0000-00-00','2017-02-13 13:08:11','2017-02-13 13:08:11',0),(1102,'Fatura për Internet për Njësinë e Zjarrëfiksave - Shtator 2016','111/2016',1,30,48.00,170,8,NULL,1,'2016-09-09','2016-09-01',1,48.00,0,'0000-00-00','2017-02-13 13:13:37','2017-02-16 12:04:03',0),(1104,'Shpenzimet për linkun e internetit tek Nësija Zjarrefiksave për muajin Korrik/2016 ','101/2016',1,30,48.00,170,8,NULL,1,'2016-08-23','2016-08-01',1,48.00,0,'0000-00-00','2017-02-13 13:26:39','2017-02-13 13:26:39',0),(1105,'Shpenzimet e byfes per pritjen e mysafireve tek DMSH - Qershor-Korrik 2016','0059846 & 0059847',1,9,64.50,63,8,NULL,1,'2016-08-23','2016-06-30',1,64.50,0,'0000-00-00','2017-02-13 13:33:31','2017-02-13 13:33:31',0),(1107,'sindikata 07/16','cpo',1,33,1528.37,39,4,37,1,'2016-07-30','2016-07-30',1,1528.37,0,'0000-00-00','2017-02-13 13:54:28','2017-02-23 12:33:07',2),(1108,'Publikimi i konkursit për Roje Pylli në gazetën Koha Ditore (Dt,06.11.2015)','1478',1,22,184.00,21,7,35,1,'2016-01-26','2015-12-02',1,184.00,0,'0000-00-00','2017-02-14 07:31:38','2017-02-14 07:31:38',0),(1109,'Shpenzime e byfes të DMSH për muajin Prill Maj 2016','0059835 & 059834',1,9,65.30,63,8,NULL,1,'2016-06-28','2016-04-30',1,65.30,0,'0000-00-00','2017-02-14 07:38:18','2017-02-14 07:38:18',0),(1110,'Fatura e telefonit për Zyre të Pylltarisë - Muaji Tetor 2015','005500147731625',3,6,15.99,6,7,35,1,'2016-01-28','2015-11-04',1,15.99,0,'0000-00-00','2017-02-14 07:44:57','2017-02-14 07:44:57',0),(1111,'Fotokopje dhe fletushka DMSH  Mars-Qeshor 2016\r\n\r\n\r\n\r\n\r\n\r\n\r\n\r\n\r\n\r\n\r\n\r\n\r\n\r\n\r\n\r\n\r\n\r\n\r\n\r\n\r\n\r\n\r\n\r\n\r\n\r\n\r\n\r\n\r\n\r\n\r\n\r\n\r\n','098/16',1,43,94.00,62,8,NULL,1,'2016-06-27','2016-06-27',1,94.00,0,'0000-00-00','2017-02-14 07:47:34','2017-02-14 07:47:34',0),(1112,'Faturat e telefonit fiks për Zyre e Pylltarisë - Shtator 2015','005500147731619',3,6,15.99,6,7,35,1,'2016-01-28','2015-11-06',1,15.99,0,'0000-00-00','2017-02-14 07:49:33','2017-02-14 07:49:33',0),(1113,'Faturat e telefonit fiks për Zyre e Pylltarisë - Nëntor 2015','005500147731633',3,6,15.99,6,7,35,1,'2016-02-28','2015-12-03',1,15.99,0,'0000-00-00','2017-02-14 07:53:08','2017-02-14 07:53:08',0),(1114,'Faturat e telefonit fiks për Zyre e Pylltarisë - Dhjetor 2015','005500147731637',3,6,15.99,6,7,35,1,'2016-03-10','2016-01-04',1,15.99,0,'0000-00-00','2017-02-14 07:55:47','2017-02-14 07:55:47',0),(1115,'Derivate për automjete - 195 l - Shkurt 2016','525/16 1100',1,4,150.73,3,7,35,1,'2016-03-10','2016-02-29',1,150.73,0,'0000-00-00','2017-02-14 08:02:21','2017-02-14 08:02:21',0),(1116,'Shpenzimet per mirbajtjen e objektit Njisia e zjarrfiksve per muajin Maj 2016 ','32/2016',1,20,757.96,147,8,NULL,1,'2016-06-21','2016-06-01',1,757.96,0,'0000-00-00','2017-02-14 08:03:53','2017-02-14 08:03:53',0),(1117,'Publikim në gazetën Koha Ditore - Shpallja e konkursit për Roje Pylli (dt.23.02.2016)','265',1,29,184.00,21,7,35,1,'2016-03-15','2016-03-05',1,184.00,0,'0000-00-00','2017-02-14 08:05:50','2017-02-14 08:05:50',0),(1118,'Shpenzimet e linkut te internetit tek njisia zjarrfiksave per muajin Qeshor','79/2016',1,30,48.00,170,8,NULL,1,'2016-06-16','2016-06-01',1,48.00,0,'0000-00-00','2017-02-14 08:10:30','2017-02-14 08:10:30',0),(1119,'Derivate të vetures - 195 l - Mars 2016','939/16 1100',1,4,160.61,3,7,35,1,'2016-04-13','2016-03-31',1,160.61,0,'0000-00-00','2017-02-14 08:12:32','2017-02-14 08:12:32',0),(1120,'Shpenzimet e derivateve njisia zjarrfiksave per muajin Maj 2016','1646/16 & 1650/16',1,4,346.42,3,8,NULL,1,'2016-06-10','2016-05-31',1,346.42,0,'0000-00-00','2017-02-14 08:28:32','2017-02-22 12:49:51',0),(1121,'Shpenzimet per karborant per automjetet e zjarrfiksave nga DMSH  per muajin Prill .2016','1307/16 & 1306/16',1,4,756.22,3,8,NULL,1,'2016-05-12','2016-04-30',1,756.22,0,'0000-00-00','2017-02-14 08:36:20','2017-02-22 12:53:26',0),(1122,'Publikim portal pune rreth shpalljes së konkursit për Roje Pylli ','940/15',1,22,25.00,97,7,35,1,'2016-02-12','2015-11-06',1,25.00,0,'0000-00-00','2017-02-14 08:47:47','2017-02-14 08:47:47',0),(1124,'Publikim në portal pune rreth shpalljes së konkursit për Roje Pylli (dt.23.02.2016)','0476/16',1,22,25.00,97,7,35,1,'2016-04-27','2016-02-23',1,25.00,0,'0000-00-00','2017-02-14 08:52:10','2017-02-14 08:52:10',0),(1125,'Sigurimi i autumjetit ISUZI TOOPER me targa 07-z-22-02','160317',1,31,367.80,34,8,NULL,1,'2016-04-19','2016-04-14',1,367.80,0,'0000-00-00','2017-02-14 08:54:40','2017-02-14 08:54:40',0),(1126,'Material zyrtar për nevojat e DBPZHR','00081',1,43,97.50,38,7,35,3,'2016-04-29','2016-04-26',1,97.50,0,'0000-00-00','2017-02-14 09:03:33','2017-02-14 09:04:02',0),(1127,'Material zyrtar për nevojat e DBPZHR','00080',1,43,98.00,38,7,35,1,'2016-04-28','2016-04-25',1,98.00,0,'0000-00-00','2017-02-14 09:05:40','2017-02-14 09:05:40',0),(1128,'Derivate për vetura - 175 l - Prill 2016','1294/16 1100',1,4,144.18,3,7,35,1,'2016-05-12','2016-04-30',1,144.18,0,'0000-00-00','2017-02-14 09:08:48','2017-02-14 09:08:48',0),(1129,'Zotim i mjeteve sipas Vendimit te Kryetares Komunes te dt.16.11.2015 per festat e fund vitit.','18/12/2015/1',1,27,2000.00,178,8,NULL,1,'2016-04-18','2015-12-18',1,2000.00,0,'0000-00-00','2017-02-14 09:43:17','2017-03-01 10:17:14',0),(1130,'Shpenzime (meditje) per udhtim zyrtar temen Menagjimi i Performances se Sherbimeve Komunale ne Durres.','06-905',1,28,250.80,14,8,NULL,1,'2016-06-23','2016-06-08',1,250.80,0,'0000-00-00','2017-02-14 09:55:08','2017-02-22 12:25:23',0),(1131,'Pagesa per shpenzime e derivateve tek njisija zjjarrfiksve DMSH per muajin Mars 2016','Grup fakturash',1,4,479.21,3,8,NULL,1,'2016-04-13','2016-03-02',1,479.21,0,'0000-00-00','2017-02-14 11:22:17','2017-02-14 11:22:17',0),(1132,'Pagesa per shpenzime te byfes tek DMSH','Grup fakturash',1,9,148.60,63,8,NULL,1,'2016-04-13','2016-01-31',1,148.60,0,'0000-00-00','2017-02-14 11:27:42','2017-02-14 11:27:42',0),(1133,'Shpenzimet per mirebajtjen e nderteses tek njisija e zjarrfiksave muaji Mars 2016','21/16',1,20,507.00,18,8,NULL,1,'2016-04-06','2016-04-01',1,507.00,0,'0000-00-00','2017-02-14 11:41:52','2017-02-14 11:41:52',0),(1134,'Pagesa e dy (Lazer Ndrecaj dhe Arlind Pozhegu) punntoreve me kontrate pune Drejtoris Inspekcionit.','01/112/8080',1,27,250.00,181,8,NULL,1,'2016-04-06','2016-02-01',1,250.00,0,'0000-00-00','2017-02-15 09:02:40','2017-02-15 09:02:40',0),(1135,'Pagesa e dy (Lazer Ndrecaj dhe Arlin Pozhegu )puntor me kontrat pran drejtoris se inspekcionit','01/112/8071',1,27,250.00,182,8,NULL,1,'2016-04-06','2016-02-01',1,250.00,0,'0000-00-00','2017-02-15 09:09:11','2017-02-15 09:09:11',0),(1136,'Zarfa me llogo tripalosje','75/2016',1,43,60.00,4,8,NULL,1,'2016-03-23','2016-03-18',1,60.00,0,'0000-00-00','2017-02-15 09:12:34','2017-02-15 09:12:34',0),(1137,' Euro dizel  Benzin ','Grup fakturash',1,4,357.38,3,8,NULL,1,'2016-03-21','2016-02-05',1,357.38,0,'0000-00-00','2017-02-15 09:17:50','2017-02-15 09:21:51',0),(1138,'shpenzimi per ushqim dhe pije eshte bere me rastin e pritjes se delegacjonit FSK si dhe pritjes se stafit Klan Kosova diten e vershimeve dt.07.03.2016','0001093',1,9,82.00,50,8,NULL,1,'2016-03-21','2016-03-09',1,82.00,0,'0000-00-00','2017-02-15 09:29:14','2017-02-15 09:29:14',0),(1139,'Shfrytzimi i zerimit per cermonin e varrimit te akademikve Pajazit Nushi Esat Stavileci','22 & 32',1,29,160.00,183,8,NULL,1,'2016-03-04','2016-04-09',1,160.00,0,'0000-00-00','2017-02-15 09:40:29','2017-02-15 09:40:29',0),(1140,'Shpenzimet per mirbajtjen e tri objekteve tek Njisia e zjarrfiksave per muajin Shkurt /2016','14/16',1,20,507.00,18,8,NULL,1,'2016-03-04','2016-03-01',1,507.00,0,'0000-00-00','2017-02-15 09:44:58','2017-02-15 09:44:58',0),(1141,'Nafte per ngrohje','285/16',1,3,1656.00,3,8,NULL,1,'2016-02-25','2016-02-08',1,1656.00,0,'0000-00-00','2017-02-15 09:48:55','2017-02-16 09:46:43',0),(1142,'Perde zeber per zyren  DMSH PERKASISHT PER ZYREN QAKE ZYRJA E ZYRTARVE','2927/2016',1,23,532.00,184,8,NULL,1,'2016-02-24','2016-02-02',1,532.00,0,'0000-00-00','2017-02-15 10:00:32','2017-02-15 10:00:32',0),(1144,'Karrik per drejtorin e DMSH','00954',1,38,60.00,1,8,NULL,1,'2016-02-18','2016-02-15',1,60.00,0,'0000-00-00','2017-02-15 11:31:20','2017-02-15 11:31:20',0),(1145,'Mirënjohje si trofe \"Gjakovar i ndritur \"per Elton Zherka e Permet Vula.','057/2015 & 057/2015',1,29,200.00,112,8,NULL,1,'2016-02-18','2016-08-14',1,200.00,0,'0000-00-00','2017-02-15 11:37:25','2017-02-28 08:52:04',0),(1146,'Shpenzimet e derivateve tek Njisia Zjarrfiksve per muajin Janar /2016','203/16',1,4,666.31,3,8,NULL,1,'2016-02-12','2016-01-31',1,666.31,0,'0000-00-00','2017-02-15 11:42:46','2017-02-15 11:42:46',0),(1147,'Pije dhe ushqim me rastin e perurimit te sheshit Ali Podrimja','3904',1,9,850.00,25,8,NULL,1,'2016-02-09','2016-09-26',1,850.00,0,'0000-00-00','2017-02-15 11:47:38','2017-02-15 11:47:38',0),(1148,'Kurorat e lulet jane marr me rastin e vizitave ne pervjetorin  te te renve.','90/2015 & 91/2015',1,27,225.00,17,8,NULL,1,'2016-09-02','2016-08-11',1,225.00,0,'0000-00-00','2017-02-15 11:59:49','2017-02-15 11:59:49',0),(1149,'Shpenzimet e mirbajtjes se objektit tek Brigada e zjarrfiksave Muajin  Janar /2016','04/16',1,20,505.70,18,8,NULL,1,'2016-02-08','2016-02-01',1,505.70,0,'0000-00-00','2017-02-15 12:03:19','2017-02-15 12:03:19',0),(1150,'Shpenzimet e derivateve per ngrohje per Njisin e zjarrfiksave sipas fatures Nr.3271/15 dt.02.12.2015','3271/15',1,3,2484.00,3,8,NULL,1,'2016-02-05','2016-02-12',1,2484.00,0,'0000-00-00','2017-02-15 12:08:27','2017-02-16 09:44:17',0),(1151,'Shpenzimet e derivateve per muajin Nentor dhe dhjetor  2015/sipas nr..3348,3342,3751 e 3764','Grup fakturash',1,4,974.23,3,8,NULL,1,'2016-02-05','2015-11-30',1,974.23,0,'0000-00-00','2017-02-15 12:13:07','2017-02-15 12:13:07',0),(1152,'Pagesa e 20 % për furnizim me centrifuga gjysëmautomatike për subvencionimin e 30 bletarëve për operatorin e përzgjedhur përmes Zyres së Prokurimit N.T.P.\"Gruda\"- Vitomericë.','082316001-1',6,100,8592.00,185,7,35,2,'2016-09-01','2016-08-23',1,8592.00,0,'0000-00-00','2017-02-16 07:07:28','2017-02-16 07:08:33',0),(1153,'Hartat jan marr per nevojat e Drejtoris DMSH  te cilat jan vendos ne zyren QAKES zyrtave te Drejtorit.','288/2015',1,43,80.24,4,8,NULL,1,'2016-01-29','2016-11-18',1,80.24,0,'0000-00-00','2017-02-16 08:57:00','2017-02-16 08:57:00',0),(1154,'Shpenzimet e linkut te internetit tek Brigada e zjarrfiksave per muajin Dhjetor sipas fat.nr.2017/2015','207/2015',1,30,48.00,170,8,NULL,1,'2016-01-29','2016-01-12',1,48.00,0,'0000-00-00','2017-02-16 09:01:46','2017-02-16 09:01:46',0),(1155,'Pages per alokimin e mjeteve per Agjensin per zhvillimin rajonal sipas Kontrates nr.IPA/2015 /366 dt.. 01.09.2015','IPA/2015/366-856',1,27,1000.00,24,8,NULL,1,'2016-08-15','2016-09-11',1,1000.00,0,'0000-00-00','2017-02-16 09:14:27','2017-02-16 09:42:27',0),(1156,'Shpenzimet per mirbajtjen e tri objekteve tek njisia zjarrfiksve per muajin Nentor e Djetor /2016','113/2016',1,20,757.96,147,8,NULL,1,'2016-12-22','2016-12-22',1,757.96,0,'0000-00-00','2017-02-16 09:21:56','2017-02-16 09:21:56',0),(1157,'Zotim i mjeteve per shpenzimin e derivateve per ngrohje tek Njisia e zjarrfiksave per sezonin dimror 2016/17','3810/16',1,3,4999.92,3,8,NULL,1,'2016-12-16','2016-12-07',1,4999.92,0,'0000-00-00','2017-02-16 09:27:23','2017-02-16 09:40:05',0),(1158,'Pagesa e 80% për furnizim me fidanë të arrës (700 trupa) dhe të lajthisë (2000 trupa) për subvencionimin e fermerëve të cilët janë përfitues për operatorin ekonomik N.T.P.\"Fidanishtja Garden\".','04828',6,100,9304.00,186,7,35,2,'2016-11-10','2016-11-02',1,9304.00,0,'0000-00-00','2017-02-16 12:05:57','2017-02-16 12:17:06',0),(1159,'Zotimi i mjeteve  per punime emergjente te paraqitura sipas nevojes','7/16 & 8/16 & 10/16',1,27,5000.00,187,8,NULL,1,'2016-12-12','2016-11-29',1,5000.00,0,'0000-00-00','2017-02-20 08:17:33','2017-03-02 09:42:35',0),(1160,'Shpenzime per punime emergjente me rastin e vershimeve te dt.07.08,09 e 2016','11/16',1,27,675.00,187,8,NULL,1,'2016-12-12','2016-12-07',1,675.00,0,'0000-00-00','2017-02-20 08:23:14','2017-02-20 08:23:14',0),(1161,'Mirbajtja objektit','01/2016',1,20,700.00,188,8,NULL,1,'2016-12-09','2016-11-29',1,700.00,0,'0000-00-00','2017-02-20 08:46:21','2017-02-20 08:46:21',0),(1162,'Shpenzime per furnizim me vajra dhe lubrifikante per automjetet Njisis se zjarrfiksave','A/3983-e',1,64,973.20,189,8,NULL,1,'2016-12-08','2016-12-01',1,973.20,0,'0000-00-00','2017-02-20 08:53:37','2017-02-20 08:53:37',0),(1163,' Zotim i mjeteve per riparimin e automjeteve (Kamionve) Njisia Zjarrfiksave','012493',1,25,495.00,190,8,NULL,1,'2016-12-07','2016-11-17',1,495.00,0,'0000-00-00','2017-02-20 09:02:27','2017-02-20 09:02:27',0),(1164,'Shpenzimet e derivateve per Drejtoria per MSH sipas fat.3282/16 e dt. 31.10.2016 per muajin Tetor /2016','3282/16',1,4,72.80,3,8,NULL,1,'2016-12-07','2016-10-31',1,72.80,0,'0000-00-00','2017-02-20 09:30:47','2017-02-20 09:30:47',0),(1165,'Sipas derivateve per Njisin e Zjarrfiksave sipas fat.nr. 3281 e dt. 31.10.2016 per muajin Tetor /2016.','3281/16',1,4,435.91,3,8,NULL,1,'2016-12-06','2016-10-31',1,435.91,0,'0000-00-00','2017-02-20 09:34:05','2017-02-20 09:34:05',0),(1166,'Zotimi i mjeteve per pune te parapara shtes (shtes) per Kamera te sigurise  tek njisia zjarrfiksave.','301/2016',1,23,750.00,191,8,NULL,1,'2016-12-06','2016-10-31',1,750.00,0,'0000-00-00','2017-02-20 09:42:51','2017-02-20 09:42:51',0),(1167,'Per blerjen dhe vendosjen e kamerave te siguris ne te gjithe (3) objektet e Njisise se zjarrfriksave.','300/2016 &  302/2016',1,23,3500.00,191,8,NULL,1,'2016-12-06','2016-12-31',1,3500.00,0,'0000-00-00','2017-02-20 09:50:26','2017-02-20 09:50:26',0),(1168,'Shpenzimet per furnizim dhe vendosje e kamerave te siguris tek Njisia e zjarrfiksave.','300/2016 & 302/2016',1,23,82.94,191,8,NULL,1,'2016-12-06','2016-10-31',1,82.94,0,'0000-00-00','2017-02-20 09:54:51','2017-02-20 09:54:51',0),(1169,'Shpenzime per pije me byfen per musafir nga ana e Drejtorit per muajin Qeshoe,Korrik, Gusht,Shtator dhe Dhjetor 2016','Grup fakturash',1,9,158.40,63,8,NULL,1,'2016-12-06','2016-06-30',1,158.40,1,'0000-00-00','2017-02-20 10:00:23','2017-02-20 10:00:23',0),(1170,'Shpenzime per pije me byfen per musafir nga ana e Drejtorit per muajin Qeshoe,Korrik, Gusht,Shtator dhe Dhjetor 2016','Grup fakturash',1,9,158.40,63,8,NULL,1,'2016-12-06','2016-06-30',1,158.40,0,'0000-00-00','2017-02-20 10:00:23','2017-02-20 10:00:23',0),(1171,'Shpenzimi per linkun e internetit tek.Njisia e zjarrfiksave per muajin Nentor 2016','137/2016',1,30,48.00,170,8,NULL,1,'2016-12-06','2016-11-01',1,48.00,0,'0000-00-00','2017-02-20 12:36:17','2017-02-20 12:36:17',0),(1172,'Shpenzimet per mirbajtjen e objektit tek Njisia e zjarrfiksave per muajin Nentor e Dhjetor /2016','103/2016',1,20,757.96,147,8,NULL,1,'2016-12-05','2016-12-01',1,757.96,0,'0000-00-00','2017-02-21 08:04:46','2017-02-21 08:04:46',0),(1173,'Per blerjen e kamerave dhe vendosjen e kamerave te siguris ne objektet e Njisise se zjarrfiksave.','300/2016 & 302/2016',1,23,4000.00,191,8,NULL,1,'2016-11-30','2016-10-31',1,4000.00,0,'0000-00-00','2017-02-21 08:11:49','2017-02-21 08:11:49',0),(1174,'Shpenzimet per linkin e internetin tek Njisia  zjarrfiksave per muajin Tetor /2016','121/2016',1,30,48.00,170,8,NULL,1,'2016-11-10','2016-10-01',1,48.00,0,'0000-00-00','2017-02-21 08:15:47','2017-02-21 08:15:47',0),(1175,'Shpenzimet e derivateve tek automjetet e zjarrfiksave per muajin Shtator /2016','2870/16',1,4,415.22,3,8,NULL,1,'2016-11-09','2016-09-30',1,415.22,0,'0000-00-00','2017-02-21 08:19:27','2017-02-21 08:19:27',0),(1176,'Shpenzimi per mirbajtjen e objektit tek Njisia e zjarrfiksave per muajin Tetor/ 2016','89/2016',1,20,757.96,147,8,NULL,1,'2016-11-07','2016-11-01',1,757.96,0,'0000-00-00','2017-02-21 08:59:50','2017-02-22 12:04:21',0),(1177,'Shpenzimet  per sherbim telefonik (Vala 900) Per Drejtorin MSH dhe  Njisin e zjarrfiksave per muajin Mars Prill  e Maj .2016','Posta',3,8,395.00,6,8,NULL,1,'2016-10-21','2016-08-24',1,395.00,0,'0000-00-00','2017-02-21 09:07:41','2017-02-21 09:07:41',0),(1178,'Mirëmbajtja e tri objekteve tek njisia e zjarrfiksave per muajin Shtator/2016','79/2016',1,20,757.96,147,8,NULL,1,'2016-10-06','2016-10-01',1,757.96,0,'0000-00-00','2017-02-21 09:10:38','2017-02-28 08:53:07',0),(1179,'Shpenzimet e derivateve per automjeteve  e Njisis se zjarrfiksave per muajin Gusht /2016','2571/16',1,4,486.53,3,8,NULL,1,'2016-09-23','2016-08-31',1,486.53,0,'0000-00-00','2017-02-21 09:14:49','2017-02-21 09:14:49',0),(1180,'Per blerjen e bateris per automjetin e zjarrfiksave MERCEDES me targa 112-159-04','16-shv01-gj2-7475',1,25,96.60,68,8,NULL,1,'2016-09-08','2016-09-07',1,96.60,0,'0000-00-00','2017-02-21 09:19:50','2017-02-21 09:19:50',0),(1181,'Per mirbajtjen e tri objekteve tek Njisia e zjarrfiksave per muajin Gusht /2016','66/2016',1,20,757.96,147,8,NULL,1,'2016-09-09','2016-09-01',1,757.96,0,'0000-00-00','2017-02-21 09:22:56','2017-02-21 09:22:56',0),(1182,'Per sigurimin e  automjeteve KIA me targa 112-117-01','160766',1,31,303.50,34,8,NULL,1,'2016-08-09','2016-08-09',1,303.50,0,'0000-00-00','2017-02-21 09:29:03','2017-02-21 09:29:03',0),(1183,'Shpenzimet per linkun e internetit tek Njisia e zjarrfiksave per muajin Korrik /2016','101/2016',1,30,48.00,170,8,NULL,1,'2016-08-23','2016-08-01',1,48.00,1,'0000-00-00','2017-02-21 09:31:58','2017-02-21 09:31:58',0),(1184,'Pagesa per shpenzimet e derivateve te Drejtoria e Msh per muajin Korrik /2016','2290/16',1,4,77.27,3,8,NULL,1,'2016-08-18','2016-07-31',1,77.27,0,'0000-00-00','2017-02-21 09:44:16','2017-02-21 09:44:16',0),(1185,'Pagesa per shpenxime e derivateve te automjeteve te Njisise se zjarrfiksave per Muajin Qeshor /2016','1922/2016',1,4,454.35,3,8,NULL,1,'2016-08-18','2016-06-30',1,454.35,0,'0000-00-00','2017-02-21 09:47:20','2017-02-21 09:47:20',0),(1186,'Pagesa per shpenzimet e derivateve tek Njisia  zjarrfiksave per muajin Korrik /2016','2273/16',1,4,464.25,3,8,NULL,1,'2016-08-17','2016-07-31',1,464.25,0,'0000-00-00','2017-02-21 09:50:30','2017-02-21 09:50:30',0),(1187,'Pages per pije dhe ushqim mw mysafir nga Diaspora qe na dhurun mjete per Njisin e zjarrfiksave','0025707',1,9,97.50,50,8,NULL,1,'2016-12-08','2016-08-09',1,97.50,0,'0000-00-00','2017-02-21 11:29:29','2017-02-21 11:29:29',0),(1188,'Pagesa per mirbajtjen e tri objekteve ne Njisine e zjarrfiksave per Muajin Korrik /2016','56/2016',1,20,757.96,147,8,NULL,1,'2016-08-15','2016-08-01',1,757.96,0,'0000-00-00','2017-02-21 11:32:59','2017-02-21 11:32:59',0),(1189,'Pagesa per mirbajtjen e tri objekteve te Njisise se zjarrfiksave per Muajin Qeshor/2016','42/2016',1,20,757.96,147,8,NULL,1,'2016-08-15','2016-07-01',1,757.96,0,'0000-00-00','2017-02-21 11:36:41','2017-02-21 11:36:41',0),(1190,'Pagesa per kontrollin teknik ne 11 automjeteve te Njisise zjarrfiksave.','Grup fakturash ',1,31,550.00,192,8,NULL,1,'2016-08-12','2016-06-27',1,550.00,0,'0000-00-00','2017-02-21 11:48:39','2017-02-21 11:48:39',0),(1191,'Pages per pije dhe ushqim me rastin e vizites se perfaqsusve Axhensionit te Emergjencave -Ministrija e punve te Bredshme.','0025706',1,9,43.50,50,8,NULL,1,'2016-07-28','2016-07-26',1,43.50,0,'0000-00-00','2017-02-21 11:51:46','2017-02-21 11:51:46',0),(1192,'Shpenzimi per riparimin e automjeteve Mercedes.','012481',1,25,80.00,190,8,NULL,1,'2016-07-28','2016-07-26',1,80.00,0,'0000-00-00','2017-02-21 11:57:27','2017-02-21 11:57:27',0),(1193,'Pagesa e shpenzimeve per internet  njisia zjarrfiksave per muajin Korrik/2016','88/2016',1,30,48.00,170,8,NULL,1,'2016-07-22','2016-07-01',1,48.00,0,'0000-00-00','2017-02-21 12:00:20','2017-02-21 12:00:20',0),(1194,'Furnizim me kombilizona pune per nevoja te zjarrfiksave tek njisia e zjarrfiksave','53',1,62,940.00,193,8,NULL,1,'2016-07-21','2016-07-13',1,940.00,0,'0000-00-00','2017-02-21 12:09:28','2017-02-21 12:09:28',0),(1195,'Pagesa e takses Administrative rrugore dhe ekollogjike per Automjetin Mercedes  me taga 112-160-04','MBL4A19039868366',1,31,170.00,194,8,NULL,1,'2016-07-18','2016-07-12',1,170.00,0,'0000-00-00','2017-02-21 12:19:25','2017-02-21 12:19:25',0),(1196,'Pagesa e takses ADMINSTRATIVE RRUGORE DHE EKONOLLOGJIKE per Automjetin FAP me targa 112-161-04','MBL4A19039871058',1,31,170.00,194,8,NULL,1,'2016-07-18','2016-12-07',1,170.00,0,'0000-00-00','2017-02-22 07:38:27','2017-02-22 07:38:27',0),(1197,'Pagesa e takses Administrative ,Rrugore dhe Ekollogjike per automjetin PEGASO  me targa 112-163-04','MBL4A190398180X',1,31,170.00,194,8,NULL,1,'2016-07-18','2016-12-07',1,170.00,0,'0000-00-00','2017-02-22 07:42:36','2017-02-22 07:42:36',0),(1198,'Pagesa e takses Administrative rrugore dhe ekollogjike per automjetin me MERCEDEZ me targa 112-100 -04','MBL4A1903987052D',1,31,170.00,194,8,NULL,1,'2016-07-18','2016-12-07',1,170.00,0,'0000-00-00','2017-02-22 07:47:15','2017-02-22 07:47:15',0),(1199,'Pagesa e takses administrative rrugore ekollogjike per atomjetin MERCEDEZ me targa 112-156-04 ','MBL4A1903987058P',1,31,170.00,194,8,NULL,1,'2016-07-18','2016-12-07',1,170.00,0,'0000-00-00','2017-02-22 07:51:26','2017-02-22 07:51:26',0),(1200,'Pagesa e takses administrative rrugore ekollogjike per atomjetin MERCEDEZ me targa 112-164-04 ','MBL4A1903987061E',1,31,170.00,194,8,NULL,1,'2016-07-18','2016-12-07',1,170.00,0,'0000-00-00','2017-02-22 07:53:58','2017-02-22 07:53:58',0),(1201,'Pagesa e takses administrative rrugore ekollogjike per atomjetin CAHMEL me targa 112-103-04 ','MBL4A1903987094T',1,31,170.00,194,8,NULL,1,'2016-07-18','2016-12-07',1,170.00,0,'0000-00-00','2017-02-22 07:56:47','2017-02-22 07:56:47',0),(1202,'Pagesa e takses administrative rrugore ekollogjike per atomjetin FAP me targa 112-166-04 ','MBL4A19039869188',1,31,170.00,194,8,NULL,1,'2016-07-18','2016-12-07',1,170.00,0,'0000-00-00','2017-02-22 07:59:12','2017-02-22 07:59:12',0),(1203,'Pagesa e takses administrative rrugore ekollogjike per atomjetin FAP me targa 112-162-04 ','MBL4A19039868627',1,31,170.00,194,8,NULL,1,'2016-07-18','2016-12-07',1,170.00,0,'0000-00-00','2017-02-22 09:26:21','2017-02-22 09:26:21',0),(1204,'Pagesa e takses administrative rrugore ekollogjike per atomjetin DAIMLER BENZ me targa 112-159-04 ','MBL4A1903986859I',1,31,170.00,194,8,NULL,1,'2016-07-18','2016-12-07',1,170.00,0,'0000-00-00','2017-02-22 09:34:43','2017-02-22 09:34:43',0),(1205,'Pagesa e takses administrative rrugore ekollogjike per atomjetin IVEKO me targa 112-123-04 ','MBL4A19039868469',1,31,170.00,194,8,NULL,1,'2016-07-18','2016-12-07',1,170.00,0,'0000-00-00','2017-02-22 09:38:42','2017-02-22 09:38:42',0),(1206,'Regjistrimi i automjeteve ,shiqimi teknik si dhe taksat rrugore  per Automjeteve  te Njisia e Zjarrfiksave.','94865',1,31,4067.46,180,8,NULL,1,'2016-07-13','2016-06-24',1,4067.46,0,'0000-00-00','2017-02-22 11:38:01','2017-02-22 11:38:01',0),(1207,'Shpenzimet per mirbajtjen e tri objekteve tek njisia zjarrfiksave per 16 dit  te muajit Prill / 2016','23/2016',1,20,403.28,147,8,NULL,1,'2016-07-04','2016-09-05',1,403.28,0,'0000-00-00','2017-02-22 11:43:25','2017-02-22 11:43:25',0),(1208,'sindikata.09/16','CPO',5,33,1528.02,39,4,37,1,'2016-09-30','2016-09-30',1,1528.02,0,'0000-00-00','2017-02-23 07:37:56','2017-02-23 12:32:24',2),(1209,'Shpenzim per bartjen e mbeturinave tek njisia e zjarrfiksave muaji Shtator/Tetor 2016  ','62/9/16',3,13,430.22,85,8,NULL,1,'2016-12-16','2016-09-30',1,430.22,0,'0000-00-00','2017-02-23 07:44:42','2017-02-23 07:44:42',0),(1210,'Shpenzimet e e mbeturinave per muajin Tetor 2016 tek njisia e zjarrfiksave','62/10/16',3,13,12.11,85,8,NULL,1,'2016-12-16','2016-10-31',1,12.11,0,'0000-00-00','2017-02-23 07:47:52','2017-02-23 07:47:52',0),(1211,'Shpenzimi i ujit tek Njisia Zjarrfiksave -hidranti per muajin Tetor /2016  Fat.nr. 0362456 dt.01.11.2016','0362456',3,7,443.43,44,8,NULL,1,'2016-12-15','2016-11-01',1,443.43,0,'0000-00-00','2017-02-23 07:54:17','2017-02-23 07:54:17',0),(1212,'Shpenzimi i ujit tek Njisia zjarrfiksave per muajin Tetor /2016 fat.nr.0362457 dt.01.11.2016','0362457',3,7,21.23,44,8,NULL,1,'2016-12-15','2016-11-01',1,21.23,0,'0000-00-00','2017-02-23 07:59:32','2017-02-23 07:59:32',0),(1213,'Shpenzimet e ujit te Hidrantit e zjarrfiksave per muajin Nentor .2016 sipas fatures nr. 039846 dt.01.12.2016','0396846',3,7,443.43,44,8,NULL,1,'2016-12-14','2017-12-01',1,443.43,0,'0000-00-00','2017-02-23 08:02:57','2017-02-23 08:02:57',0),(1214,'Shpenzimet per bartjen e mbeturinave tek Njisia e zjarrfiksave per muajin Dhjetor/ 2016 si dhe borgji paraprak.','62/12/16',3,13,1923.09,85,8,NULL,1,'2016-12-14','2016-12-31',1,1923.09,0,'0000-00-00','2017-02-23 08:17:02','2017-02-23 08:17:02',0),(1215,'Shpenzimet e ujit tek ndertesa Zjarrfiksave per muajin Nentor /2016 ','0396847',3,7,48.28,44,8,NULL,1,'2016-12-14','2016-12-01',1,48.28,0,'0000-00-00','2017-02-23 08:20:42','2017-02-23 08:20:42',0),(1216,'Pagesa e rrumes KEDS  MUAJI   11/2016','6177810',3,5,509.32,5,8,NULL,1,'2016-12-14','2016-11-24',1,509.32,0,'0000-00-00','2017-02-23 08:24:06','2017-02-23 08:24:06',0),(1217,'KEDS MUAJI  11/2016','6177831',3,5,120.16,5,8,NULL,1,'2017-12-14','2016-11-24',1,120.16,0,'0000-00-00','2017-02-23 08:26:15','2017-02-23 08:26:15',0),(1218,'Shpenzimi i rrymes tek tri objektet e zjarrfiksave per muajin Nentor /2016 sipas faturave me nr.6177831,6177841 dhe 6177810.','6177841',3,5,18.09,5,8,NULL,1,'2016-12-14','2016-11-24',1,18.09,0,'0000-00-00','2017-02-23 08:31:07','2017-02-23 08:31:07',0),(1219,'sindikata.10/16','CPO',5,33,1532.33,39,4,37,1,'2016-10-30','2016-10-30',1,1532.33,0,'0000-00-00','2017-02-23 09:02:04','2017-02-23 12:31:49',2),(1220,'sindikata.11/16','CPO',5,33,1522.55,39,4,37,1,'2016-11-30','2016-11-30',1,1522.55,0,'0000-00-00','2017-02-23 09:05:35','2017-02-23 12:31:10',2),(1221,'sindikata 12/16','CPO',5,33,1521.20,39,4,37,1,'2016-12-31','2016-12-31',1,1521.20,0,'0000-00-00','2017-02-23 09:08:15','2017-02-23 12:30:42',2),(1222,'Shpenzimi per rrymen tek njisia zjarrfiksave per muajin Tetor /2016 Sipas faturave nr.6125709,6125699 dhe 6125678.','6125709',3,5,12.67,5,8,NULL,1,'2016-11-11','2016-10-25',1,12.67,0,'0000-00-00','2017-02-23 09:18:51','2017-02-23 09:18:51',0),(1223,'tatimi 07/16','CPO',5,44,10578.41,39,4,37,1,'2016-07-31','2016-07-31',1,10578.41,0,'0000-00-00','2017-02-23 09:19:22','2017-02-23 12:29:31',2),(1224,'KEDS muaji 10/2016','6125699',3,5,241.67,5,8,NULL,1,'2016-10-11','2016-10-25',1,241.67,0,'0000-00-00','2017-02-23 09:21:03','2017-02-23 09:21:03',0),(1225,'kontr. 08/16','CPO',5,34,10667.66,39,4,37,1,'2016-08-30','2016-08-30',1,10667.66,0,'0000-00-00','2017-02-23 09:21:35','2017-02-23 12:28:57',2),(1226,'TATIMI TAP.09/16','CPO',5,44,10500.60,39,4,37,1,'2016-09-30','2016-09-30',1,10500.60,0,'0000-00-00','2017-02-23 09:23:14','2017-02-23 09:23:14',2),(1227,'KEDS per muajin 10/2016','6125678',3,5,431.65,5,8,NULL,1,'2016-11-11','2017-10-25',1,431.65,0,'0000-00-00','2017-02-23 09:23:34','2017-02-23 09:23:34',0),(1228,'KEDS MUAJI  09 .2016','6074008',3,5,82.79,5,8,NULL,1,'2016-10-25','2016-09-24',1,82.79,0,'0000-00-00','2017-02-23 09:26:58','2017-02-23 09:26:58',0),(1229,'KEDS  Muaji 09/2016','6074018',3,5,6.24,5,8,NULL,1,'2016-09-25','2016-09-24',1,6.24,0,'0000-00-00','2017-02-23 09:29:06','2017-02-23 09:29:06',0),(1230,'KEDS  Shpenzimi i  rrymes tek tri objektet e Njisise se zjarrfiksave sipas faturave me N.R. 6074008 6074018 DHE 6073987','6073987',3,5,116.13,5,8,NULL,1,'2016-09-24','2016-09-24',1,116.13,0,'0000-00-00','2017-02-23 09:32:44','2017-02-23 09:32:44',0),(1231,'Shpenzimet e ujit tek hidranti i Njisise se zjarrfiksave per muajin Shtator /2016','025120211',3,7,443.43,44,8,NULL,1,'2016-09-18','2016-10-01',1,443.43,0,'0000-00-00','2017-02-23 09:38:28','2017-02-23 09:38:28',0),(1232,'Shpenzimet e ujit tek tri ndertesat e Njisia e zjarrfiksave per muajin Shtator /2016','0251252',3,7,22.68,44,8,NULL,1,'2016-10-18','2016-09-01',1,22.68,0,'0000-00-00','2017-02-23 09:41:07','2017-02-23 09:41:07',0),(1233,'Mirnjohjet jane jape per shoqerin \'\' SHOQERIJA\" nga Zvicrra  per nder te japjes donacjonit nga Zvicrra.','064/16',1,43,60.00,113,8,NULL,1,'2016-10-12','2016-08-09',1,60.00,0,'0000-00-00','2017-02-23 09:45:32','2017-02-23 09:45:32',0),(1234,'Shpenzimet e ujit -Hidranti  tek Njisia e Zjarrfiksave sipas borgjit te RIPROGRAMUAR per (shtat) muaj.','0293828',3,7,3104.01,44,8,NULL,1,'2016-09-26','2016-09-01',1,3104.01,0,'0000-00-00','2017-02-23 09:50:34','2017-02-23 09:50:34',0),(1235,'tatimi per TAP per muajin 10/16','cpo',5,44,10547.56,39,4,37,1,'2016-10-30','2016-10-30',1,10547.56,0,'0000-00-00','2017-02-23 11:21:04','2017-02-23 11:21:04',2),(1236,'tat.tap.11/16','cpo',5,44,10331.07,39,4,37,1,'2016-11-30','2016-11-30',1,10331.07,0,'0000-00-00','2017-02-23 11:23:58','2017-02-23 11:23:58',2),(1237,'tat.tap.12/16','cpo',5,44,10407.19,39,4,37,1,'2016-12-30','2016-12-30',1,10407.19,0,'0000-00-00','2017-02-23 11:25:34','2017-02-23 11:25:34',2),(1238,'kontr.punet.07/16','cpo',5,35,9553.28,39,4,37,1,'2016-07-30','2016-07-30',1,9553.28,0,'0000-00-00','2017-02-23 11:59:50','2017-02-23 11:59:50',2),(1239,'kontr.punes.08/16','cpo',5,35,9588.03,39,4,37,1,'2016-08-30','2016-08-30',1,9588.03,0,'0000-00-00','2017-02-23 12:04:53','2017-02-23 12:04:53',2),(1240,'kontr.punet.09/16','cpo',5,33,9491.63,39,4,37,1,'2016-09-30','2016-09-30',1,9491.63,0,'0000-00-00','2017-02-23 12:06:38','2017-02-23 12:26:27',2),(1241,'kontr.punet.10/16','cpo',5,35,9515.17,39,4,37,1,'2016-10-30','2016-10-30',1,9515.17,0,'0000-00-00','2017-02-23 12:11:43','2017-02-23 12:11:43',2),(1242,'kontr.punet.11/16','cpo',5,35,9319.37,39,4,37,1,'2016-11-30','2016-11-30',1,9319.37,0,'0000-00-00','2017-02-23 12:14:51','2017-02-23 12:14:51',2),(1243,'kontr.punes.12/16','cpo',5,35,9406.55,39,4,37,1,'2016-12-30','2016-12-30',1,9406.55,0,'0000-00-00','2017-02-23 12:16:44','2017-02-23 12:16:44',2),(1244,'kontribut 07/16','cpo',5,35,9553.28,39,4,37,1,'2016-07-30','2016-07-30',1,9553.28,0,'0000-00-00','2017-02-23 12:36:28','2017-02-23 12:37:11',2),(1245,'kontribut tap 08/16','cpo',5,35,9588.03,39,4,37,1,'2016-08-30','2016-08-30',1,9588.03,0,'0000-00-00','2017-02-23 12:38:45','2017-02-23 12:38:45',2),(1246,'kontrib.09/16','cpo',5,35,9491.63,39,4,37,1,'2016-09-30','2016-09-30',1,9491.63,0,'0000-00-00','2017-02-23 12:40:06','2017-02-23 12:40:06',2),(1247,'kontrib.10/16','cpo',5,35,9515.17,39,4,37,1,'2016-09-30','2016-10-16',1,9515.17,0,'0000-00-00','2017-02-23 12:41:38','2017-02-23 12:41:38',2),(1248,'kontrib.11/16','cpo',5,35,9319.37,39,4,37,1,'2016-11-30','2016-11-30',1,9319.37,0,'0000-00-00','2017-02-23 12:43:32','2017-02-23 12:43:32',2),(1249,'kontr.12/16','cpo',5,35,9406.55,39,4,37,1,'2016-12-30','2016-12-30',1,9406.55,0,'0000-00-00','2017-02-23 12:45:10','2017-02-23 12:45:10',2),(1250,'rryma 05/16','GRUP FATURASH',3,5,654.29,5,4,37,1,'2016-05-30','2016-05-30',1,654.29,0,'0000-00-00','2017-02-23 13:09:37','2017-02-23 13:09:37',2),(1251,'rryma 05/16','GRUP FATURASH',3,5,453.81,5,4,37,1,'2016-05-30','2016-05-30',1,453.81,0,'0000-00-00','2017-02-23 13:12:09','2017-02-23 13:12:09',2),(1252,'shp.rymes.06/16','GRUP FATURASH',3,5,935.93,5,4,37,1,'2016-07-30','2016-07-30',1,935.93,0,'0000-00-00','2017-02-23 13:36:15','2017-02-23 13:36:15',2),(1253,'shp.rrymes 07/16','GRUP FATURASH',3,5,725.80,5,4,37,1,'2016-08-30','2016-08-30',1,725.80,0,'0000-00-00','2017-02-23 13:38:22','2017-02-23 13:38:22',2),(1254,'rryma 08/16','GRUP FATURASH',3,5,782.15,5,4,37,1,'2016-09-30','2016-09-30',1,782.15,0,'0000-00-00','2017-02-23 13:39:54','2017-02-23 13:39:54',2),(1255,'rryma 09/16','GRUP FATURASH',3,5,862.91,5,4,37,1,'2016-10-30','2016-10-30',1,862.91,0,'0000-00-00','2017-02-23 13:41:49','2017-02-23 13:41:49',2),(1256,'rryma 10/16','GRUP FATURASH',3,5,2606.35,5,4,37,1,'2016-11-30','2016-11-30',1,2606.35,0,'0000-00-00','2017-02-23 13:43:36','2017-02-23 13:43:53',2),(1257,'rryma 11/16','GRUP FATURASH',3,5,346.99,5,4,37,1,'2016-12-24','2016-12-24',1,346.99,0,'0000-00-00','2017-02-23 13:45:47','2017-02-23 13:45:47',2),(1258,'uji 05/16','g',3,7,596.66,44,4,37,1,'2016-07-30','2016-06-30',1,596.66,0,'0000-00-00','2017-02-24 07:27:59','2017-02-24 07:27:59',2),(1259,'Shpenzimet e ujit tek Hidranti te Njisia e zjarrfiksave sipas riprogramimit','0293828',3,7,443.43,44,8,NULL,1,'2016-09-22','2016-09-01',1,443.43,0,'0000-00-00','2017-02-24 08:25:22','2017-02-24 08:25:22',0),(1260,'Shpenzimet e ujit tek Njisia e zjarrfiksave per muajin Shtator/2016','0293809',3,7,102.39,44,8,NULL,1,'2016-09-22','2016-09-01',1,102.39,0,'0000-00-00','2017-02-24 08:28:00','2017-02-24 08:28:00',0),(1261,'Shpenzimet per bartjen e mbeturinave tek Njisia e zjarrfiksave per muajin Korrik /2016','62/16',3,13,12.11,85,8,NULL,1,'2016-08-26','2016-07-16',1,12.11,0,'0000-00-00','2017-02-24 08:33:39','2017-02-24 08:33:39',0),(1262,'Pagesa per shpenzimet e ujit tek objektet e Njisise se zjarrfiksave per muajin Korrik / 2016','0259447',3,7,177.71,44,8,NULL,1,'2016-12-08','2016-08-01',1,177.71,0,'0000-00-00','2017-02-24 08:37:26','2017-02-24 08:37:26',0),(1263,'Pagesa per shpenzimet e ujit te hidrantit tek Njisia e zjarrfiksave per muajin Korrik /2016','0259446',3,7,443.43,44,8,NULL,1,'2016-12-08','2016-08-01',1,443.43,0,'0000-00-00','2017-02-24 08:40:22','2017-02-24 08:40:22',0),(1264,'KEDS O7/2016','5971438',3,5,3.50,5,8,NULL,1,'2016-08-15','2016-07-25',1,3.50,0,'0000-00-00','2017-02-24 08:42:49','2017-02-24 08:42:49',0),(1265,'KEDS 07/2016','5971428',3,5,97.52,5,8,NULL,1,'2016-08-15','2016-07-25',1,97.52,0,'0000-00-00','2017-02-24 09:09:11','2017-02-24 09:09:11',0),(1266,'Pagesa per shpenzimet e rrymes tek tri objektet e Njisis se zjarrfiksave per Muajin Korrik /2016  fat.nr. 5971402 ,5921428 dhe 5971438.','5971407',3,5,204.66,5,8,NULL,1,'2016-08-15','2016-07-25',1,204.66,0,'0000-00-00','2017-02-24 09:14:18','2017-02-24 09:14:18',0),(1267,'KEDS 08/2016','6022530',3,5,6.20,5,8,NULL,1,'2016-08-26','2016-08-24',1,6.20,0,'0000-00-00','2017-02-24 09:16:21','2017-02-24 09:16:21',0),(1268,'kEDS 08/2016','6022520',3,5,74.15,5,8,NULL,1,'2016-08-26','2016-08-24',1,74.15,0,'0000-00-00','2017-02-24 09:18:18','2017-02-24 09:18:18',0),(1269,'Shpenzimet e rrymes tek njisia e zjarrfiksave  Muaji Korrik /2016','6022499',3,5,147.20,5,8,NULL,1,'2016-08-26','2016-08-24',1,147.20,0,'0000-00-00','2017-02-24 09:21:10','2017-02-24 09:21:10',0),(1270,'Shpenzime per bartjen e mbeturinave tek njisia zjarrfiksave Gusht /2016','62/8/16',3,13,12.11,85,8,NULL,1,'2016-09-27','2016-08-31',1,12.11,0,'0000-00-00','2017-02-24 09:23:31','2017-02-24 09:23:31',0),(1271,'Pagesa e shpenzimit per mbeturina te njisise se zjarrfiksave per muajin Qeshor /2016','62/6/16',3,13,24.21,85,8,NULL,1,'2016-07-22','2016-06-30',1,24.21,0,'0000-00-00','2017-02-24 09:25:34','2017-02-24 09:25:34',0),(1272,'Pagesa e shpenzimit te ujit tek tri objektet e njisise se zjarrfiksave per muajin Qeshor /2016','0225305',3,7,554.40,44,8,NULL,1,'2016-07-22','2016-07-01',1,554.40,0,'0000-00-00','2017-02-24 09:28:59','2017-02-24 09:28:59',0),(1273,'Pagesa e shpenzimit te ujit tek Hidratit e njisise se zjarrfiksave per muajin Qeshor /2016','0225304',3,7,443.43,44,8,NULL,1,'2016-07-22','2016-07-01',1,443.43,0,'0000-00-00','2017-02-24 09:31:56','2017-02-24 09:31:56',0),(1274,'KEDS 06/2016','5920447',3,5,5.12,5,8,NULL,1,'2016-06-27','2016-06-23',1,5.12,0,'0000-00-00','2017-02-24 09:36:27','2017-02-24 09:36:27',0),(1275,'kEDS 06/2016','5920437',3,5,77.00,5,8,NULL,1,'2016-06-27','2016-06-23',1,77.00,0,'0000-00-00','2017-02-24 09:38:33','2017-02-24 09:38:33',0),(1276,'Shpenzimet e rrymes tek tri objekte e njisise zjarrfiksave  per muajin Qeshor/ 2016','5920416',3,5,189.54,5,8,NULL,1,'2016-06-27','2016-06-23',1,189.54,0,'0000-00-00','2017-02-24 09:43:03','2017-02-24 09:43:03',0),(1277,'Shpenzimet per bartjen e mbeturinave tek njisia e zjarrfiksave per muajin Maj/ 2016','62/5/16',3,13,12.11,85,8,NULL,1,'2016-06-27','2016-05-31',1,12.11,0,'0000-00-00','2017-02-24 09:45:06','2017-02-24 09:45:06',0),(1278,'KEDS 05/2016','5869720',3,5,3.57,5,8,NULL,1,'2016-05-31','2016-05-23',1,3.57,0,'0000-00-00','2017-02-24 09:47:32','2017-02-24 09:47:32',0),(1279,'KEDS 05/2016','5869710',1,5,82.26,5,8,NULL,1,'2016-05-31','2016-05-23',1,82.26,0,'0000-00-00','2017-02-24 09:49:04','2017-03-03 09:21:02',0),(1280,'Shpenzimet e rrymes tek tri objektet e njisise se zjarrfiksave muajin Maj/ 2016','5869689',3,5,233.41,5,8,NULL,1,'2016-05-31','2016-05-23',1,233.41,0,'0000-00-00','2017-02-24 10:01:38','2017-02-24 10:01:38',0),(1281,'Shpenzimet e telefonave fiks tek njisia e zjarrfiksave per muajin Mars/ 2016.','005500162141661',3,6,7.99,6,8,NULL,1,'2016-06-15','2016-03-01',1,7.99,0,'0000-00-00','2017-02-24 11:21:13','2017-03-02 12:32:52',0),(1282,'PTK  03/2016','005500256301661',3,6,12.76,6,8,NULL,1,'2016-06-15','2016-03-01',1,12.76,0,'0000-00-00','2017-02-24 11:23:23','2017-02-24 11:26:54',0),(1283,'PTK 03/2016','005500162151661',3,6,7.99,6,8,NULL,1,'2016-06-15','2016-03-01',1,7.99,0,'0000-00-00','2017-02-24 11:26:20','2017-02-24 11:26:20',0),(1284,'Shpenzimet e ujit tek njisia e zjarrfiksave (Hidranti dhe objektet) per muajin Qeshor /2016 ','0191329',3,7,497.70,44,8,NULL,1,'2016-06-15','2016-06-01',1,497.70,0,'0000-00-00','2017-02-24 11:32:32','2017-02-24 11:32:32',0),(1285,'Zotimi i mjeteve per mbeturina per muajin Maj /2016','109/5/16',3,13,36.32,85,8,NULL,1,'2017-06-15','2016-05-31',1,36.32,0,'0000-00-00','2017-02-24 11:36:37','2017-02-24 11:36:37',0),(1286,'PTK 01/2016','005500256301649',3,6,11.33,6,8,NULL,1,'2016-05-30','2016-01-01',1,11.33,0,'0000-00-00','2017-02-24 11:41:50','2017-02-24 11:41:50',0),(1287,'PTK 01/2016','005500162151649',3,6,7.99,6,8,NULL,1,'2016-05-30','2016-01-01',1,7.99,0,'0000-00-00','2017-02-24 11:46:05','2017-02-24 11:58:20',0),(1288,'Shpenzimet e telefonave fiks tek njisia e zjarrfiksave per muajin Jana/ 2016','005500162141649',1,6,7.99,6,8,NULL,1,'2016-05-30','2016-01-01',1,7.99,0,'0000-00-00','2017-02-24 11:49:09','2017-03-03 09:21:20',0),(1289,'Shpenzimi per bartjen e mbeturinave tek njisia e zjarrfiksave per muajin Prill /2016','62/4/16',3,13,12.11,85,8,NULL,1,'2016-05-30','2016-04-30',1,12.11,0,'0000-00-00','2017-02-24 11:51:44','2017-02-24 11:51:44',0),(1290,'Shpenzimet e ujit tek njisia e zjarrfiksave  (Hidranti dhe objekti)  sipas fakturave nr.0157255 dhe 0157256','0157256',3,7,501.11,44,8,NULL,1,'2016-05-13','2016-05-01',1,501.11,0,'0000-00-00','2017-02-24 11:56:15','2017-02-24 11:56:15',0),(1291,'Linku i interenetit tek njisia e zjarrfiksave per Muajin Maj/2016','66/2016',1,30,48.00,170,8,NULL,1,'2016-05-13','2016-05-02',1,48.00,0,'0000-00-00','2017-02-27 07:29:09','2017-02-27 07:29:09',0),(1292,'PTK  Muaji 12/ 2015','005500256301637',3,6,8.78,6,8,NULL,1,'2016-04-29','2016-12-01',1,8.78,0,'0000-00-00','2017-02-27 07:51:55','2017-02-27 07:51:55',0),(1293,'PTK 12/2015','005500162151637',3,6,7.99,6,8,NULL,1,'2017-04-29','2016-12-01',1,7.99,0,'0000-00-00','2017-02-27 07:53:38','2017-02-27 07:53:38',0),(1294,'Pagesa per shpenzimet e linkut te internetit tek njisia zjarrfiksave muaji Prill /2016','54/2016',1,30,48.00,170,8,NULL,1,'2016-04-28','2017-04-01',1,48.00,0,'0000-00-00','2017-02-27 07:55:59','2017-02-27 07:55:59',0),(1295,'KEDS muaji 04/2016','5818924',3,5,3.90,5,8,NULL,1,'2016-04-28','2016-04-21',1,3.90,0,'0000-00-00','2017-02-27 07:57:50','2017-02-27 07:57:50',0),(1296,'KEDS MUAJI 04/2016','5818893',3,5,225.20,5,8,NULL,1,'2016-04-28','2016-04-21',1,225.20,0,'0000-00-00','2017-02-27 07:59:24','2017-02-27 07:59:24',0),(1297,'Pagesa per shpenzimet e rrymes per tri objektet e njisise se zjarrfiksave per muajin Prill 2016 sipas fat. nr.5818924, 5818893,5818914.','5818914',3,5,96.53,5,8,NULL,1,'2016-04-28','2016-04-21',1,96.53,0,'0000-00-00','2017-02-27 08:03:20','2017-02-27 08:03:20',0),(1298,'Pagesa per martjen e mbeturinave tek njisia zjarrfiksave per muajin Mars /2016','62/3/16',3,13,24.21,85,8,NULL,1,'2016-04-19','2016-03-31',1,24.21,0,'0000-00-00','2017-02-27 08:05:37','2017-02-27 08:05:37',0),(1299,'Shpenzimet e ujit tek Hidranti tek njisia e zjarrfiksave  sipas fat.nr. 0123329 dt.01.03.2016,   \r\nShpenzimet e ujit te ndertesa njisise se zjarrfiksave muaji Mars 2016 sipas fat.nr.0123330 dt.11.04 2016','0123329 & 0123330',3,7,500.13,7,8,NULL,1,'2016-04-19','2016-04-01',1,500.13,0,'0000-00-00','2017-02-27 08:11:48','2017-02-27 08:11:48',0),(1300,'Zotimi i mjeteve per shpenzimet e rrymes muaji  Mars /2016','5762567',1,5,1652.51,5,8,NULL,1,'2016-04-07','2016-03-19',1,1652.51,0,'0000-00-00','2017-02-27 08:14:46','2017-03-01 11:08:13',0),(1301,'Zotimi i mjeteve per shpenzime te ngrohjes per muajin Mars/ 2016','16-220-001-817',3,39,357.49,43,8,NULL,1,'2016-04-06','2016-03-31',1,357.49,0,'0000-00-00','2017-02-27 08:24:55','2017-02-27 08:24:55',0),(1302,'KEDS 03./2016','5767135',3,5,7.89,5,8,NULL,1,'2016-04-04','2017-03-21',1,7.89,0,'0000-00-00','2017-02-27 08:30:15','2017-02-27 08:30:15',0),(1303,'KEDS  03/2015','5767104',3,5,538.54,5,8,NULL,1,'2016-04-16','2026-03-21',1,538.54,0,'0000-00-00','2017-02-27 08:36:19','2017-02-27 08:36:19',0),(1304,'Shpenzimet e rrymes tek tri objektet e Njisise se zjarrfiksave per muajin MARS /2016 Nr.5767104,5767125 & 5767135 te dt.21.03.2016','5767125',3,5,242.08,5,8,NULL,1,'2016-04-06','2016-03-21',1,242.08,0,'0000-00-00','2017-02-27 08:42:11','2017-02-27 08:42:11',0),(1305,'Shpenzimet per bartjen e mbeturinave tek njisia e zjarrfiksave per muajin Shkurt /2016','62/2016',3,13,12.11,85,8,NULL,1,'2016-03-18','2016-02-29',1,12.11,0,'0000-00-00','2017-02-27 08:50:06','2017-02-27 08:50:06',0),(1306,'Shpenzimi i ujit tek njisia e zjarrfiksave per muajin Shkurt 2015 sipas fat.nr.025120211 dhe nr.0251252','0080876 & 0080877                                                              ',3,7,611.42,44,8,NULL,1,'2016-03-11','2016-03-01',1,611.42,0,'0000-00-00','2017-02-27 09:34:33','2017-02-27 09:34:33',0),(1307,'Shpinzimi per linkun e internetit tek njisia e zjarrfiksave per muajin Mars /2016','40/2016',1,30,48.00,170,8,NULL,1,'2016-03-08','2016-03-01',1,48.00,0,'0000-00-00','2017-02-27 09:37:58','2017-02-27 09:37:58',0),(1308,'Shpenzimet e rrymes tek njisia e zjarrfiksave per muajin Shkurt 2016 sipas fat.5715962 dhe 5215983','5715962',3,5,545.70,5,8,NULL,1,'2016-02-25','2016-02-02',1,545.70,0,'0000-00-00','2017-02-27 09:43:30','2017-02-27 09:43:30',0),(1309,'KEDS  Muaji 02/2016','5715983',3,5,40.26,5,8,NULL,1,'2016-02-25','2016-02-20',1,40.26,0,'0000-00-00','2017-02-27 09:46:42','2017-02-27 09:46:42',0),(1310,'Shpenzimet e ujit per Hidrant dhe  nderteses tek njisia zjarrfiksave fat.nr.0032790 dhe 0032791 per muajin  Janar 2016 ','0032790 & 0032791',3,7,862.67,44,8,NULL,1,'2016-02-25','2016-02-01',1,862.67,0,'0000-00-00','2017-02-27 10:00:09','2017-02-27 10:00:09',0),(1311,'Furnizim me fidanë të mjedrës për pemëtarë, 80 % e pagesës për operatorin e kontraktuar.','0027002',6,100,7192.80,195,7,35,2,'2016-06-06','2016-06-02',1,7198.80,0,'0000-00-00','2017-02-27 13:49:18','2017-02-27 13:49:18',0),(1312,'PTK Muaji 11/2015','005500256301633',3,6,100.67,6,8,NULL,1,'2016-02-23','2016-11-01',1,100.67,0,'0000-00-00','2017-02-28 07:33:42','2017-02-28 07:33:42',0),(1313,'PTK  Muaji 11/2015','005500162151633',3,6,23.97,6,8,NULL,1,'2016-02-23','2016-11-01',1,23.97,0,'0000-00-00','2017-02-28 07:36:17','2017-02-28 07:36:17',0),(1314,'Shpenzimet e tel. fiks tek njisia e zjarrfiksave per muajin Nentor /2015','005500162141633',3,6,23.97,6,8,NULL,1,'2016-02-23','2016-11-01',1,23.97,0,'0000-00-00','2017-02-28 07:38:42','2017-02-28 08:46:57',0),(1315,'Shpenzimet e linkun e internetit tek njisia e zjarrfiksave per muajin Janar /2015','25/2016',1,30,48.00,170,8,NULL,1,'2016-02-22','2016-02-01',1,48.00,0,'0000-00-00','2017-02-28 07:41:19','2017-02-28 08:46:42',0),(1316,'Shpenzimet e linkun e internetit  tek njisia e zjarrfiksave  Janar /2016','8/2016',1,30,48.00,170,8,NULL,1,'2016-02-22','2016-04-01',1,48.00,0,'0000-00-00','2017-02-28 07:43:38','2017-02-28 07:43:38',0),(1317,'Mbeturina 31/01/.2016','62/1/2016',3,13,12.11,85,8,NULL,1,'2016-02-22','2016-01-31',1,12.11,0,'0000-00-00','2017-02-28 08:01:10','2017-02-28 08:01:10',0),(1318,'Mbeturina 30/11/2016','62/11/2015',3,13,24.22,85,8,NULL,1,'2016-02-09','0000-00-00',1,24.22,0,'0000-00-00','2017-02-28 08:06:34','2017-02-28 08:06:34',0),(1319,'Mbeturinat tek njisia zjarrfiksave','62/9/2015',3,13,12.11,85,8,NULL,1,'2016-02-09','2016-09-30',1,12.11,0,'0000-00-00','2017-02-28 08:09:57','2017-02-28 08:09:57',0),(1320,'KEDS B6 3278 Brigada e zjarrfiksave','5665665',3,5,22.89,5,8,NULL,1,'2016-02-09','2016-01-22',1,22.89,0,'0000-00-00','2017-02-28 08:21:05','2017-02-28 08:21:05',0),(1321,'KEDS  tek njisia zjarrfiksave  ','5665595',3,5,305.59,5,8,NULL,1,'2016-09-02','2016-01-22',1,305.59,0,'0000-00-00','2017-02-28 08:24:39','2017-02-28 08:24:39',0),(1322,'KEDS  Shpenzimet e rrymes tek njisia e zjarrfiksave tek tri objektet Janar/ 2016 me fat.nr.5665574. 5665595 dhe 56656605','5665574',3,5,571.80,5,8,NULL,1,'2016-02-09','2016-01-22',1,571.80,0,'0000-00-00','2017-02-28 08:28:28','2017-02-28 08:28:28',0),(1323,'Shpenzimi i ujit Hidrantit  sipsa faktures nr. 0356673  dt.01.01. 2016 sipas riprogramimit.','0256673',3,7,455.00,44,8,NULL,1,'2016-01-29','2016-01-01',1,455.00,0,'0000-00-00','2017-02-28 08:59:07','2017-02-28 08:59:07',0),(1324,'Shpenzimiet e ujit me tri ndertesa tek njisia e zjarrfiksave per muajin Gusht /2015  fat.0253798','0253798',3,7,461.87,44,8,NULL,1,'2016-09-02','2015-09-01',1,461.87,0,'0000-00-00','2017-02-28 09:45:30','2017-02-28 09:45:30',0),(1326,'ShpenzimET e rrymes KEDS per muajin nentor dhjetor / 2015\r\nnr.5565005,5565464,5615253,5615274 dhe 5615284','5615253',1,5,684.83,5,8,NULL,1,'2016-01-29','2016-12-24',1,684.83,0,'0000-00-00','2017-02-28 10:06:20','2017-03-03 09:09:23',0),(1327,'Derivate','1299/16',1,32,242.96,3,2,NULL,1,'2016-05-12','2016-04-30',1,242.96,0,'0000-00-00','2017-02-28 12:57:41','2017-02-28 12:57:41',0),(1328,'Furnizim i zyres','127/2016',1,32,150.00,4,2,NULL,1,'2016-05-16','2016-04-26',1,150.00,0,'0000-00-00','2017-02-28 13:00:10','2017-02-28 13:00:10',0),(1329,'Material zyrtar','16-SHV01-001-467',1,32,84.00,1,2,NULL,1,'2016-05-19','2016-05-13',1,84.00,0,'0000-00-00','2017-02-28 13:02:06','2017-02-28 13:02:06',0),(1330,'Material zyrtar','00472',1,32,70.00,1,2,NULL,1,'2016-05-19','2016-05-19',1,70.00,0,'0000-00-00','2017-02-28 13:03:54','2017-02-28 13:03:54',0),(1331,'Shpenz.GPS','0563284',1,32,15.27,66,2,NULL,1,'2016-05-20','2016-04-30',1,15.27,0,'0000-00-00','2017-02-28 13:05:49','2017-02-28 13:05:49',0),(1332,'Sherb.kontraktuse','Kontrat mbi veper',1,32,350.00,70,2,NULL,1,'2016-06-03','2016-03-03',1,350.00,0,'0000-00-00','2017-02-28 13:07:55','2017-02-28 13:07:55',0),(1333,'Sherb.kontrak.','kontrat',1,32,350.00,71,2,NULL,1,'2016-06-03','2016-06-03',1,350.00,0,'0000-00-00','2017-02-28 13:09:35','2017-02-28 13:09:35',0),(1334,'UPS','00483',1,32,90.00,1,2,NULL,1,'2016-06-20','2016-05-19',1,90.00,0,'0000-00-00','2017-02-28 13:11:09','2017-02-28 13:11:09',0),(1335,'Dreka zyrtare','32/16',1,32,350.00,36,2,NULL,1,'2016-06-20','2016-06-06',1,350.00,0,'0000-00-00','2017-02-28 13:12:51','2017-02-28 13:12:51',0),(1336,'Derivate','1625/16',1,32,245.56,3,2,NULL,1,'2016-06-21','2016-05-31',1,245.56,0,'0000-00-00','2017-02-28 13:14:33','2017-02-28 13:14:33',0),(1337,'Avanc per udhtim zyrtar','Meditje',1,32,158.40,177,2,NULL,1,'2016-07-06','2016-05-26',1,158.40,0,'0000-00-00','2017-02-28 13:17:32','2017-02-28 13:17:32',0),(1338,'Shpenz.tel.mob.GPS','0586567',1,30,15.27,66,2,NULL,1,'2016-07-22','2016-05-31',1,15.27,0,'0000-00-00','2017-02-28 13:20:08','2017-02-28 13:20:08',0),(1339,'Shpenz.tel.mob.GPS','0612081',1,30,15.27,66,2,NULL,1,'2016-07-22','2016-06-30',1,15.27,0,'0000-00-00','2017-02-28 13:21:49','2017-02-28 13:21:49',0),(1340,'Dreka zyrtare','59836,37,38,829',1,9,82.50,63,2,NULL,1,'2016-07-22','2016-06-30',1,82.50,0,'0000-00-00','2017-02-28 13:23:55','2017-02-28 13:23:55',0),(1341,'Material zyrtar','60',1,43,162.60,16,2,NULL,1,'2016-07-29','2016-07-08',1,162.60,0,'0000-00-00','2017-02-28 13:26:10','2017-02-28 13:26:10',0),(1342,'Derivate','1936/16',1,4,245.75,3,2,NULL,1,'2016-08-08','2016-06-30',1,245.75,0,'0000-00-00','2017-02-28 13:28:08','2017-02-28 13:28:08',0),(1343,'Meditje','Meditje',1,28,250.80,197,2,NULL,1,'2016-09-05','2016-07-15',1,250.80,0,'0000-00-00','2017-03-01 07:45:29','2017-03-01 07:45:29',0),(1344,'Kabel vazhduese','75',1,20,12.00,16,2,NULL,1,'2016-09-06','2016-08-19',1,12.00,0,'0000-00-00','2017-03-01 07:54:58','2017-03-01 07:54:58',0),(1345,'Sherb.e TV SYRIT','66/16',1,27,783.00,67,2,NULL,1,'2016-09-09','2016-07-08',1,783.00,0,'0000-00-00','2017-03-01 07:58:07','2017-03-01 07:58:07',0),(1346,'KEDS  per muajin 11/2015 ','5565015 & 5615284',3,5,68.94,5,8,NULL,1,'2016-01-29','2016-11-24',1,68.94,0,'0000-00-00','2017-03-01 07:59:59','2017-03-01 07:59:59',0),(1347,'Sherb.TV SYRIT','66/16',1,27,1300.00,67,2,NULL,3,'2016-09-09','2016-07-08',1,1300.00,0,'0000-00-00','2017-03-01 08:00:28','2017-03-01 08:00:28',0),(1348,'Furnizim i zyres','71',1,43,222.02,16,2,NULL,1,'2016-09-13','2016-07-18',1,222.02,0,'0000-00-00','2017-03-01 08:02:38','2017-03-01 08:02:38',0),(1349,'Keds per muajin 11/2015','5565005 & 5615274',3,5,643.88,5,8,NULL,1,'2016-01-29','2016-11-24',1,643.88,0,'0000-00-00','2017-03-01 08:05:13','2017-03-01 08:05:13',0),(1350,'Derivate','2279/16',1,4,158.85,3,2,NULL,1,'2016-09-13','2016-07-31',1,158.85,0,'0000-00-00','2017-03-01 08:05:22','2017-03-01 08:05:22',0),(1351,'30160003','1815/2016',1,40,300.00,198,8,NULL,1,'2016-01-25','2016-01-25',1,300.00,0,'0000-00-00','2017-03-01 08:13:18','2017-03-01 08:13:18',0),(1352,'Mirmb.e automjetit','1',1,25,90.00,95,2,NULL,1,'2016-10-07','2016-09-30',1,90.00,0,'0000-00-00','2017-03-01 08:17:35','2017-03-01 08:17:35',0),(1353,'30166003','69933-2016',1,40,299.65,184,8,NULL,1,'2016-03-07','2016-03-07',1,299.65,0,'0000-00-00','2017-03-01 08:21:19','2017-03-01 08:21:19',0),(1354,'Derivate','2582/16',1,4,138.06,3,2,NULL,1,'2016-10-12','2016-08-31',1,138.06,0,'0000-00-00','2017-03-01 08:24:34','2017-03-01 08:24:34',0),(1355,'30116069','197204-2016',1,40,300.00,184,8,NULL,1,'2016-05-16','2016-05-16',1,300.00,0,'0000-00-00','2017-03-01 08:25:26','2017-03-01 08:25:26',0),(1356,'30116071','219744-2016',1,40,300.00,184,8,NULL,1,'2016-06-07','2016-06-07',1,300.00,0,'0000-00-00','2017-03-01 08:28:28','2017-03-02 12:31:13',0),(1357,'Mirmb.e autom.','51/15',1,25,140.00,95,2,NULL,1,'2016-10-14','2016-05-27',1,140.00,0,'0000-00-00','2017-03-01 08:31:45','2017-03-01 08:31:45',0),(1358,'30116108','276774/2016',1,40,299.89,184,8,NULL,1,'2016-04-07','2016-04-07',1,299.89,0,'0000-00-00','2017-03-01 08:32:28','2017-03-01 08:32:28',0),(1359,'Zarfa me llogo','316/2016',1,43,75.00,4,2,NULL,1,'2016-09-18','2016-09-30',1,75.00,0,'0000-00-00','2017-03-01 08:33:35','2017-03-01 08:33:35',0),(1360,'30116128','302056-2016',1,40,299.98,184,8,NULL,1,'2017-04-07','2016-04-07',1,299.98,0,'0000-00-00','2017-03-01 08:35:20','2017-03-01 08:35:20',0),(1361,'Reprezentacion','4471,59845',1,9,36.90,63,2,NULL,1,'2016-09-25','2016-07-31',1,36.90,0,'0000-00-00','2017-03-01 08:47:06','2017-03-01 08:47:06',0),(1362,'Rexh.automj.','0002538',1,31,245.30,152,2,NULL,1,'2016-10-09','2016-09-26',1,245.30,0,'0000-00-00','2017-03-01 08:49:09','2017-03-01 08:49:09',0),(1363,'Publikime','1090/16',1,22,25.00,97,2,NULL,1,'2016-10-11','2016-10-11',1,25.00,0,'0000-00-00','2017-03-01 08:51:10','2017-03-01 08:51:10',0),(1364,'Derivate','2864/16',1,4,226.98,3,2,NULL,1,'2016-11-09','2016-09-30',1,226.98,0,'0000-00-00','2017-03-01 08:56:02','2017-03-01 08:56:02',0),(1365,'Material zyrtar','SH-191/2016',1,43,752.21,149,2,NULL,1,'2016-11-22','2016-06-30',1,752.21,0,'0000-00-00','2017-03-01 08:59:54','2017-03-01 08:59:54',0),(1366,'Shpenzime teknike','1250',1,29,184.00,150,2,NULL,1,'2016-11-25','2016-11-09',1,184.00,0,'0000-00-00','2017-03-01 09:03:05','2017-03-01 09:03:05',0),(1367,'30116199','384167/2016',1,40,299.12,184,8,NULL,1,'2016-04-07','2016-04-07',1,299.12,0,'0000-00-00','2017-03-01 09:06:52','2017-03-01 09:06:52',0),(1368,'Reprezentacion','0004485',1,9,48.00,63,2,NULL,1,'2016-11-29','2016-10-31',1,48.00,0,'0000-00-00','2017-03-01 09:11:43','2017-03-01 09:11:43',0),(1369,'Furnizim i zyres','143/2016',1,43,43.50,65,2,NULL,3,'2016-11-29','2016-11-25',1,43.50,0,'0000-00-00','2017-03-01 09:13:35','2017-03-01 09:13:35',0),(1370,'Monitor per kompjuter','205',1,23,95.00,16,2,NULL,1,'2016-11-29','2016-11-22',1,95.00,0,'0000-00-00','2017-03-01 09:15:21','2017-03-01 09:15:21',0),(1371,'Furnizim i zyres','175',1,43,145.30,16,2,NULL,1,'2016-11-29','2016-11-03',1,145.30,0,'0000-00-00','2017-03-01 09:17:40','2017-03-01 09:17:40',0),(1372,'Furnizim i zyres','366/2016',1,43,60.00,4,2,NULL,1,'2016-12-06','2016-11-21',1,60.00,0,'0000-00-00','2017-03-01 09:19:42','2017-03-01 09:19:42',0),(1373,'Furnizim i zyres','3279/16',1,4,159.74,3,2,NULL,1,'2016-12-07','2016-10-31',1,159.74,0,'0000-00-00','2017-03-01 09:21:49','2017-03-01 09:21:49',0),(1374,'Furnizim i zyres','156',1,43,77.80,16,2,NULL,1,'2016-10-28','2016-10-28',1,77.80,0,'0000-00-00','2017-03-01 09:25:07','2017-03-01 09:25:07',0),(1375,'Avanc per udhtim zyrtar','Meditje',1,50,167.20,177,2,NULL,1,'2016-12-13','2016-10-02',1,167.20,0,'0000-00-00','2017-03-01 09:27:41','2017-03-01 09:27:41',0),(1376,'Avanc per udhtim zyrtar','avanc',1,50,163.20,197,2,NULL,1,'2017-12-13','2016-10-26',1,163.20,0,'0000-00-00','2017-03-01 09:32:22','2017-03-01 09:32:22',0),(1377,'Shpenz.udhtim.zyrtar','Meditje',1,50,83.60,177,2,NULL,1,'2016-12-14','2016-11-30',1,83.60,0,'0000-00-00','2017-03-01 09:34:18','2017-03-01 09:34:18',0),(1378,'Udht.zyrtar jasht vendit','meditje',1,50,167.20,111,2,NULL,1,'2016-12-16','2016-11-21',1,167.20,0,'0000-00-00','2017-03-01 09:36:30','2017-03-01 09:36:30',0),(1379,'Kompjuter','220',1,56,2110.00,72,2,NULL,1,'2016-12-23','2016-12-22',1,2110.00,0,'0000-00-00','2017-03-01 09:38:03','2017-03-01 09:38:03',0),(1380,'SHP.UJIT 06/16','G',3,7,606.22,44,4,37,1,'2016-07-30','2016-06-30',1,606.22,0,'0000-00-00','2017-03-06 13:00:39','2017-03-06 13:00:39',2),(1381,'SHP.MBET.06/16','2016.06.30',3,13,587.57,12,4,37,1,'2016-07-30','2016-06-30',1,587.57,0,'0000-00-00','2017-03-06 13:02:39','2017-03-06 13:02:39',2),(1382,'SHP.TEL.02-05/16','GRUP FATURASH',3,6,810.91,6,4,37,1,'2016-06-30','2016-05-30',1,810.91,0,'0000-00-00','2017-03-06 13:04:18','2017-03-06 13:04:18',2),(1383,'MAT.ZYRTARE','115/2016',1,43,1800.00,4,4,37,1,'2016-09-06','2016-04-19',1,1800.00,0,'0000-00-00','2017-03-23 13:08:24','2017-03-23 13:10:27',2),(1384,'SHERB.KONTR.','08/2016',1,27,250.00,199,4,37,1,'2016-09-06','0000-00-00',1,250.00,0,'0000-00-00','2017-04-06 06:15:28','2017-04-06 06:16:42',2),(1385,'SHERB.KONTR.','08/2016',1,27,250.00,200,4,37,1,'2016-09-06','2016-08-31',1,250.00,0,'0000-00-00','2017-04-06 06:19:22','2017-04-06 06:20:46',2),(1386,'SHERB.KONTR.','08/2016',1,27,250.00,201,4,37,1,'2016-09-06','2016-08-31',1,250.00,0,'0000-00-00','2017-04-06 06:23:06','2017-04-06 06:23:06',2),(1387,'SHERB.KONTR','08/2016',1,27,250.00,202,4,37,1,'2016-09-06','2016-08-31',1,250.00,0,'0000-00-00','2017-04-06 06:25:30','2017-04-06 06:25:30',2),(1388,'SHERB.KONTR','08/2016',1,27,250.00,203,4,37,1,'2016-09-06','2016-08-31',1,250.00,0,'0000-00-00','2017-04-06 06:29:12','2017-04-06 06:29:12',2),(1389,'SHERB.KONTR','08/2016',1,27,250.00,204,4,37,1,'2016-09-06','2016-08-31',1,250.00,0,'0000-00-00','2017-04-06 06:30:57','2017-04-06 06:30:57',2),(1390,'SHERB.KONTR','08/2016',1,27,250.00,205,4,37,1,'2016-09-06','2016-08-31',1,250.00,0,'0000-00-00','2017-04-06 06:32:50','2017-04-06 06:32:50',2),(1391,'SHERB.KONTR','08/2016',1,27,250.00,206,4,37,1,'2016-09-06','0000-00-00',1,250.00,0,'0000-00-00','2017-04-06 06:34:28','2017-04-06 06:34:28',2),(1392,'SHERB.KONTR','08/2016',1,27,250.00,207,4,37,1,'2016-09-06','2016-08-31',1,250.00,0,'0000-00-00','2017-04-06 06:36:15','2017-04-06 06:36:15',2),(1393,'SHERB.KONTR','08/2016',1,27,250.00,208,4,37,1,'2016-09-06','2016-08-31',1,250.00,0,'0000-00-00','2017-04-06 06:37:47','2017-04-06 06:37:47',2),(1394,'SHERB.KONTR','08/2016',1,27,250.00,209,4,37,1,'2016-09-06','2016-08-31',1,250.00,0,'0000-00-00','2017-04-06 06:39:14','2017-04-06 06:39:14',2),(1395,'SHERB.KONTR','08/2016',1,27,250.00,210,4,37,1,'2016-09-06','2016-08-31',1,250.00,0,'0000-00-00','2017-04-06 06:41:05','2017-04-06 06:41:05',2),(1396,'SHERB.KONTR','08/2016',1,27,250.00,211,4,37,1,'2016-09-06','2016-08-31',1,250.00,0,'0000-00-00','2017-04-06 06:42:37','2017-04-06 06:42:37',2),(1397,'SHERB.KONTR','08/2016',1,27,250.00,212,4,37,1,'2016-09-06','2016-08-31',1,250.00,0,'0000-00-00','2017-04-06 06:43:55','2017-04-06 06:43:55',2),(1398,'SHERB.KONTR','08/2016',1,27,250.00,213,4,37,1,'2016-09-06','2016-08-31',1,250.00,0,'0000-00-00','2017-04-06 06:45:26','2017-04-06 06:45:26',2),(1399,'SHERB.KONTR','08/2016',1,27,250.00,214,4,37,1,'2016-09-06','2016-08-31',1,250.00,0,'0000-00-00','2017-04-06 06:46:56','2017-04-06 06:46:56',2),(1400,'SHERB.KONTR','08/2016',1,27,250.00,215,4,37,1,'2016-09-06','2016-08-31',1,250.00,0,'0000-00-00','2017-04-06 06:50:37','2017-04-06 06:50:37',2),(1401,'SHERB.KONTR','08/2016',1,27,250.00,216,4,37,1,'2016-09-06','2016-08-31',1,250.00,0,'0000-00-00','2017-04-06 06:52:16','2017-04-06 06:52:16',2),(1402,'SHERB.KONTR','08/2016',1,27,250.00,217,4,37,1,'2016-09-06','2016-08-31',1,250.00,0,'0000-00-00','2017-04-06 06:53:29','2017-04-06 06:53:29',2),(1403,'SHERB.KONTR','08/2016',1,27,250.00,218,4,37,1,'2016-09-06','2016-08-31',1,250.00,0,'0000-00-00','2017-04-06 06:54:43','2017-04-06 06:54:43',2),(1404,'SHERB.KONTR','08/2016',1,27,250.00,219,4,37,1,'2016-09-06','2016-08-31',1,250.00,0,'0000-00-00','2017-04-06 06:56:25','2017-04-06 06:56:25',2),(1405,'SHERB.KONTR','08/2016',1,27,250.00,220,4,37,1,'2016-09-06','2016-08-31',1,250.00,0,'0000-00-00','2017-04-06 06:57:34','2017-04-06 06:57:34',2),(1406,'SIG.FIZ.OBJ.08/16','08/16',1,27,1272.24,41,4,37,1,'2016-09-09','0000-00-00',1,1272.24,0,'0000-00-00','2017-04-11 09:49:12','2017-04-11 09:49:12',2),(1407,'SIG.FIZ.OBJ.08/16','08/16',1,27,300.96,41,4,37,2,'2016-09-09','2016-08-31',1,300.96,0,'0000-00-00','2017-04-11 09:53:58','2017-05-05 10:30:47',3),(1408,'REPREZENTACION','11,12/2017',5,9,27.60,63,4,37,1,'2016-09-20','2016-01-09',1,27.60,0,'0000-00-00','2017-04-11 09:57:01','2017-04-11 09:57:01',1),(1409,'SIG.AUTOMJ.','09/16',1,31,273.40,27,4,37,2,'2016-09-20','2016-01-09',1,273.40,0,'0000-00-00','2017-04-11 10:00:53','2017-04-11 10:21:06',2),(1410,'SIG.AUT.','09/16',1,31,293.58,34,4,37,2,'2016-09-20','2016-09-01',1,293.58,0,'0000-00-00','2017-04-11 10:03:48','2017-04-11 10:20:40',2),(1411,'BARNA EMERGJENTE','322869',1,60,1123.50,96,4,37,2,'2016-09-26','2016-03-28',1,1123.50,0,'0000-00-00','2017-04-11 10:06:33','2017-04-11 10:20:13',2),(1412,'REAGENSA','3223663',1,60,4767.44,59,4,37,2,'2016-09-26','2016-03-31',1,4767.44,0,'0000-00-00','2017-04-11 10:08:33','2017-04-11 10:19:50',2),(1413,'REXH.AUTOMJ.','323663',1,31,323.40,34,4,37,2,'2016-09-27','2016-01-09',1,323.40,0,'0000-00-00','2017-04-11 10:19:17','2017-04-11 10:19:17',2),(1414,'SHP.TEL.MOBILE','324337',1,8,101.49,8,4,37,3,'2016-09-27','2016-02-28',1,101.49,0,'0000-00-00','2017-04-11 10:23:25','2017-04-11 10:23:25',2),(1415,'INTERNETI','327436',1,30,80.00,221,4,37,2,'2016-09-29','2016-08-30',1,80.00,0,'0000-00-00','2017-04-11 10:28:22','2017-04-11 10:28:22',2),(1416,'SHERB.INTERN.','327473',1,30,45.00,221,4,37,1,'2016-09-29','2016-09-30',1,45.00,0,'0000-00-00','2017-04-11 10:35:23','2017-04-11 10:35:23',2),(1417,'MAT.TOMATOLOGJIK','333671',1,60,3022.60,222,4,37,2,'2016-10-06','2016-04-30',1,3022.60,0,'0000-00-00','2017-04-11 11:04:29','2017-04-11 11:04:29',2),(1418,'SHERB.KONTR.09/16','09/16',1,27,250.00,217,4,37,1,'2016-10-05','2016-09-30',1,250.00,0,'0000-00-00','2017-04-12 10:16:08','2017-04-12 10:16:08',2),(1419,'SHERB.KONTR.09/16','09/16',1,27,250.00,213,4,37,1,'2016-10-05','2016-09-16',1,250.00,0,'0000-00-00','2017-04-12 10:19:22','2017-04-12 10:19:22',2),(1420,'sherb.kontr.09/16','09/16',1,27,250.00,204,4,37,1,'2016-10-05','2016-09-30',1,250.00,0,'0000-00-00','2017-04-12 10:40:54','2017-04-12 10:40:54',2),(1421,'sherb.kontr.09/16','09/16',1,27,250.00,209,4,37,1,'2016-10-05','2016-09-30',1,250.00,0,'0000-00-00','2017-04-12 10:42:25','2017-04-12 10:42:25',2),(1422,'sherb.kontr.09/16','09/16',1,27,250.00,208,4,37,1,'2016-10-05','2016-09-30',1,250.00,0,'0000-00-00','2017-04-12 10:43:28','2017-04-12 10:43:28',2),(1423,'sherb.kontr.09/16','09/16',1,27,250.00,203,4,37,1,'2016-10-05','2016-09-30',1,250.00,0,'0000-00-00','2017-04-12 10:44:53','2017-04-12 10:44:53',2),(1424,'sherb.kontr.09/16','09/16',1,27,250.00,212,4,37,1,'2016-10-05','2016-09-30',1,250.00,0,'0000-00-00','2017-04-12 10:46:30','2017-04-12 10:46:30',1),(1425,'sherb.kontr.09/16','09/16',1,27,250.00,199,4,37,1,'2016-10-05','2016-09-30',1,250.00,0,'0000-00-00','2017-04-12 10:47:52','2017-04-12 10:47:52',2),(1426,'sherb.kontr.09/16','09/16',1,27,250.00,210,4,37,1,'2016-10-05','2016-09-30',1,250.00,0,'0000-00-00','2017-04-12 10:49:34','2017-04-12 10:49:34',2),(1427,'sherb.kontr.09/16','09/16',1,27,250.00,214,4,37,1,'2016-10-05','2016-09-30',1,250.00,0,'0000-00-00','2017-04-12 10:51:01','2017-04-12 10:51:01',2),(1428,'sherb.kontr.09/16','09/16',1,27,250.00,218,4,37,1,'2016-10-05','2016-09-30',1,250.70,0,'0000-00-00','2017-04-12 10:52:21','2017-04-12 10:52:21',2),(1429,'sherb.kontr.09/16','09/16',1,27,250.00,206,4,37,1,'2016-10-05','2016-09-30',1,250.00,0,'0000-00-00','2017-04-12 10:54:29','2017-04-12 10:54:29',2),(1430,'sherb.kontr.09/16','09/16',1,27,250.00,202,4,37,1,'2016-10-05','2016-09-30',1,250.00,0,'0000-00-00','2017-04-12 10:56:15','2017-04-12 10:56:15',2),(1431,'sherb.kontr.09/16','09/16',1,27,250.00,201,4,37,1,'2016-10-05','2016-09-30',1,250.00,0,'0000-00-00','2017-04-12 11:00:14','2017-04-12 11:00:14',2),(1432,'sherb.kontr.09/16','09/16',1,27,250.00,207,4,37,1,'2016-10-05','2016-09-30',1,250.00,0,'0000-00-00','2017-04-12 11:05:59','2017-04-12 11:05:59',2),(1433,'sherb.kontr.09/16','09/16',1,27,250.00,200,4,37,1,'2016-10-05','2016-09-30',1,250.00,0,'0000-00-00','2017-04-12 11:09:41','2017-04-12 11:09:41',2),(1434,'sherb.kontr.09/16','09/16',1,27,250.00,219,4,37,1,'2016-10-05','2016-09-30',1,250.00,0,'0000-00-00','2017-04-12 11:11:00','2017-04-12 11:11:00',2),(1435,'sherb.kontr.09/16','09/16',1,27,250.00,205,4,37,1,'2016-10-05','2016-09-30',1,250.00,0,'0000-00-00','2017-04-12 11:12:36','2017-04-12 11:12:36',2),(1436,'sherb.kontr.09/16','09/16',1,27,250.00,215,4,37,1,'2016-10-05','2016-09-30',1,250.00,0,'0000-00-00','2017-04-12 11:14:32','2017-04-12 11:14:32',2),(1437,'sherb.kontr.09/16','09/16',1,27,250.00,211,4,37,1,'2016-10-05','2016-09-30',1,250.00,0,'0000-00-00','2017-04-12 11:15:52','2017-04-12 11:15:52',2),(1438,'sherb.kontr.09/16','09/16',1,27,250.00,220,4,37,1,'2016-10-05','2016-09-30',1,250.00,0,'0000-00-00','2017-04-12 11:16:30','2017-04-12 11:17:42',2),(1439,'sig.fiz.obj.09/16','09/16',1,27,300.96,41,4,37,2,'2006-10-16','2030-09-16',1,300.96,0,'0000-00-00','2017-04-12 11:20:56','2017-04-12 11:20:56',2),(1440,'sig.fiz.obj.09/16','09/16',1,27,1231.20,41,4,37,1,'2006-10-16','2030-09-16',1,1231.20,0,'0000-00-00','2017-04-12 11:22:31','2017-04-12 11:22:31',2),(1441,'mat.zyrtare','337205',1,43,94.50,1,4,37,1,'2006-10-16','0000-00-00',1,94.50,0,'0000-00-00','2017-04-12 11:24:24','2017-04-12 11:24:24',2),(1442,'materjal zyrtare','337271',1,43,88.00,1,4,37,1,'2006-10-16','0000-00-00',1,88.00,0,'0000-00-00','2017-04-12 11:25:55','2017-04-12 11:25:55',2),(1443,'miremb.automj.,','340456',1,25,745.00,35,4,37,2,'2010-10-16','2016-01-15',1,745.00,0,'0000-00-00','2017-04-12 11:27:48','2017-04-12 11:27:48',2),(1444,'deriv.per automj.','341107',1,4,758.76,3,4,37,1,'0000-00-00','0000-00-00',1,758.76,0,'0000-00-00','2017-04-12 11:29:49','2017-04-12 11:29:49',2),(1445,'deriv.per automj/.','347525',1,4,119.95,3,4,37,1,'2017-10-16','2016-04-27',1,119.95,0,'0000-00-00','2017-04-12 11:31:06','2017-04-12 11:31:06',2),(1446,'publikim','349697',1,89,60.00,64,4,37,1,'2019-10-16','0000-00-00',1,60.00,0,'0000-00-00','2017-04-12 11:32:26','2017-04-12 11:32:26',2),(1447,'mat.zyrtare','349710',1,43,99.00,1,4,37,1,'2019-10-16','0000-00-00',1,99.00,0,'0000-00-00','2017-04-12 11:35:14','2017-04-12 11:35:14',1),(1448,'MIREMB.PAIS,','350494',1,21,50.00,223,4,37,1,'2019-10-16','0000-00-00',1,50.00,0,'0000-00-00','2017-04-12 11:37:05','2017-04-12 11:37:05',1),(1449,'DREKA ZYRTARE','357451',1,9,10.60,63,4,37,4,'2024-10-16','2016-04-27',1,10.60,0,'0000-00-00','2017-04-12 11:38:42','2017-04-12 11:39:39',2),(1450,'MIREMB.MAQ.DENTARE','367451',1,21,2615.89,222,4,37,1,'2007-11-16','0000-00-00',1,2615.89,0,'0000-00-00','2017-04-12 11:41:25','2017-04-12 11:41:25',2),(1451,'SIG.FIZ.OBJ.10/16','368174',1,27,1272.24,41,4,37,1,'2007-11-16','0000-00-00',1,1272.24,0,'0000-00-00','2017-04-12 11:43:40','2017-04-12 11:43:40',2),(1452,'MAT.STOM.','174649',1,60,3439.00,222,4,37,4,'2020-04-16','0000-00-00',1,3439.00,0,'0000-00-00','2017-04-12 11:48:33','2017-04-12 11:49:38',2),(1453,'MIREMB.PAISJEVE ST.','175112',1,40,1210.40,222,4,37,4,'2021-04-16','0000-00-00',1,1210.40,0,'0000-00-00','2017-04-12 11:51:40','2017-05-05 10:25:04',2),(1454,'SHERB.KONTR.10/16','371623',1,27,250.00,208,4,37,1,'0000-00-00','2016-10-30',1,250.00,0,'0000-00-00','2017-04-13 05:56:22','2017-04-13 05:56:22',2),(1455,'SHERB.KONTR.10/16','10/16',1,27,250.00,214,4,37,1,'0000-00-00','0000-00-00',1,250.00,0,'0000-00-00','2017-04-13 06:06:03','2017-04-13 06:06:03',2),(1456,'SHERB.KONTR.10/16','10/16',1,27,250.00,218,4,37,1,'0000-00-00','2016-10-30',1,250.00,0,'0000-00-00','2017-04-13 06:08:00','2017-04-13 06:10:31',1),(1457,'SHERB.KONTR.10/16','10/16',1,27,250.00,206,4,37,1,'2009-11-16','2016-10-30',1,250.00,0,'0000-00-00','2017-04-13 06:12:14','2017-04-13 06:12:14',2),(1458,'SHERB.KONTR.10/16','10/16',1,27,250.00,202,4,37,1,'0000-00-00','2016-10-30',1,250.00,0,'0000-00-00','2017-04-13 06:13:28','2017-04-13 06:13:28',2),(1459,'SHERB.KONTR.10/16','10/16',1,27,250.00,201,4,37,1,'2009-11-16','2016-10-30',1,250.00,0,'0000-00-00','2017-04-13 09:12:21','2017-04-13 09:12:21',2),(1460,'SHERB.KONTR.10/16','10/16',1,27,250.00,207,4,37,1,'0000-00-00','2016-10-30',1,250.00,0,'0000-00-00','2017-04-13 09:24:30','2017-04-13 09:24:30',2),(1461,'SHERB.KONTR.10/16','10/16',1,27,250.00,200,4,37,1,'2009-11-16','2016-10-30',1,250.00,0,'0000-00-00','2017-04-13 09:26:32','2017-04-13 09:26:32',2),(1462,'SHERB.KONTR.10/16','10/16',1,27,250.00,220,4,37,1,'2009-11-16','2016-10-30',1,250.00,0,'0000-00-00','2017-04-13 09:28:19','2017-04-13 09:28:19',2),(1463,'SHERB.KONTR.10/16','10/16',1,27,250.00,211,4,37,1,'2009-11-16','2016-10-30',1,250.00,0,'0000-00-00','2017-04-13 09:30:46','2017-04-13 09:30:46',2),(1464,'SHERB.KONTR.10/16','10/16',1,27,250.00,215,4,37,1,'2009-11-16','2016-10-30',1,250.00,0,'0000-00-00','2017-04-13 09:32:26','2017-04-13 09:32:26',2),(1465,'SHERB.KONTR.10/16','10/16',1,27,250.00,205,4,37,1,'0000-00-00','2016-10-30',1,250.00,0,'0000-00-00','2017-04-13 09:38:56','2017-04-13 09:38:56',2),(1466,'SHERB.KONTR.10/16','10/16',1,27,250.00,219,4,37,1,'2009-11-16','2016-10-30',1,250.00,0,'0000-00-00','2017-04-13 09:40:00','2017-04-13 09:40:00',2),(1467,'SHERB.KONTR.10/16','10/16',1,27,250.00,203,4,37,1,'2009-11-16','2016-10-30',1,250.00,0,'0000-00-00','2017-04-13 09:41:06','2017-04-13 09:41:06',2),(1468,'SHERB.KONTR.10/16','10/16',1,27,250.00,204,4,37,1,'2009-11-16','2016-10-30',1,250.00,0,'0000-00-00','2017-04-13 09:42:30','2017-04-13 09:42:30',2),(1469,'SHERB.KONTR.10/16','10/16',1,27,250.00,216,4,37,1,'0000-00-00','2016-10-30',1,250.00,0,'0000-00-00','2017-04-13 09:43:54','2017-04-13 09:43:54',2),(1470,'SHERB.KONTR.10/16','10/16',1,27,250.00,209,4,37,1,'2009-11-16','2016-10-30',1,250.00,0,'0000-00-00','2017-04-13 09:46:17','2017-04-13 09:46:17',2),(1471,'SHERB.KONTR.10/16','10/16',1,27,250.00,212,4,37,1,'2009-11-16','2016-10-30',1,250.00,0,'0000-00-00','2017-04-13 09:47:45','2017-04-13 09:47:45',2),(1472,'SHERB.KONTR.10/16','10/16',1,27,250.00,213,4,37,1,'2009-11-16','2016-10-30',1,250.00,0,'0000-00-00','2017-04-13 09:48:55','2017-04-13 09:48:55',2),(1473,'SHERB.KONTR.10/16','10/16',1,27,250.00,199,4,37,1,'2009-11-16','2016-10-30',1,250.00,0,'0000-00-00','2017-04-13 09:50:26','2017-04-13 09:50:26',2),(1474,'SHERB.KONTR.10/16','10/16',1,27,250.00,210,4,37,1,'2009-11-16','2016-10-30',1,250.00,0,'0000-00-00','2017-04-13 09:53:55','2017-04-13 09:53:55',2),(1475,'MAT.ZYRTARE','374694',1,43,3870.00,4,4,37,1,'2009-11-16','2016-01-15',1,3870.00,0,'0000-00-00','2017-04-13 09:56:17','2017-04-13 09:56:17',2),(1476,'deriv.per automj.04,05/16','374960',1,4,1603.28,3,4,37,1,'0000-00-00','0000-00-00',1,1603.28,0,'0000-00-00','2017-04-20 11:17:03','2017-04-20 11:17:03',2),(1477,'barna emergjente','379273',1,60,190.00,96,4,37,1,'0000-00-00','2030-06-16',1,190.00,0,'0000-00-00','2017-04-20 11:20:29','2017-04-20 11:20:29',2),(1478,'barna emergjente','379273',1,60,244.90,96,4,37,1,'0000-00-00','2011-05-16',1,244.90,0,'0000-00-00','2017-04-20 11:27:08','2017-04-20 11:27:08',2),(1479,'mat.zyrtare','391628',1,43,106.78,16,4,37,1,'2018-11-16','2012-07-16',1,106.78,0,'0000-00-00','2017-04-20 11:29:22','2017-04-20 11:29:22',1),(1480,'sherb.fotokopjes','394627',1,27,58.55,165,4,37,1,'2021-11-16','2030-09-16',1,58.55,0,'0000-00-00','2017-04-20 11:30:59','2017-04-20 11:30:59',1),(1481,'publikim','397148',1,22,77.00,64,4,37,1,'2023-11-16','2030-09-16',1,77.00,0,'0000-00-00','2017-04-20 11:32:18','2017-04-20 11:32:18',1),(1482,'sig.fiz.obj.11/16','408278',1,27,1231.20,41,4,37,1,'2005-12-16','2030-10-16',1,1231.20,0,'0000-00-00','2017-04-20 11:36:08','2017-04-20 11:36:08',2),(1483,'miremb.obj./pastrimi 12/16','846227',1,20,6088.58,18,4,37,1,'2006-12-16','0000-00-00',1,6088.58,0,'0000-00-00','2017-04-20 11:38:03','2017-04-20 11:38:03',2),(1484,'pije dhe kafe','411163',1,9,11.40,63,4,37,1,'2006-12-16','2030-11-16',1,11.40,0,'0000-00-00','2017-04-20 11:40:34','2017-04-20 11:40:34',1),(1485,'mat.zyrtare','412386',1,43,60.00,4,4,37,1,'2006-12-16','2030-09-16',1,60.00,0,'0000-00-00','2017-04-20 11:42:30','2017-04-20 11:42:30',1),(1486,'dreka zyrtare','412420',1,9,42.50,107,4,37,1,'2006-12-16','2030-12-16',1,42.50,0,'0000-00-00','2017-04-20 11:44:47','2017-04-20 11:44:47',1),(1487,'MIREMB.OBJ.','418870',1,20,1000.00,224,4,37,3,'2009-12-16','2030-09-16',1,1000.00,0,'0000-00-00','2017-04-20 11:46:49','2017-04-20 11:46:49',1),(1488,'REAGENSA','440655',1,60,3094.63,59,4,37,1,'2016-12-16','2025-09-16',1,3094.63,0,'0000-00-00','2017-04-20 11:48:09','2017-04-20 11:48:09',2),(1489,'REAGENSA','440671',1,60,3577.70,59,4,37,1,'0000-00-00','2023-09-16',1,3577.70,0,'0000-00-00','2017-04-20 11:49:45','2017-04-20 11:49:45',2),(1490,'MIREMB.NDERTESERS','59/16',1,20,235.00,225,4,37,1,'2021-12-16','2005-09-16',1,235.00,0,'0000-00-00','2017-05-05 11:04:32','2017-05-05 11:04:32',1),(1491,'MIEMB.OBJ.','123/16',1,20,3760.00,18,4,37,1,'2022-12-16','2031-09-16',1,3760.00,0,'0000-00-00','2017-05-05 11:06:31','2017-05-05 11:06:31',2),(1492,'PASTRIMI 11/16','112/16',1,20,2328.98,18,4,37,1,'2022-12-16','2030-10-16',1,2328.98,0,'0000-00-00','2017-05-05 11:10:09','2017-05-05 11:10:09',2),(1493,'SIG.FIZ.OBJ.12/16','59/16',1,27,1272.24,41,4,37,1,'2022-12-16','2030-11-16',1,1272.24,0,'0000-00-00','2017-05-05 11:12:50','2017-05-05 11:12:50',2),(1494,'PIJE E KAFE','00299/16',1,9,23.60,63,4,37,1,'2022-12-16','2031-11-16',1,23.60,0,'0000-00-00','2017-05-05 11:14:43','2017-05-05 11:14:43',2),(1495,'NAFTE PER NGROHJE','654/16',1,4,555.00,3,4,37,1,'2022-12-17','2023-09-16',1,555.00,0,'0000-00-00','2017-05-05 11:16:53','2017-05-05 11:16:53',2),(1496,'SIG.FIZ.OBJ.06/16','232/16',1,27,1641.60,41,4,37,2,'2007-07-16','2030-05-16',1,1641.60,0,'0000-00-00','2017-05-05 11:24:45','2017-05-05 11:24:45',2),(1497,'shp.rrymes 11/16','grup.fat.',3,5,3816.25,5,4,37,1,'2007-12-16','2030-11-16',1,3816.25,0,'0000-00-00','2017-06-06 10:07:32','2017-06-06 10:07:32',2),(1498,'shp.rrymes 11/16','GRUP FATURASH',3,5,579.20,5,4,37,1,'2007-12-16','2030-11-16',1,579.20,0,'0000-00-00','2017-06-06 10:09:37','2017-06-06 10:09:37',3),(1499,'shp.ujit 11/16','GRUP FATURASH',3,7,606.22,44,4,37,1,'2014-12-16','2030-11-16',1,606.22,0,'0000-00-00','2017-06-06 10:11:24','2017-06-06 10:11:24',2),(1500,'shp.telef.11/16','GRUP FATURASH',3,6,810.91,6,4,37,1,'2014-12-16','2030-11-16',1,810.91,0,'0000-00-00','2017-06-06 10:14:47','2017-06-06 10:14:47',2),(1501,'shp.mbet.11/16','GRUP FATURASH',3,13,587.57,12,4,37,1,'2014-12-16','2030-11-16',1,587.57,0,'0000-00-00','2017-06-06 10:17:07','2017-06-06 10:17:07',2),(1502,'shp.rrymes 12/16','GRUP FATURASH',3,5,1170.31,5,4,37,1,'2014-12-16','2020-12-16',1,1170.31,0,'0000-00-00','2017-06-06 10:20:32','2017-06-06 10:20:32',2),(1503,'pastrimi 12/16','12/16',1,20,6088.58,18,4,37,1,'2006-12-16','2020-12-16',1,6088.58,0,'0000-00-00','2017-06-06 10:23:42','2017-06-06 10:23:42',2),(1504,'reagensa','122/16',1,60,3577.70,59,4,37,1,'0000-00-00','2027-11-16',1,3577.70,0,'0000-00-00','2017-06-06 10:26:41','2017-06-06 10:26:41',2),(1505,'pastrimi 11/16','110/16',1,20,7295.04,18,4,37,1,'2022-12-16','2030-11-16',1,7295.04,0,'0000-00-00','2017-06-06 10:29:43','2017-06-06 10:29:43',2),(1506,'sig.fiz.obj.12/16','111/16',1,27,1272.24,41,4,37,2,'2024-12-16','2031-12-16',1,1272.24,0,'0000-00-00','2017-06-06 11:33:03','2017-06-06 11:33:54',2),(1507,'PAISJE MJEKSORE','MARREV.BASHKEP.',2,32,1000.00,226,2,39,2,'2016-04-08','2015-12-02',1,1000.00,0,'0000-00-00','2017-06-13 05:38:36','2017-06-13 05:38:36',0),(1508,'NDERT.ANEKIT SHK.F. MUSTAFA BAKIJA','28/2016',2,115,8670.60,227,2,39,2,'0000-00-00','2016-04-20',1,8670.60,0,'0000-00-00','2017-06-13 05:47:47','2017-06-13 05:47:47',0),(1509,'ASFALTIMI I RRUGES DOL- KUSAR - KODEN ','03/2016',2,119,25000.00,228,2,39,2,'0000-00-00','2016-01-28',1,25000.00,0,'0000-00-00','2017-06-13 05:52:20','2017-06-13 05:52:20',0),(1510,'UPS PER MAMOGRAF','394/16',2,133,3000.00,226,2,39,2,'0000-00-00','0000-00-00',1,3000.00,0,'0000-00-00','2017-06-13 05:55:02','2017-06-13 05:55:02',0),(1511,'NDET. SHTEGUT PER KEMBESOR','11/2016',2,121,3671.52,229,2,39,2,'0000-00-00','0000-00-00',1,3671.52,0,'0000-00-00','2017-06-13 05:57:54','2017-06-13 05:57:54',0),(1512,'SHT.RRUG. IBRAHIM FEHMIU','49/2016',2,121,4000.00,227,2,39,3,'0000-00-00','0000-00-00',1,4000.00,0,'0000-00-00','2017-06-13 06:01:52','2017-06-13 06:01:52',0),(1513,'ASFALIMI I RRUGES FSH. OSEK PASHE','06/16',2,119,2837.00,83,2,39,3,'0000-00-00','0000-00-00',1,2837.00,0,'0000-00-00','2017-06-13 06:04:33','2017-06-13 06:04:33',0),(1514,'SHT.RRUG. YJET E ERENIKUT','48/2016',2,121,1100.00,227,2,39,3,'0000-00-00','0000-00-00',1,1100.00,0,'0000-00-00','2017-06-13 06:06:17','2017-06-13 06:06:17',0),(1515,'NDERTI.RRUG. BEQIR KASTRATI','28/2016',2,119,23381.49,230,2,39,2,'0000-00-00','0000-00-00',1,23381.49,0,'0000-00-00','2017-06-13 06:18:17','2017-06-13 06:18:17',0),(1516,'RREGULLIMI I TERENIT SHK \"E.GJONI\"','05/2016',2,115,4500.00,231,2,39,2,'0000-00-00','0000-00-00',1,4500.00,0,'0000-00-00','2017-06-13 06:25:48','2017-06-13 06:25:48',0),(1517,'SHENJEZIMI, VENDOSJA E TABL.QYTET GJAKOVES ','29/2016',2,125,8332.80,232,2,39,2,'0000-00-00','0000-00-00',1,8332.80,0,'0000-00-00','2017-06-13 06:35:47','2017-06-13 06:41:49',0),(1518,'KANALIZIMI UJRAVE TE ZEZA','24/14',2,123,29711.13,81,2,39,2,'0000-00-00','0000-00-00',1,29711.13,0,'0000-00-00','2017-06-13 06:41:33','2017-06-13 06:41:33',0),(1519,'NDERT.FONTANESS NE PARKUN E QYTETIT ','27/2016',2,125,6146.46,233,2,39,2,'0000-00-00','0000-00-00',1,6146.46,0,'0000-00-00','2017-06-13 06:46:05','2017-06-13 06:46:05',0),(1520,'ASF.E RRUG. LUGU VADES- DOL ','171/2016',2,119,4017.70,80,2,39,3,'0000-00-00','0000-00-00',1,4017.70,0,'0000-00-00','2017-06-13 06:48:56','2017-06-13 06:48:56',0),(1521,'RIPARIM DHE MIREMB.OBJEKTIT SHENDETSOR ','06/12/2016',2,125,7822.50,234,2,39,2,'0000-00-00','0000-00-00',1,7822.50,0,'0000-00-00','2017-06-13 06:53:05','2017-06-13 06:53:05',0),(1522,'FURNIZIM ME UJE TE PIJES ','9903102016-3',2,124,49620.35,236,2,39,2,'0000-00-00','0000-00-00',1,49620.35,0,'0000-00-00','2017-06-13 07:08:14','2017-06-13 07:08:14',0),(1523,'Hapja e Petty Cash-it ','',1,40,300.00,239,2,39,1,'0000-00-00','0000-00-00',1,300.00,0,'0000-00-00','2017-06-16 04:59:11','2017-06-16 04:59:11',0),(1524,'Shpenzimet e udhetimit zyrtar ','34',1,46,13.60,239,2,39,1,'0000-00-00','0000-00-00',1,13.60,0,'0000-00-00','2017-06-16 05:03:49','2017-06-16 05:03:49',0),(1525,'Shpenzime te telefonis mobile ','41492544',1,8,78.00,239,2,39,1,'0000-00-00','0000-00-00',1,78.00,0,'0000-00-00','2017-06-16 05:06:28','2017-06-16 05:06:28',0),(1526,'Pajisje tjera ','00527',1,23,45.00,239,2,39,1,'0000-00-00','0000-00-00',1,45.00,0,'0000-00-00','2017-06-16 05:10:13','2017-06-16 05:10:13',0),(1527,'Furnizim i zyres','00618',1,43,54.15,239,2,39,1,'0000-00-00','0000-00-00',1,54.15,0,'0000-00-00','2017-06-16 05:13:42','2017-06-16 05:13:42',0),(1528,'Reprezentacion','003296',1,9,91.25,239,2,39,1,'0000-00-00','0000-00-00',1,91.25,0,'0000-00-00','2017-06-16 05:16:23','2017-06-16 05:16:23',0),(1529,'Mirembajtje automjeteve','2',1,25,2.00,239,2,39,1,'0000-00-00','0000-00-00',1,2.00,0,'0000-00-00','2017-06-16 05:18:12','2017-06-16 05:18:12',0),(1530,'Mirembajtje e pajisjes','00541',1,21,16.00,239,2,39,1,'0000-00-00','0000-00-00',1,16.00,1,'0000-00-00','2017-06-16 05:19:58','2017-06-16 05:19:58',0),(1531,'publikim -shpallje te konkursit','1419',1,29,552.00,21,1,2,1,'2018-03-16','2017-12-11',1,552.00,0,'0000-00-00','2018-03-16 09:42:18','2018-03-16 09:42:18',0),(1532,'Mareveshje per sherbime te veqanta','112/13-703',1,27,275.40,240,1,2,1,'2018-01-26','2018-01-17',1,275.40,0,'0000-00-00','2018-03-16 11:39:50','2018-03-16 11:39:50',0),(1533,'Material te shtypur','16/2018',1,43,50.00,4,1,2,1,'2018-01-29','2018-01-17',1,50.00,0,'0000-00-00','2018-03-16 12:16:19','2018-03-16 12:16:19',0),(1534,'Material i shtypur','04/2018',1,43,580.00,4,1,2,1,'2018-01-29','2018-01-04',1,580.00,0,'0000-00-00','2018-03-16 12:18:44','2018-03-16 12:18:44',0),(1535,'Material i shtypur','385/2017',1,43,635.00,4,1,2,1,'2018-01-29','2017-12-16',1,635.00,0,'0000-00-00','2018-03-16 12:27:05','2018-03-16 12:27:05',0),(1536,'Sherbimet e printimit dhe fotokopjimit per periudhen( Maj-Shtator)2017','SH-1988/2017',1,27,972.78,165,1,2,1,'2018-01-29','2017-10-31',1,972.78,0,'0000-00-00','2018-03-16 12:33:22','2018-03-16 12:33:22',0),(1537,'Marrja me qira e fotokopjeve per periudhen (maj-Shtator)2017','SH-1989/2017',1,27,3689.00,165,1,2,1,'2018-01-29','2017-10-31',1,3689.00,0,'0000-00-00','2018-03-16 12:35:50','2018-03-16 12:35:50',0),(1538,'Pagat e sigurimit fizik per muajin 12/2017','585/2017',1,27,9861.17,241,1,2,1,'2018-01-29','2018-01-03',1,9861.17,0,'0000-00-00','2018-03-16 12:41:36','2018-03-16 12:41:36',0),(1539,'Material zyrtar','0638/2017',1,43,311.85,11,1,2,1,'2018-01-29','2017-12-15',1,311.85,0,'0000-00-00','2018-03-16 12:44:33','2018-03-16 12:44:33',0),(1540,'pagat neto 01/18','muaji 01/18',5,32,2359.94,14,4,37,1,'1901-01-31','1901-01-31',1,2359.94,0,'0000-00-00','2018-03-19 13:19:01','2018-03-20 11:42:16',1),(1541,'kontributi pensional','01/18',5,35,131.96,14,4,37,1,'2018-01-31','1901-01-31',1,131.96,0,'0000-00-00','2018-03-19 13:21:22','2018-03-19 13:31:07',1),(1542,'kontributi pensional','01/18',5,35,131.96,14,4,37,1,'2018-01-31','1901-01-31',1,131.96,0,'0000-00-00','2018-03-19 13:21:22','2018-03-20 11:39:42',1),(1545,'tatimi ne paga','01/18',5,44,142.28,14,4,37,1,'1901-01-31','2018-01-31',1,142.28,0,'0000-00-00','2018-03-19 13:25:24','2018-03-19 13:30:30',1),(1546,'sindikata','01/2018',5,33,4.87,14,4,37,1,'2018-01-31','2018-01-31',1,4.87,0,'0000-00-00','2018-03-19 13:37:10','2018-03-19 13:37:10',1),(1547,'pagat 02/18','02/18',5,32,2655.11,14,4,37,1,'2018-02-28','2018-02-28',1,2655.11,0,'0000-00-00','2018-03-20 12:28:11','2018-03-20 12:28:11',1),(1548,'kontr.punet.02/18','02/18',5,35,149.22,14,4,37,1,'2018-02-28','2018-02-28',1,149.22,0,'0000-00-00','2018-03-20 12:29:49','2018-03-20 12:29:49',1),(1549,'kontr.punedhensit 02/18','02/18',5,34,149.22,14,4,37,1,'2018-02-28','2018-02-28',1,149.22,0,'0000-00-00','2018-03-20 12:31:20','2018-03-20 12:36:39',1),(1550,'tatimi i tap.02/18','02/18',5,44,175.07,14,4,37,1,'2018-02-28','2018-02-28',1,175.07,0,'0000-00-00','2018-03-20 12:33:39','2018-03-20 12:33:39',1),(1551,'sindikata 02/18','02/18',5,33,4.87,14,4,37,1,'2018-02-28','2018-02-28',1,4.87,0,'0000-00-00','2018-03-20 12:35:45','2018-03-20 12:35:45',1),(1552,'paga neto 01/18','01/18',5,32,173877.03,14,4,37,1,'2018-01-31','2018-01-31',1,173877.03,0,'0000-00-00','2018-03-20 12:39:06','2018-03-20 12:39:06',2),(1553,'kontr.punet.01/18','01/18',5,35,9838.82,14,4,37,1,'2018-01-31','2018-01-31',1,9838.82,0,'0000-00-00','2018-03-20 12:42:45','2018-03-20 12:42:45',2),(1554,'kontr.punedh.01/18','01/18',5,34,9838.82,14,4,37,1,'2018-01-31','2018-01-31',1,9838.82,0,'0000-00-00','2018-03-20 12:44:29','2018-03-20 12:44:29',2),(1555,'tatimi ne paga 01/18','01/18',5,32,11062.27,14,4,37,1,'2018-01-31','2018-01-31',1,11062.27,0,'0000-00-00','2018-03-20 12:48:54','2018-03-21 08:34:13',2),(1556,'sindikata 01/18','01/18',5,33,1589.86,14,4,37,1,'2018-01-31','2018-01-31',1,1589.86,0,'0000-00-00','2018-03-20 12:50:31','2018-03-20 12:50:31',2),(1557,'OIK - 01/18','01/18',5,36,407.70,14,4,37,1,'2018-01-31','2018-01-31',1,407.70,0,'0000-00-00','2018-03-20 12:57:45','2018-03-20 12:57:45',2),(1558,'PAGA NETO 02/18','02/18',5,32,183713.72,14,4,37,1,'2018-02-28','2018-02-28',1,183713.72,0,'0000-00-00','2018-03-20 12:59:30','2018-03-20 12:59:30',2),(1559,'KONTR.PUNET.02/18','02/18',5,35,10420.38,14,4,37,1,'2018-02-28','2018-02-28',1,10420.38,0,'0000-00-00','2018-03-20 13:02:10','2018-03-20 13:02:10',2),(1560,'KONTR.PUNET.02/18','02/18',5,35,10420.38,14,4,37,1,'2018-02-28','2018-02-28',1,10420.38,0,'0000-00-00','2018-03-20 13:03:49','2018-03-20 13:03:49',2),(1561,'TATIMI NE PAGA 02/18','02/18',5,44,12198.36,14,4,37,1,'2018-02-28','2018-02-28',1,12198.36,0,'0000-00-00','2018-03-20 13:06:24','2018-03-20 13:06:24',2),(1562,'SINDIKATA 02/18','02/18',5,33,1661.98,14,4,37,1,'2018-02-28','2018-02-28',1,1661.98,0,'0000-00-00','2018-03-20 13:07:43','2018-03-20 13:07:43',2),(1563,'OIK-02/18','02/18',5,36,412.30,242,4,37,1,'2018-02-28','2018-02-28',1,412.30,0,'0000-00-00','2018-03-20 13:28:19','2018-03-20 13:28:19',2),(1564,'pagat neto 01/18','01/18',5,32,6996.05,14,4,37,1,'2018-01-31','2018-01-31',1,6996.05,0,'0000-00-00','2018-03-22 08:03:52','2018-03-22 08:03:52',3),(1565,'kontr.punedh.01/18','01/18',5,35,388.44,14,4,37,1,'1901-01-31','2018-01-31',1,388.44,0,'0000-00-00','2018-03-22 08:04:59','2018-03-22 08:32:33',3),(1566,'kontr.punedh.01/18','01/18',5,34,388.44,14,4,37,1,'2018-01-31','2018-01-31',1,388.44,0,'0000-00-00','2018-03-22 08:14:39','2018-03-22 08:33:04',3),(1567,'tatimi ne paga 01/18','01/18',5,44,372.92,14,4,37,1,'2018-01-31','2018-01-31',1,372.92,0,'0000-00-00','2018-03-22 08:16:58','2018-03-22 08:34:54',3),(1568,'pagat neto 02/18','02/18',5,32,6686.93,14,4,37,1,'2018-02-28','2018-02-28',1,6686.93,0,'0000-00-00','2018-03-22 08:27:46','2018-03-22 08:35:55',3),(1569,'kontr.punet.02/18','02/18',5,35,371.51,14,4,37,1,'2018-02-28','2018-02-27',1,371.51,0,'0000-00-00','2018-03-22 08:37:44','2018-03-22 08:37:44',3),(1570,'kontr.pens.02/18','02/18',5,34,371.51,14,4,37,1,'2018-02-28','2018-02-27',1,371.51,0,'0000-00-00','2018-03-22 08:40:46','2018-03-22 08:40:46',3),(1575,'sindikatai ne paga 01/18','02/18',5,33,11.09,14,4,37,1,'2018-02-28','2018-02-28',1,11.09,0,'0000-00-00','2018-03-22 09:08:05','2018-03-22 09:10:30',3),(1577,'sindikata 01/18','01/18',5,33,11.09,14,4,37,1,'2018-01-31','2018-01-31',1,11.09,0,'0000-00-00','2018-03-22 09:09:35','2018-03-22 09:09:35',3),(1580,'tatimi nepaga 02/18','02/18',5,44,360.39,14,4,37,1,'2018-02-28','2018-02-28',1,360.39,0,'0000-00-00','2018-03-22 09:18:41','2018-03-22 09:18:41',3),(1585,'DERIVATE  PER AUTOMJETE 12/17','69  0001',1,4,63.28,243,4,37,1,'2018-02-08','2017-12-31',1,63.28,0,'0000-00-00','2018-03-22 09:50:55','2018-03-22 09:50:55',1),(1586,'MATERJAL ZYRTARE','42/2018',1,43,175.00,4,4,37,1,'2018-02-16','2018-02-05',1,175.00,0,'0000-00-00','2018-03-22 09:52:58','2018-03-22 09:52:58',1),(1587,'MATERJAL ZYRTARE','01042',1,43,63.00,1,4,37,1,'2018-02-21','2018-02-01',1,63.00,0,'0000-00-00','2018-03-22 09:58:22','2018-03-22 09:58:22',1),(1588,'DREKA ZYRTARE','2048497',1,9,73.00,244,4,37,1,'2018-02-27','2018-02-21',1,73.00,0,'0000-00-00','2018-03-22 11:15:55','2018-03-22 11:15:55',1),(1589,'MATERJAL ZYRTARE','0074/2018',1,43,115.50,11,4,37,1,'2018-03-07','2018-02-21',1,115.50,0,'0000-00-00','2018-03-22 11:18:12','2018-03-22 11:18:12',1),(1590,'DERIV.PER AUTOMJ.01/18','31/18',1,4,120.15,243,4,37,1,'2018-03-08','2018-01-31',1,120.15,0,'0000-00-00','2018-03-22 11:20:46','2018-03-22 11:20:46',1),(1591,'DREKA ZYRTARE 01,02/18','47566',1,9,94.20,63,4,37,1,'2018-03-15','2018-02-24',1,94.20,0,'0000-00-00','2018-03-22 11:24:31','2018-03-22 11:24:31',1),(1592,'DERIV.PER AUTOMJ.02/18','108/18',1,4,71.29,243,4,37,1,'2018-03-19','2018-02-28',1,71.29,0,'0000-00-00','2018-03-22 11:46:55','2018-03-22 11:46:55',1),(1593,'NAFTE PER NGROHJE QKMF','44/17',1,3,7227.20,243,4,37,1,'2018-02-05','2017-12-09',1,7227.20,0,'0000-00-00','2018-03-22 12:02:53','2018-03-22 12:02:53',2),(1594,'NAFTE PER NGROHJE/QABRAT,DARDANI,ROGOVE,','grup.fat.',1,3,6507.48,243,4,37,1,'2018-02-08','2018-02-13',1,6507.48,1,'0000-00-00','2018-03-22 13:36:05','2018-03-22 13:36:05',2),(1595,'NAFTE PER NGROHJE/QABRAT,DARDANI,ROGOVE,','grup.fat.',1,3,6507.48,243,4,37,1,'2018-02-08','2018-02-13',1,6507.48,0,'0000-00-00','2018-03-22 13:36:05','2018-03-22 13:36:05',2),(1596,'NAFTE PER NGROHJE/QKMF','58 0001',1,3,2719.20,243,4,37,1,'2018-02-08','2017-12-31',1,2719.20,0,'0000-00-00','2018-03-23 07:18:16','2018-03-23 12:13:13',2),(1597,'DERIVATE PER AUTOMJETE 05/17','1632/17',1,4,837.44,243,4,37,1,'2018-02-05','2017-05-31',1,837.44,0,'0000-00-00','2018-03-23 07:29:56','2018-03-23 07:29:56',2),(1598,'MIREMB.OBJ.01/18','12/18',1,20,5925.88,245,4,37,1,'2018-02-05','2018-01-25',1,5925.88,0,'0000-00-00','2018-03-23 11:30:32','2018-03-23 11:30:32',2),(1599,'SHP.INTERNETIT 01-12/17','5500307046',1,30,267.72,6,4,37,1,'1901-02-05','2017-12-31',1,267.72,0,'0000-00-00','2018-03-23 11:34:17','2018-03-23 11:38:38',2),(1601,'SIG.FIZ.OBJ,01/18','19A/2018',1,27,1408.79,246,4,37,1,'2018-02-07','2018-02-01',1,1408.79,0,'0000-00-00','2018-03-23 11:43:30','2018-03-23 11:43:30',2),(1606,'SHP.UJIT','GR.FAT.',1,97,7305.99,44,4,37,1,'2018-02-05','2017-12-31',1,7305.99,0,'0000-00-00','2018-03-23 12:01:28','2018-03-23 12:01:28',2),(1607,'DERIV.PER AUTOMJ.11,12/17','32/17 E 710001',1,4,987.23,243,4,37,1,'2018-02-08','2017-12-31',1,987.23,0,'0000-00-00','2018-03-23 12:10:51','2018-03-23 12:10:51',2),(1608,'Derivate per automjete -dhjetor 2017','64 0001',1,4,261.77,243,1,2,1,'2018-01-29','2017-12-31',1,261.77,0,'0000-00-00','2018-03-23 12:43:34','2018-03-23 12:43:34',0),(1609,'Material zyrtar','00630',1,43,70.00,38,1,2,1,'2018-01-29','2018-01-10',1,70.00,0,'0000-00-00','2018-03-23 12:48:24','2018-03-23 12:48:24',0),(1610,'Shpenzime postare-12/2017','12/2017',1,10,330.00,6,1,2,1,'2018-01-29','2017-12-31',1,330.00,0,'0000-00-00','2018-03-23 12:52:07','2018-03-23 12:52:07',0),(1611,'Material zyrtar','00727',1,43,99.50,38,1,2,1,'2018-01-29','2018-01-10',1,99.50,0,'0000-00-00','2018-03-23 12:55:32','2018-03-23 12:55:32',0),(1613,'Sherbime teknike-shpallje','1419',1,29,30.00,21,1,2,1,'2018-01-29','2017-12-26',1,30.00,0,'0000-00-00','2018-03-23 12:59:00','2018-03-23 12:59:00',0),(1615,'Certifikata','04/12-3',1,43,2324.07,10,1,2,1,'2018-01-30','2017-12-04',1,2324.07,0,'0000-00-00','2018-03-23 13:03:10','2018-03-23 13:03:10',0),(1625,'Material zyrtar','SN-09/2018',1,43,99.80,38,1,2,1,'2018-01-31','2018-01-22',1,99.80,0,'0000-00-00','2018-03-23 13:26:53','2018-03-23 13:26:53',0),(1628,'Telefon mobil 12/2017','1204280',1,8,1012.15,66,1,2,1,'2018-01-31','2017-12-31',1,1012.15,0,'0000-00-00','2018-03-23 13:31:33','2018-03-23 13:31:33',0),(1631,'Sherbime kontraktuese-pagat e sigurimit per muajin janar 2018','19/2018',1,27,8452.75,246,1,2,1,'0000-00-00','2018-02-01',1,8452.75,0,'0000-00-00','2018-03-26 07:37:21','2018-03-26 07:37:21',0),(1632,'DERIVATE PER AUTOMJ','17-SHV01-001-1273',1,4,68.99,248,4,37,1,'2018-02-08','2017-11-14',1,68.99,0,'0000-00-00','2018-03-27 05:44:54','2018-03-27 05:44:54',2),(1633,'LEXIMI I DOZIMETRAVE','351/17E',1,27,100.00,249,4,37,1,'2018-02-08','2017-11-30',1,100.00,0,'0000-00-00','2018-03-27 05:48:35','2018-03-27 05:50:33',2),(1634,'MATERJAL ZYRTARE','00567',1,43,99.50,1,4,37,1,'2018-02-08','2017-12-01',1,99.50,0,'0000-00-00','2018-03-27 05:53:06','2018-03-27 05:53:06',2),(1635,'MATERJAL I SHTYPUR','17-210-001-376',1,43,2296.50,250,4,37,1,'2018-02-23','2017-09-14',1,2296.50,0,'0000-00-00','2018-03-27 05:58:38','2018-03-27 05:58:38',2),(1636,'REXH.AUTOMJ.','0005472',1,31,293.09,152,4,37,1,'2018-02-14','2018-02-02',1,293.09,0,'0000-00-00','2018-03-27 06:02:38','2018-03-27 06:02:38',2),(1637,'MATERJAL ZYRTARE','00702',1,43,67.50,1,4,37,1,'2018-02-14','2018-01-03',1,67.50,0,'0000-00-00','2018-03-27 06:04:18','2018-03-27 06:04:18',2),(1638,'shp.internetit 11/17 e 01/18','11/2018 e 342/17',1,30,40.00,221,4,37,1,'2018-02-14','2018-01-01',1,40.00,0,'0000-00-00','2018-03-27 06:15:36','2018-03-27 06:15:36',2),(1639,'miremb.automj.','0486504',1,20,94.00,251,4,37,1,'2018-02-14','2017-10-12',1,94.00,0,'0000-00-00','2018-03-27 06:21:01','2018-03-27 06:21:01',2),(1640,'SHP.TEL.MOBILE','02.07993469.51',1,8,56.00,66,4,37,1,'2018-02-23','2017-12-31',1,56.00,0,'0000-00-00','2018-03-27 07:28:29','2018-03-27 07:28:29',2),(1641,'KONKURSE','1194',1,29,184.00,150,4,37,1,'2018-02-22','2017-10-11',1,184.00,0,'0000-00-00','2018-03-27 07:30:43','2018-03-27 07:30:43',2),(1642,'BARNA EMERGJENTE','FSH 18-1-00001',5,60,98.00,252,4,37,1,'2018-03-22','2018-02-02',1,98.00,0,'0000-00-00','2018-03-27 07:34:28','2018-03-27 07:34:28',2),(1643,'MIREMB.PAISJEVE','18SHV01-001-42',1,21,41.00,222,4,37,1,'2018-02-27','2018-02-02',1,41.00,0,'0000-00-00','2018-03-27 07:41:10','2018-03-27 07:41:10',2),(1644,'MATERJAL ZYRTARE','0059/2018',1,43,173.25,11,4,37,1,'2018-03-07','2018-02-12',1,173.25,0,'0000-00-00','2018-03-27 07:48:23','2018-03-27 07:48:23',2),(1645,'SHP.TEL.MOBILE','0207993469.51',1,8,28.00,66,4,37,1,'2018-03-08','2017-11-30',1,28.00,0,'0000-00-00','2018-03-27 10:02:02','2018-03-27 10:02:02',2),(1646,'MIREMB.OBJ.02/18','33/18',1,20,5660.00,245,4,37,1,'2018-03-02','2018-02-27',1,5660.00,0,'0000-00-00','2018-03-27 10:05:19','2018-03-27 10:05:19',2),(1647,'miremb.e automjetit','109/17',1,25,66.00,35,4,37,1,'2018-03-15','2017-12-18',1,66.00,0,'0000-00-00','2018-03-27 10:42:47','2018-03-27 10:42:47',2),(1648,'LETER EKG','00683',1,43,100.00,1,4,37,1,'2018-03-14','2017-12-28',1,100.00,0,'0000-00-00','2018-03-27 10:46:10','2018-03-28 07:20:45',2),(1649,'LETER EKG','00681',1,43,46.20,1,4,37,1,'2018-03-14','2017-12-27',1,46.20,0,'0000-00-00','2018-03-27 10:48:45','2018-03-27 10:48:45',2),(1650,'DRU PER NGROHJE','08/18',1,68,4920.88,162,4,37,1,'2018-03-20','2018-03-06',1,4920.88,0,'0000-00-00','2018-03-27 10:52:15','2018-03-27 10:52:15',2),(1651,'BARNA EMERGJENTE','FSH18-1-00002',1,60,90.50,252,4,37,1,'2018-03-19','2018-03-06',1,90.50,0,'0000-00-00','2018-03-27 10:56:33','2018-03-27 10:56:33',2),(1652,'LINK.INTERNETIT','202/1747/1895/18',1,30,60.00,221,4,37,1,'2018-03-21','2018-03-01',1,60.00,0,'0000-00-00','2018-03-27 11:04:29','2018-03-27 11:04:29',2),(1653,'Udhetim Zyrtar-Budva Mal te Zi','pa numer',1,28,122.40,253,1,2,1,'2018-02-05','0000-00-00',1,122.40,0,'0000-00-00','2018-03-28 05:46:30','2018-03-28 05:47:29',0),(1654,'Miremb.objektit-Pagat e pastrueseve per muajin janar/2018','01/2018',1,20,5142.42,147,1,2,1,'0000-00-00','2018-01-31',1,5142.42,0,'0000-00-00','2018-03-28 06:01:55','2018-03-28 06:01:55',0),(1655,'Abonim mujor -GPS per maujin shtator/2017','17-7877',1,27,223.84,254,1,2,1,'0000-00-00','0000-00-00',1,223.84,0,'0000-00-00','2018-03-28 06:50:20','2018-03-28 06:50:20',0),(1656,'Abonim mujor -GPS per muajin Tetor /2017','17-8002',1,27,223.84,254,1,2,1,'0000-00-00','0000-00-00',1,223.84,0,'0000-00-00','2018-03-28 06:52:34','2018-03-28 06:52:34',0),(1657,'Abonim mujor -GPS per muajin Nëntor /2017','17-8125',1,27,223.84,254,1,2,1,'0000-00-00','0000-00-00',1,223.84,0,'0000-00-00','2018-03-28 06:58:21','2018-03-28 06:58:21',0),(1658,'Abonim mujor -GPS per muajin Dhjetor /2017','18-8246',1,27,223.84,254,1,2,1,'0000-00-00','0000-00-00',1,223.84,0,'0000-00-00','2018-03-28 07:02:48','2018-03-28 07:02:48',0),(1659,'Publikim -Rishpallje/zyrtar per gjendjen civile','45',1,29,552.00,21,1,2,1,'0000-00-00','0000-00-00',1,552.00,0,'0000-00-00','2018-03-28 07:08:27','2018-03-28 07:08:27',0),(1660,'Material zyrtar','13',1,43,17.00,16,1,2,1,'0000-00-00','0000-00-00',1,17.00,0,'0000-00-00','2018-03-28 07:17:12','2018-03-28 07:17:12',0),(1661,'gazeta zyrtare nr.(25-31)/2017','077/2018',1,29,140.00,255,1,2,1,'0000-00-00','0000-00-00',1,140.00,0,'0000-00-00','2018-03-28 07:26:27','2018-03-28 07:26:27',0),(1662,'Material i shtypur','34/2018',1,43,60.00,4,1,2,1,'0000-00-00','0000-00-00',1,60.00,0,'0000-00-00','2018-03-28 07:53:24','2018-03-28 07:53:24',0),(1663,'Material i shtypur','31/2018',1,43,1515.00,4,1,2,1,'0000-00-00','0000-00-00',1,1515.00,0,'0000-00-00','2018-03-28 07:55:10','2018-03-28 07:55:10',0),(1664,'Furnizim i zyres','00740',1,43,88.00,1,2,39,1,'2018-01-25','2018-01-16',1,88.00,0,'0000-00-00','2018-04-03 06:20:41','2018-04-03 06:20:41',0),(1665,'Sherb.kontrak.','Marr.sher.veq..',1,27,362.80,247,2,39,1,'2018-01-05','2018-01-05',1,362.80,0,'0000-00-00','2018-04-03 06:23:03','2018-04-03 06:23:03',0),(1666,'Derivate','65',1,4,212.17,243,2,39,1,'2018-01-29','2017-12-31',1,212.17,0,'0000-00-00','2018-04-03 06:25:03','2018-04-03 06:25:03',0),(1667,'Sherb.kontrak.','SH-199/2017',1,27,608.38,149,2,39,1,'2018-02-05','2017-10-30',1,608.38,0,'0000-00-00','2018-04-03 06:27:21','2018-04-03 06:27:21',0),(1668,'Furnizim i zyres','20/2018',1,43,98.00,4,2,39,1,'2018-02-06','2018-01-22',1,98.00,0,'0000-00-00','2018-04-03 06:30:42','2018-04-03 06:30:42',0),(1669,'Furnizim i zyres','8',1,43,15.00,16,2,39,1,'2018-02-08','2018-02-01',1,15.00,0,'0000-00-00','2018-04-03 06:32:27','2018-04-03 06:32:27',0),(1670,'Material zyrtar','01041',1,43,81.70,1,2,39,1,'2018-02-09','2018-02-01',1,81.70,0,'0000-00-00','2018-04-03 06:34:13','2018-04-03 06:34:13',0),(1671,'Derivate','17/18',1,4,105.67,243,2,39,1,'2018-02-16','2018-01-31',1,105.67,0,'0000-00-00','2018-04-03 06:35:48','2018-04-03 06:35:48',0),(1672,'Furnizim i zyres','0068/2018',1,43,57.75,11,2,39,1,'2018-02-23','2018-02-12',1,57.75,0,'0000-00-00','2018-04-03 06:38:31','2018-04-03 06:38:31',0),(1673,'Sherb.kontraktuse','Marr.sher.veq.',1,27,362.80,247,2,39,1,'2018-02-28','2018-01-05',1,362.80,0,'0000-00-00','2018-04-03 06:40:56','2018-04-03 06:40:56',0),(1674,'Sherb.postare','2/1 2017-K.K.GJa.',1,10,4164.34,6,2,39,1,'2018-03-13','2017-03-17',1,4164.34,0,'0000-00-00','2018-04-03 06:42:46','2018-04-03 06:42:46',0),(1676,'Printer','18-SHV01-001-267',1,43,99.00,1,2,39,1,'2018-03-14','2018-03-13',1,99.00,0,'0000-00-00','2018-04-03 06:48:11','2018-04-03 06:48:11',0),(1677,'Furnizim i zyres','01159',1,43,99.60,1,2,39,1,'2018-03-14','2018-03-13',1,99.60,0,'0000-00-00','2018-04-03 06:49:59','2018-04-03 06:49:59',0),(1678,'Furnizim i zyres','18-SHV01-001-266',1,43,99.00,1,2,39,1,'2018-03-16','2018-03-12',1,99.00,0,'0000-00-00','2018-04-03 06:51:42','2018-04-03 06:51:42',0),(1679,'Reprezentacion','0020647,0047560',1,9,96.50,63,2,39,1,'2018-03-14','2018-02-28',1,96.50,0,'0000-00-00','2018-04-03 07:48:09','2018-04-03 07:48:09',0),(1680,'Derivate','104/18',1,4,142.34,243,2,39,1,'2018-03-23','2018-02-28',1,142.34,0,'0000-00-00','2018-04-03 07:52:15','2018-04-03 07:52:15',0),(1681,'Material zyrtar','01176',1,43,99.00,1,2,39,1,'2018-03-19','2018-03-19',1,99.00,0,'0000-00-00','2018-04-03 07:53:41','2018-04-03 07:53:41',0),(1682,'Material zyrtar','01194',1,43,76.90,1,2,39,1,'2018-03-22','2018-03-22',1,76.90,0,'0000-00-00','2018-04-03 09:55:05','2018-04-03 09:55:05',0),(1683,'Printer','01169',1,23,99.00,1,2,39,1,'2018-03-23','2018-03-19',1,99.00,0,'0000-00-00','2018-04-03 09:56:28','2018-04-03 09:56:28',0),(1684,'Shpenz.udht.jasht vendit','84',1,28,570.00,256,2,39,1,'2018-03-28','2018-03-10',1,570.00,0,'0000-00-00','2018-04-03 10:01:24','2018-04-03 10:01:24',0),(1685,'Sherb.kontraktuse','Marr.sher.veq.',1,27,362.80,247,2,39,1,'2018-03-29','2018-01-05',1,362.80,0,'0000-00-00','2018-04-03 10:03:17','2018-04-03 10:03:17',0),(1686,'Toner color','18-SHV01-001-298',1,43,99.00,1,2,39,1,'2018-03-30','2018-03-28',1,99.00,0,'0000-00-00','2018-04-03 10:04:55','2018-04-03 10:04:55',0),(1687,'Toner color','01225',1,43,99.00,1,2,39,1,'2018-03-28','2018-03-28',1,99.00,0,'0000-00-00','2018-04-03 10:06:32','2018-04-03 10:06:32',0),(1688,'Kontrb.puntorit','MFAKP8011958689X',1,27,40.00,257,2,39,1,'2018-03-16','2018-02-14',1,40.00,0,'0000-00-00','2018-04-03 10:20:26','2018-04-03 10:20:26',0),(1689,'Tatimi ne page','MFA2E8011958688P',1,27,17.20,257,2,39,1,'2018-02-16','2018-02-14',1,17.20,0,'0000-00-00','2018-04-03 10:28:02','2018-04-03 10:28:02',0),(1690,'Kontrb.puntorit','MFAKP8012238472R',1,27,40.00,257,2,39,1,'2018-03-15','2018-03-15',1,40.00,0,'0000-00-00','2018-04-03 10:30:08','2018-04-03 10:30:08',0),(1691,'Tatimi ne page','MFA2E8012238471J',1,27,17.20,257,2,39,1,'2018-03-16','2018-03-15',1,17.20,0,'0000-00-00','2018-04-03 10:32:01','2018-04-03 10:32:01',0),(1692,'Sherbime teknike-certifikimi  ISO','49-07/MD',1,29,3894.00,258,1,2,1,'0000-00-00','2019-08-16',1,3894.00,0,'0000-00-00','2019-12-12 09:09:23','2019-12-12 09:09:23',0),(1693,'Pajisje tjera/Perde Trake','000421',1,23,96.00,259,1,2,1,'2019-01-30','2019-01-22',1,96.00,0,'0000-00-00','2019-12-13 13:25:26','2019-12-16 09:44:23',0),(1694,'Shpenzime postare ','11/2018',1,10,509.20,6,1,2,1,'2019-02-11','2018-12-11',1,509.20,0,'0000-00-00','2019-12-13 13:30:23','2019-12-13 13:30:23',0),(1695,'Shpenzime postare','12/2018',1,10,484.50,6,1,2,1,'2019-02-11','2019-01-11',1,484.50,0,'0000-00-00','2019-12-13 13:32:32','2019-12-13 13:32:32',0),(1696,'Marreveshje per Sherbime te Veqanta','kontrata',1,27,285.12,260,1,2,1,'2019-01-23','0000-00-00',1,285.12,0,'0000-00-00','2019-12-16 08:15:25','2019-12-16 08:15:25',0),(1697,'Marreveshje per Sherbime te Veqanta','kontrata',1,27,285.12,261,1,2,1,'2019-01-22','0000-00-00',1,285.12,0,'0000-00-00','2019-12-16 08:19:55','2019-12-16 08:19:55',0),(1698,'Mareveshje per Sherbime te Veqanta','kontrata',1,27,285.12,262,1,2,1,'2019-01-23','0000-00-00',1,285.12,0,'0000-00-00','2019-12-16 08:24:50','2019-12-16 08:24:50',0),(1699,'Material Zyrtar','000787/2018',1,27,1016.14,11,1,2,1,'2019-02-13','2018-11-22',1,1016.14,0,'0000-00-00','2019-12-16 08:28:25','2019-12-16 08:29:18',0),(1700,'Mareveshje per Sherbime te Veqanta','kontrata',1,27,285.12,263,1,2,1,'2019-01-23','0000-00-00',1,285.12,0,'0000-00-00','2019-12-16 08:32:40','2019-12-16 08:32:40',0),(1701,'Sherbime Teknike-Kyqja e re rrymes ne objektin e Bankosit','23/01/19',1,29,1713.36,84,1,2,1,'2019-01-24','2019-01-18',1,1713.36,0,'0000-00-00','2019-12-16 09:40:50','2019-12-16 09:44:57',0),(1702,'Material i shtypur','0286/18',1,43,2345.00,264,1,2,1,'2019-02-13','2018-12-18',1,2345.00,0,'0000-00-00','2019-12-16 09:56:08','2019-12-16 09:56:08',0),(1703,'Material i shtypur','0285/18',1,43,500.00,264,1,2,3,'2019-02-13','2018-12-18',1,500.00,0,'0000-00-00','2019-12-16 11:14:26','2019-12-16 11:14:26',0),(1704,'Material i shtypur','0300/18',1,43,500.00,264,1,2,1,'2019-02-13','2018-12-26',1,500.00,0,'0000-00-00','2019-12-16 11:18:20','2019-12-16 11:18:20',0),(1705,'Mirembajtja objektit per muajin janar','25/19',1,20,5552.62,245,1,2,1,'2019-02-05','2019-01-31',1,5552.62,0,'0000-00-00','2019-12-16 11:26:27','2019-12-16 11:26:27',0),(1706,'Sigurimi fizik i objektit 01/19','01/2019',1,27,10090.56,265,1,2,1,'2019-02-05','2019-01-31',1,10090.56,0,'0000-00-00','2019-12-16 11:38:42','2019-12-16 11:38:42',0),(1707,'Mareveshtje per Sherbime  te Veqanta','kontrat',1,27,285.12,261,1,2,1,'2019-02-07','0000-00-00',1,285.12,0,'0000-00-00','2019-12-16 11:51:26','2019-12-16 11:51:26',0),(1708,'Telefon mobil -ipko','2015743',1,8,1040.06,66,1,2,1,'2019-02-07','2018-12-31',1,1040.06,0,'0000-00-00','2019-12-16 12:03:24','2019-12-16 12:03:24',0),(1709,'Sherbime teknike-Gazeta zyrtare','233/2018',10,29,140.00,255,1,2,1,'2019-01-30','2018-11-08',1,140.00,0,'0000-00-00','2019-12-16 12:32:59','2019-12-16 12:32:59',0),(1710,'Material  zyrtar','18-SHV01-002-410',1,43,88.87,266,1,2,1,'2019-02-13','2018-12-21',1,88.87,0,'0000-00-00','2019-12-16 12:44:51','2019-12-16 12:44:51',0),(1711,'Material zyrtar','18-SHV01-002-406',1,43,305.63,266,1,2,1,'2019-02-13','2018-12-21',1,305.63,0,'0000-00-00','2019-12-16 12:48:14','2019-12-16 12:48:14',0),(1712,'Sherb.kontrak.-Obonim mujor per monitorim te automjeteve','19-9809',1,27,223.84,254,1,2,1,'2019-02-22','2019-02-01',1,223.84,0,'0000-00-00','2019-12-17 12:14:36','2019-12-17 12:14:36',0),(1713,'Sherb.kontrk.-Marrja me qira e fotokopjeve','SH-2582/2018',1,27,1893.00,165,1,2,1,'2019-02-25','2019-10-31',1,1893.00,0,'0000-00-00','2019-12-17 12:19:21','2019-12-17 12:19:21',0),(1714,'Paga neto','Marreveshtje sherbimeve te veqanta',1,27,285.12,267,2,39,1,'2019-01-17','0000-00-00',1,285.12,0,'0000-00-00','2020-01-14 11:34:32','2020-01-14 11:34:32',0),(1715,'Publikime','1334',1,29,184.00,150,2,39,1,'2019-01-18','2018-12-06',1,184.00,0,'0000-00-00','2020-01-14 11:38:09','2020-01-14 11:38:09',0),(1716,'Paisje','222',1,23,25.00,16,2,39,1,'2019-01-25','2018-11-27',1,25.00,0,'0000-00-00','2020-01-14 11:39:58','2020-01-14 11:39:58',0),(1717,'Kompjuteri','234',1,56,450.00,16,2,39,1,'2019-01-28','2018-12-12',1,450.00,0,'0000-00-00','2020-01-14 11:42:14','2020-01-14 11:42:14',0),(1718,'Paisje','1359',1,23,96.00,1,2,39,1,'2019-01-30','2019-01-23',1,96.00,0,'0000-00-00','2020-01-14 11:44:15','2020-01-14 11:44:15',0),(1719,'Derivate per automjete','435/18',1,4,170.46,243,2,39,1,'2018-11-30','2018-11-30',1,170.46,0,'0000-00-00','2020-01-14 11:51:51','2020-01-14 11:51:51',0),(1720,'Material zyrtar','000788/2018',1,43,346.50,11,2,39,1,'2019-11-06','2018-11-23',1,0.00,1,'0000-00-00','2020-01-14 11:54:23','2020-01-14 11:54:23',0),(1721,'Material zyrtar','000788/2018',1,43,346.50,11,2,39,1,'2019-01-31','2018-11-22',1,346.50,1,'0000-00-00','2020-01-14 11:56:06','2020-01-14 11:56:06',0),(1722,'Sherbime kontraktuse','SH-2589/2018',1,27,30.00,165,2,39,1,'2019-01-31','2018-10-31',1,30.00,0,'0000-00-00','2020-01-14 11:58:50','2020-01-14 11:58:50',0),(1723,'Material zyrtar','112-210-001-19',1,43,95.00,268,2,39,1,'2019-02-07','2019-02-05',1,95.00,0,'0000-00-00','2020-01-17 08:00:49','2020-01-17 08:00:49',0),(1724,'Paga neto','Marr.sher.veqant',1,27,285.12,267,2,39,1,'2019-02-06','2018-10-31',1,285.12,0,'0000-00-00','2020-01-17 08:05:40','2020-01-17 08:05:40',0),(1725,'Material zyrtar','000788/2018',1,43,346.50,11,2,39,1,'2019-01-31','2019-01-15',1,346.50,0,'0000-00-00','2020-01-17 08:12:06','2020-01-17 08:12:06',0),(1726,'Material zyrtar','6-210-001-19',1,43,98.00,269,2,39,1,'2019-02-07','2019-01-23',1,89.00,1,'0000-00-00','2020-01-17 08:13:59','2020-01-17 08:13:59',0),(1727,'Mirmbajtja e teknollogjise informative','2019-22',1,82,35.00,16,2,39,1,'2019-02-08','2019-02-06',1,35.00,0,'0000-00-00','2020-01-17 08:16:05','2020-01-17 08:16:05',0),(1728,'Kontrbuti pensional','MFAKP80158202462',1,27,33.00,257,2,39,1,'2019-02-15','2019-02-15',1,33.00,0,'0000-00-00','2020-01-17 08:20:24','2020-01-17 08:20:24',0),(1729,'Tatimi ne page','MFA2E8015820245U',1,27,11.88,257,2,39,1,'2019-02-15','2019-02-15',1,11.88,0,'0000-00-00','2020-01-17 08:22:16','2020-01-17 08:22:16',0),(1730,'Material zyrtar','6-210-001-19',1,43,89.00,269,2,39,1,'2019-02-07','2019-01-22',1,89.00,0,'0000-00-00','2020-01-17 08:30:39','2020-01-17 08:30:39',0),(1731,'Material zyrtar','1396',1,43,98.40,38,2,39,1,'2019-02-21','2019-02-05',1,98.40,0,'0000-00-00','2020-01-17 08:33:10','2020-01-17 08:33:10',0),(1732,'Shpenzimet telefonit mobil','2031546,3077263',1,8,40.30,66,2,39,1,'2019-02-21','2019-01-31',1,40.30,0,'0000-00-00','2020-01-17 09:04:55','2020-01-17 09:04:55',0),(1733,'Derivate per automjete','14/19',1,4,146.00,243,2,39,1,'2019-02-22','2019-01-31',1,146.17,1,'0000-00-00','2020-01-17 09:07:03','2020-01-17 09:07:03',0),(1734,'Derivate per automjete','14/19',1,4,146.17,243,2,39,1,'2019-02-22','2019-01-31',1,146.17,0,'0000-00-00','2020-01-17 09:11:09','2020-01-17 09:11:09',0),(1735,'Derivate per automjete','487/18',1,4,237.52,243,2,39,1,'2019-02-22','2019-01-11',1,237.52,0,'0000-00-00','2020-01-17 09:16:47','2020-01-17 09:16:47',0),(1736,'Material zyrtar','033/19',1,43,1609.00,264,2,39,1,'2019-03-05','2019-02-08',1,1609.00,0,'0000-00-00','2020-01-17 09:19:02','2020-01-17 09:19:02',0),(1737,'Paga neto','Marreveshtje sherbime veqanta',1,27,285.12,267,2,39,1,'2019-03-05','2018-11-30',1,285.12,0,'0000-00-00','2020-01-17 09:21:17','2020-01-17 09:21:17',0);
/*!40000 ALTER TABLE `xxl_expenditures` ENABLE KEYS */;
UNLOCK TABLES;

--
-- Table structure for table `xxl_expenditurestatus`
--

DROP TABLE IF EXISTS `xxl_expenditurestatus`;
/*!40101 SET @saved_cs_client     = @@character_set_client */;
/*!40101 SET character_set_client = utf8 */;
CREATE TABLE `xxl_expenditurestatus` (
  `id` int(10) unsigned NOT NULL AUTO_INCREMENT,
  `status` varchar(255) COLLATE utf8_unicode_ci NOT NULL,
  PRIMARY KEY (`id`)
) ENGINE=InnoDB AUTO_INCREMENT=4 DEFAULT CHARSET=utf8 COLLATE=utf8_unicode_ci;
/*!40101 SET character_set_client = @saved_cs_client */;

--
-- Dumping data for table `xxl_expenditurestatus`
--

LOCK TABLES `xxl_expenditurestatus` WRITE;
/*!40000 ALTER TABLE `xxl_expenditurestatus` DISABLE KEYS */;
INSERT INTO `xxl_expenditurestatus` VALUES (1,'Paguar'),(2,'Borxh'),(3,'Pjesërisht');
/*!40000 ALTER TABLE `xxl_expenditurestatus` ENABLE KEYS */;
UNLOCK TABLES;

--
-- Table structure for table `xxl_filetype`
--

DROP TABLE IF EXISTS `xxl_filetype`;
/*!40101 SET @saved_cs_client     = @@character_set_client */;
/*!40101 SET character_set_client = utf8 */;
CREATE TABLE `xxl_filetype` (
  `id` int(10) unsigned NOT NULL AUTO_INCREMENT,
  `type` varchar(255) COLLATE utf8_unicode_ci NOT NULL,
  PRIMARY KEY (`id`)
) ENGINE=InnoDB AUTO_INCREMENT=4 DEFAULT CHARSET=utf8 COLLATE=utf8_unicode_ci;
/*!40101 SET character_set_client = @saved_cs_client */;

--
-- Dumping data for table `xxl_filetype`
--

LOCK TABLES `xxl_filetype` WRITE;
/*!40000 ALTER TABLE `xxl_filetype` DISABLE KEYS */;
INSERT INTO `xxl_filetype` VALUES (1,'xls'),(2,'xlsx'),(3,'csv');
/*!40000 ALTER TABLE `xxl_filetype` ENABLE KEYS */;
UNLOCK TABLES;

--
-- Table structure for table `xxl_jobs`
--

DROP TABLE IF EXISTS `xxl_jobs`;
/*!40101 SET @saved_cs_client     = @@character_set_client */;
/*!40101 SET character_set_client = utf8 */;
CREATE TABLE `xxl_jobs` (
  `id` bigint(20) unsigned NOT NULL AUTO_INCREMENT,
  `queue` varchar(255) COLLATE utf8_unicode_ci NOT NULL,
  `payload` longtext COLLATE utf8_unicode_ci NOT NULL,
  `attempts` tinyint(3) unsigned NOT NULL,
  `reserved` tinyint(3) unsigned NOT NULL,
  `reserved_at` int(10) unsigned DEFAULT NULL,
  `available_at` int(10) unsigned NOT NULL,
  `created_at` int(10) unsigned NOT NULL,
  PRIMARY KEY (`id`),
  KEY `jobs_queue_reserved_reserved_at_index` (`queue`,`reserved`,`reserved_at`)
) ENGINE=InnoDB DEFAULT CHARSET=utf8 COLLATE=utf8_unicode_ci;
/*!40101 SET character_set_client = @saved_cs_client */;

--
-- Dumping data for table `xxl_jobs`
--

LOCK TABLES `xxl_jobs` WRITE;
/*!40000 ALTER TABLE `xxl_jobs` DISABLE KEYS */;
/*!40000 ALTER TABLE `xxl_jobs` ENABLE KEYS */;
UNLOCK TABLES;

--
-- Table structure for table `xxl_migrations`
--

DROP TABLE IF EXISTS `xxl_migrations`;
/*!40101 SET @saved_cs_client     = @@character_set_client */;
/*!40101 SET character_set_client = utf8 */;
CREATE TABLE `xxl_migrations` (
  `migration` varchar(255) COLLATE utf8_unicode_ci NOT NULL,
  `batch` int(11) NOT NULL
) ENGINE=InnoDB DEFAULT CHARSET=utf8 COLLATE=utf8_unicode_ci;
/*!40101 SET character_set_client = @saved_cs_client */;

--
-- Dumping data for table `xxl_migrations`
--

LOCK TABLES `xxl_migrations` WRITE;
/*!40000 ALTER TABLE `xxl_migrations` DISABLE KEYS */;
INSERT INTO `xxl_migrations` VALUES ('2014_10_12_100000_create_password_resets_table',1),('2015_12_14_135556_create_user_roles_table',1),('2015_12_22_130535_create_departments_table',1),('2015_12_24_094458_create_suppliers_table',1),('2015_12_24_102831_create_users_table',1),('2015_12_24_153415_create_payment_sources_table',1),('2015_12_24_153608_create_spendingtype_table',1),('2016_01_13_090246_create_expenditurestatus_table',1),('2016_01_13_144825_create_filetype_table',1),('2016_01_19_103119_create_spending_categories_table',1),('2016_01_19_124045_create_expenditures_table',1),('2016_01_22_131136_create_budget_table',1),('2016_01_29_134328_create_sessions_table',1),('2016_04_01_132044_create_jobs_table',2),('2016_04_20_102219_add_expenditures_column',3),('2016_04_20_102834_add_sub_budget_table',3),('2016_04_22_112800_create_sub_budget_containers_table',4),('2018_02_28_133906_add_date_column_to_budget',5),('2018_02_28_142106_add_update_column_to_budget',5),('2018_02_28_142217_add_updated_at_column_to_budget',6),('2018_07_09_130531_add_year_column_to_budget',6);
/*!40000 ALTER TABLE `xxl_migrations` ENABLE KEYS */;
UNLOCK TABLES;

--
-- Table structure for table `xxl_password_resets`
--

DROP TABLE IF EXISTS `xxl_password_resets`;
/*!40101 SET @saved_cs_client     = @@character_set_client */;
/*!40101 SET character_set_client = utf8 */;
CREATE TABLE `xxl_password_resets` (
  `email` varchar(255) COLLATE utf8_unicode_ci NOT NULL,
  `token` varchar(255) COLLATE utf8_unicode_ci NOT NULL,
  `created_at` timestamp NOT NULL DEFAULT '0000-00-00 00:00:00',
  KEY `password_resets_email_index` (`email`),
  KEY `password_resets_token_index` (`token`)
) ENGINE=InnoDB DEFAULT CHARSET=utf8 COLLATE=utf8_unicode_ci;
/*!40101 SET character_set_client = @saved_cs_client */;

--
-- Dumping data for table `xxl_password_resets`
--

LOCK TABLES `xxl_password_resets` WRITE;
/*!40000 ALTER TABLE `xxl_password_resets` DISABLE KEYS */;
INSERT INTO `xxl_password_resets` VALUES ('merita.vula@rks-gov.net','bef14805896af5a9b79aa19b698e67e7e5122df2298265939cce9d1602c08c58','2016-08-19 05:20:53'),('fatos.deda@rks-gov.net','5a0e2726233b26e789d449c9ab7bd697995cff0101c8a7f10d138fa8873d4d34','2016-11-21 11:30:17'),('vdujaka@hotmail.com','49732bbb130acf8a2d2af0f87eef613490e9a913dccaa290f355d441baf87dca','2017-02-03 09:46:19'),('teuta.mejzini@rks-gov.net','cb1dd96145966151b0ffcc5077ff7575ca4d89d2c8b7c22ef8e8fd457535c639','2017-02-03 11:45:54'),('admin@gmail.com','129771a9dfe5219846d94ec7a1bc069d3bf238b31e4c6877f6b87607a9e2bb2a','2017-04-25 07:27:28'),('dardan.krypa@rks-gov.net','cb3d9a18497a466dd177c7295f6e78c96f18982bca23fb27e40c55f2f2e91ee3','2018-03-12 14:00:47'),('durimkepuska@gmail.com','918faef7932fc7758377f24cd7f350f9e3fd2d227d4f56bbbfed568ab3f611ae','2020-08-03 12:25:23');
/*!40000 ALTER TABLE `xxl_password_resets` ENABLE KEYS */;
UNLOCK TABLES;

--
-- Table structure for table `xxl_payment_sources`
--

DROP TABLE IF EXISTS `xxl_payment_sources`;
/*!40101 SET @saved_cs_client     = @@character_set_client */;
/*!40101 SET character_set_client = utf8 */;
CREATE TABLE `xxl_payment_sources` (
  `id` int(10) unsigned NOT NULL AUTO_INCREMENT,
  `payment_source` varchar(255) COLLATE utf8_unicode_ci NOT NULL,
  PRIMARY KEY (`id`)
) ENGINE=InnoDB AUTO_INCREMENT=5 DEFAULT CHARSET=utf8 COLLATE=utf8_unicode_ci;
/*!40101 SET character_set_client = @saved_cs_client */;

--
-- Dumping data for table `xxl_payment_sources`
--

LOCK TABLES `xxl_payment_sources` WRITE;
/*!40000 ALTER TABLE `xxl_payment_sources` DISABLE KEYS */;
INSERT INTO `xxl_payment_sources` VALUES (1,'Grandi Qeveritar'),(2,'Te Hyra Vetanake - 21'),(3,'Donatorë'),(4,'Te hyrat Vetanake - 22');
/*!40000 ALTER TABLE `xxl_payment_sources` ENABLE KEYS */;
UNLOCK TABLES;

--
-- Table structure for table `xxl_sessions`
--

DROP TABLE IF EXISTS `xxl_sessions`;
/*!40101 SET @saved_cs_client     = @@character_set_client */;
/*!40101 SET character_set_client = utf8 */;
CREATE TABLE `xxl_sessions` (
  `id` varchar(255) COLLATE utf8_unicode_ci NOT NULL,
  `user_id` int(11) DEFAULT NULL,
  `ip_address` varchar(45) COLLATE utf8_unicode_ci DEFAULT NULL,
  `user_agent` text COLLATE utf8_unicode_ci,
  `payload` text COLLATE utf8_unicode_ci NOT NULL,
  `last_activity` int(11) NOT NULL,
  UNIQUE KEY `sessions_id_unique` (`id`)
) ENGINE=InnoDB DEFAULT CHARSET=utf8 COLLATE=utf8_unicode_ci;
/*!40101 SET character_set_client = @saved_cs_client */;

--
-- Dumping data for table `xxl_sessions`
--

LOCK TABLES `xxl_sessions` WRITE;
/*!40000 ALTER TABLE `xxl_sessions` DISABLE KEYS */;
/*!40000 ALTER TABLE `xxl_sessions` ENABLE KEYS */;
UNLOCK TABLES;

--
-- Table structure for table `xxl_spending_categories`
--

DROP TABLE IF EXISTS `xxl_spending_categories`;
/*!40101 SET @saved_cs_client     = @@character_set_client */;
/*!40101 SET character_set_client = utf8 */;
CREATE TABLE `xxl_spending_categories` (
  `id` int(10) unsigned NOT NULL AUTO_INCREMENT,
  `spending_category` varchar(255) COLLATE utf8_unicode_ci NOT NULL,
  PRIMARY KEY (`id`)
) ENGINE=InnoDB AUTO_INCREMENT=152 DEFAULT CHARSET=utf8 COLLATE=utf8_unicode_ci;
/*!40101 SET character_set_client = @saved_cs_client */;

--
-- Dumping data for table `xxl_spending_categories`
--

LOCK TABLES `xxl_spending_categories` WRITE;
/*!40000 ALTER TABLE `xxl_spending_categories` DISABLE KEYS */;
INSERT INTO `xxl_spending_categories` VALUES (1,'Material Zyrtare'),(2,'Reprezentacion'),(3,'13720 - Nafte per ngrohje qendrore'),(4,'13780 - Karburant per vetura	'),(5,'13210 - Rryma	'),(6,'13250 - Shpenzimet telefonike	'),(7,'13220 - Uji	'),(8,'13320 - Shpenzimet e telefonisë mobile	'),(9,'14310 - Drekat zyrtare	'),(10,'13330 - Shpenzimet postare'),(11,'13410 - Shërbimet e arsimit dhe trajnimit'),(12,'13770 - Derivate per gjenerator'),(13,'13230 - Mbeturinat'),(15,'13440 - Shërbime te ndryshme intelektuale dhe këshilldhënëse	'),(17,'13505 - Makina fotokopjuese'),(18,'13660 - Akomodimi'),(20,'14020 - Mirembajtja e Objektit'),(21,'14050 - Mirembajtja e mobileve dhe paisjeve'),(22,'14220 - Botimet e publikimeve'),(23,'13509 - Pajisje tjera '),(24,'13480 - Shpenzimet për Antarësim '),(25,'14010 - Mirembajtja dhe riparimi i automjeteve'),(26,'13953 - Sigurime tjera	'),(27,'13460 - Shërbime Kontraktuese Tjera'),(28,'13140 - Shpenzimet e Udhetimit zyrtar jasht vendit'),(29,'13470 - Shërbime Teknike'),(30,'13310 - Shpenzimet per internet'),(31,'13950/13951  - Regjistrim, Sigurimi  i automjeteve'),(32,'11110 - Pagat Neto permes listes se pagave'),(33,'11115 - Pagesa per sindikat'),(34,'11700 - Kontributi pensional nga punëdhënësi'),(35,'11600 - Kontributi pensional nga punëtori'),(36,'tatim TAP'),(38,'13501 - Mobilje'),(39,'13240 - Ngrohja qendrore	'),(40,'13810 - Avas per para te imeta (petty.cash)	'),(41,'13506 - Pajisje speciale mjeksore'),(42,'13504 - Harduer për teknologji informative'),(43,'13610 - Furnizime për zyrë'),(44,'11500 - Tatim I ndalur në burim në të ardhura personale	'),(45,'11900 - Pagesa për Vendime Gjyqësore-të formës së prerë'),(46,'13130 - Shpenzimet e Udhetimit zyrtar brenda vendit'),(47,'13131 - Meditja e udhimit zyrtar brenda vendit'),(48,'13132 - Akomodimi gjate udhetimit zyrtar brenda vendit'),(49,'13133 - Shpenzimet tjera te udhitimit zyrtar brenda vendit'),(50,'13141 - Meditja e udhimit zyrtar jasht vendit'),(51,'13142 - Akomodimi gjate udhetimit zyrtar jasht vendit	'),(52,'13143 - Shpenzimet tjera te udhitimit zyrtar jasht vendit'),(53,'13340 - Shpenzimet e përdorimit të kabllit optik'),(54,'13420 - Shërbimet e përfaqësimit dhe avokatures'),(55,'13502 - Telefona'),(56,'13503 - Kompjuterë'),(57,'13507 - Pajisje te shërbimit policor '),(58,'13508 - Pajisje trafiku'),(59,'13620 - Furnizime me ushqim dhe pije (jo dreka zyrtare)'),(60,'13630 - Furnizime mjekësore'),(61,'13640 - Furnizime pastrimi'),(62,'13650 - Furnizim me veshmbathje'),(63,'13670 - Municion dhe armë zjarri	'),(64,'13710 - Vaj	'),(65,'13730 - Vaj per ngrohje'),(66,'13740 - Mazut'),(67,'13750 - Qymyr'),(68,'13760 - Dru'),(69,'13820 - Avans per udhetime zyrtare'),(70,'13821 - Avanc'),(71,'13830 - Avans per mallra dhe sherbime'),(72,'13850 - Avanc - per ambasadat'),(73,'13952 - Taksa komuale e regjistrimit te automjeteve'),(74,'13960 - Mungesa ne arkë'),(75,'14021 - Mirembajtja e ndertesave te banimit'),(76,'14022 - Mirembajtja e ndertesave administrative afariste'),(77,'14023 - Mirembajtja e shkollave	'),(78,'14024 - Mirembajtja e objekteve shendetesore	'),(79,'14030 - Mirembajtaj e auto rrugeve'),(80,'14031 - Mirembajtja e auto rrugeve regjionale'),(81,'14032 - Mirembajtja e auto rrugeve lokale'),(82,'14040 - Mirëmbajtja e Teknologjisë Informative'),(83,'14060 - Mirembajtja rutinore'),(84,'14110 - Qiraja per ndertesa'),(85,'14120 - Qiraja per toke	'),(86,'14130 - Qiraja per paisje	'),(87,'14140 - Qiraja per makineri	'),(88,'14150 - Qiraja për pordorime tjera hapësinore	'),(89,'14210 - Reklamat dhe konkurset	'),(90,'14230 - Shpenzimet per informim publik	'),(91,'14320 - Drekat zyrtare jasht vendit	'),(92,'14410 - Shpenzime-vendimet e gjykatave	'),(93,'14420 - Pagesa-Neni 39.2 LMFPP	'),(94,'14510 - Pagesa e tatimit ne qira	'),(95,'17000 - Pagesa e borgjit qeveritar	'),(96,'17010 - Kamata e borgjit	'),(97,'13260 - Pagesa-vendime gjyqesore	'),(98,'21110 - Subvencionet per Etnitete Publike	'),(99,'21120 - Subvencionet per Etnitete Publike (Teatri Kombëtar)	'),(100,'21200 - Subvencionet per Etnitete Jopublike	'),(101,'22200 - Pagesat për perfitues individual	'),(102,'22260 - Pagesat për Invalidët e luftes	'),(103,'22270 - Pagesat për invalidët civilë	'),(104,'22280 - Pagesat e familjeve të të rënëve ne luftë	'),(105,'22300 - Pagesa-vendime gjyqesore	'),(106,'23110 - Pagesat për sekt.blegtorisë	'),(107,'23130 - Pagesat për kulturat	'),(108,'23210 -Ristrukt.potencialit fizik	'),(109,'23220 - Menaxh.burim.ujitjes bujqësi	'),(110,'23230 - Përmirës.menaxh.burim.natyror	'),(111,'23240 - Diversifikimi i fermave	'),(112,'23250 - Aftës.trajn.profes.-për fermer	'),(113,'31110 - Ndertesat e banimit	'),(114,'31120 - Ndertesat administrative afariste	'),(115,'31121 - Objektet arsimore	'),(116,'31122 - Objektet shendetesore	'),(117,'31123 - Objektet kulturore	'),(118,'31124 - Objektet sportive	'),(119,'31210 - Ndërtimi i auto rrugëve 	'),(120,'31220- Ndertimi i rrugeve regjonale	'),(121,'31230 - Ndertimi i rrugeve lokale	'),(122,'31240 - Trotuaret	'),(123,'31250 - Kanalizimi	'),(124,'31260 - Ujësjellësi	'),(125,'31270 - Mirembajtja investive	'),(126,'31510 - Furnizim me rrymë gjenerim dhe transmision	'),(128,'31610 - Pajisje të Teknologjise Informative (mbi 1000 euro)'),(129,'31620 -  Mobilje (mbi 1000 euro)'),(130,'31630 - Telefona (mbi 1000 euro)	'),(131,'31640 - Kompjuter (mbi 1000 euro)'),(132,'31650 - Makina Fotokopjuese (mbi 1000 euro)'),(133,'31660 - Pajisje Speciale Mjeksore (mbi 1000 euro)'),(134,'31670 - Pajisje te Shërbimeve Policore (mbi 1000 euro)'),(135,'31680 - Souftver (mbi 1000 euro)'),(136,'31690 - Pajisje Tjera (mbi 1000 euro)'),(137,'31700 - Vetura zyrtare (mbi 1000 euro)'),(138,'31701 - Kamionë (mbi 1000 euro)'),(139,'31702 - Xhip dhe kombibusë (mbi 1000 euro)'),(140,'31703 - Vetura të ndihmës së shpejtë (mbi 1000 euro)'),(141,'31704 - Veturat e shërbimit policor	(mbi 1000 euro)'),(142,'31705 - Motorë (mbi 1000 euro)'),(143,'31706 - Automjete transporti tjera (mbi 1000 euro)'),(144,'31800 - Makineria (mbi 1000 euro)'),(145,'31900 - Kapital tjeter (mbi 1000 euro)'),(146,'31910 - Avans per investime (mbi 1000 euro)'),(147,'32100 - Toka (mbi 1000 euro)'),(148,'32200 - Pasuri e paprekshme	(mbi 1000 euro)'),(149,'33100 - Trans.kap.-entitetet publike (mbi 1000 euro)'),(150,'33200 - Transfere kapital per entitete jopublike (mbi 1000 euro)'),(151,'34000 - Pagesa-vendime gjyqesore (mbi 1000 euro)');
/*!40000 ALTER TABLE `xxl_spending_categories` ENABLE KEYS */;
UNLOCK TABLES;

--
-- Table structure for table `xxl_spendingtypes`
--

DROP TABLE IF EXISTS `xxl_spendingtypes`;
/*!40101 SET @saved_cs_client     = @@character_set_client */;
/*!40101 SET character_set_client = utf8 */;
CREATE TABLE `xxl_spendingtypes` (
  `id` int(10) unsigned NOT NULL AUTO_INCREMENT,
  `spendingtype` varchar(255) COLLATE utf8_unicode_ci NOT NULL,
  PRIMARY KEY (`id`)
) ENGINE=InnoDB AUTO_INCREMENT=12 DEFAULT CHARSET=utf8 COLLATE=utf8_unicode_ci;
/*!40101 SET character_set_client = @saved_cs_client */;

--
-- Dumping data for table `xxl_spendingtypes`
--

LOCK TABLES `xxl_spendingtypes` WRITE;
/*!40000 ALTER TABLE `xxl_spendingtypes` DISABLE KEYS */;
INSERT INTO `xxl_spendingtypes` VALUES (1,'Mallra dhe Shërbime'),(2,'Shpenzimet Kapitale'),(3,'Shpenzime Komunale'),(5,'Pagat dhe Meditjet'),(6,'Subvencionet dhe Transferet'),(8,'Sindikata'),(9,'Kontributi i Punëtorit'),(10,'Kontributi i Punëdhënsit'),(11,'Tatimi në TAP');
/*!40000 ALTER TABLE `xxl_spendingtypes` ENABLE KEYS */;
UNLOCK TABLES;

--
-- Table structure for table `xxl_sub_budget`
--

DROP TABLE IF EXISTS `xxl_sub_budget`;
/*!40101 SET @saved_cs_client     = @@character_set_client */;
/*!40101 SET character_set_client = utf8 */;
CREATE TABLE `xxl_sub_budget` (
  `id` int(10) unsigned NOT NULL AUTO_INCREMENT,
  `department_id` int(10) unsigned DEFAULT NULL,
  `sub_budget` varchar(255) COLLATE utf8_unicode_ci NOT NULL,
  PRIMARY KEY (`id`)
) ENGINE=InnoDB AUTO_INCREMENT=4 DEFAULT CHARSET=utf8 COLLATE=utf8_unicode_ci;
/*!40101 SET character_set_client = @saved_cs_client */;

--
-- Dumping data for table `xxl_sub_budget`
--

LOCK TABLES `xxl_sub_budget` WRITE;
/*!40000 ALTER TABLE `xxl_sub_budget` DISABLE KEYS */;
INSERT INTO `xxl_sub_budget` VALUES (1,4,'DSHMS - Administrata'),(2,4,'KPSH'),(3,4,'QPS');
/*!40000 ALTER TABLE `xxl_sub_budget` ENABLE KEYS */;
UNLOCK TABLES;

--
-- Table structure for table `xxl_sub_budget_container`
--

DROP TABLE IF EXISTS `xxl_sub_budget_container`;
/*!40101 SET @saved_cs_client     = @@character_set_client */;
/*!40101 SET character_set_client = utf8 */;
CREATE TABLE `xxl_sub_budget_container` (
  `id` int(10) unsigned NOT NULL AUTO_INCREMENT,
  `department_id` int(10) unsigned DEFAULT NULL,
  `spendingtype_id` int(10) unsigned DEFAULT NULL,
  `payment_source_id` int(10) unsigned DEFAULT NULL,
  `sub_budget_id` int(10) unsigned DEFAULT NULL,
  `value` decimal(11,3) NOT NULL,
  PRIMARY KEY (`id`),
  KEY `sub_budget_container_payment_source_id_foreign` (`payment_source_id`),
  KEY `sub_budget_container_department_id_foreign` (`department_id`),
  KEY `sub_budget_container_spendingtype_id_foreign` (`spendingtype_id`),
  KEY `sub_budget_container_sub_budget_id_foreign` (`sub_budget_id`),
  CONSTRAINT `sub_budget_container_department_id_foreign` FOREIGN KEY (`department_id`) REFERENCES `xxl_departments` (`id`) ON DELETE SET NULL,
  CONSTRAINT `sub_budget_container_payment_source_id_foreign` FOREIGN KEY (`payment_source_id`) REFERENCES `xxl_payment_sources` (`id`) ON DELETE SET NULL,
  CONSTRAINT `sub_budget_container_spendingtype_id_foreign` FOREIGN KEY (`spendingtype_id`) REFERENCES `xxl_spendingtypes` (`id`) ON DELETE SET NULL,
  CONSTRAINT `sub_budget_container_sub_budget_id_foreign` FOREIGN KEY (`sub_budget_id`) REFERENCES `xxl_sub_budget` (`id`) ON DELETE SET NULL
) ENGINE=InnoDB AUTO_INCREMENT=23 DEFAULT CHARSET=utf8 COLLATE=utf8_unicode_ci;
/*!40101 SET character_set_client = @saved_cs_client */;

--
-- Dumping data for table `xxl_sub_budget_container`
--

LOCK TABLES `xxl_sub_budget_container` WRITE;
/*!40000 ALTER TABLE `xxl_sub_budget_container` DISABLE KEYS */;
INSERT INTO `xxl_sub_budget_container` VALUES (2,4,5,1,1,7062.730),(3,4,5,1,2,601313.340),(4,4,5,1,3,24505.400),(5,4,1,1,1,3900.000),(6,4,1,1,2,64000.000),(7,4,1,1,3,10600.000),(8,4,3,1,2,24000.000),(9,4,1,1,3,6500.000),(10,4,6,2,1,25000.000),(11,4,1,1,2,14455.500),(12,4,2,1,2,20000.000),(13,4,1,4,2,0.000),(14,4,1,1,1,2400.000),(15,4,1,1,2,50000.000),(16,4,1,1,3,7000.000),(17,4,3,1,2,19000.000),(18,4,3,1,3,2400.000),(19,4,2,2,2,45442.720),(20,4,2,1,3,20000.000),(21,4,5,1,1,41821.000),(22,4,1,1,1,16000.000);
/*!40000 ALTER TABLE `xxl_sub_budget_container` ENABLE KEYS */;
UNLOCK TABLES;

--
-- Table structure for table `xxl_suppliers`
--

DROP TABLE IF EXISTS `xxl_suppliers`;
/*!40101 SET @saved_cs_client     = @@character_set_client */;
/*!40101 SET character_set_client = utf8 */;
CREATE TABLE `xxl_suppliers` (
  `id` int(10) unsigned NOT NULL AUTO_INCREMENT,
  `supplier` varchar(255) COLLATE utf8_unicode_ci NOT NULL,
  `address` varchar(255) COLLATE utf8_unicode_ci NOT NULL,
  `telephone` varchar(255) COLLATE utf8_unicode_ci NOT NULL,
  `fiscal_number` varchar(255) COLLATE utf8_unicode_ci NOT NULL,
  `city` varchar(255) COLLATE utf8_unicode_ci NOT NULL,
  `country` varchar(255) COLLATE utf8_unicode_ci NOT NULL,
  `contact_person` varchar(255) COLLATE utf8_unicode_ci NOT NULL,
  `lat` decimal(11,6) NOT NULL,
  `lon` decimal(11,6) NOT NULL,
  PRIMARY KEY (`id`)
) ENGINE=InnoDB AUTO_INCREMENT=270 DEFAULT CHARSET=utf8 COLLATE=utf8_unicode_ci;
/*!40101 SET character_set_client = @saved_cs_client */;

--
-- Dumping data for table `xxl_suppliers`
--

LOCK TABLES `xxl_suppliers` WRITE;
/*!40000 ALTER TABLE `xxl_suppliers` DISABLE KEYS */;
INSERT INTO `xxl_suppliers` VALUES (1,'Nobeli','','0390 322 260 & 044 122 419','600018031','Gjakova','Kosova','',0.000000,0.000000),(2,'Center Mall','Mustafa Kruja, Nr.10','049 765 234','601021596','Prishtina','Kosova','',0.000000,0.000000),(3,'Petrol Company','Magjistralja Prishtinë - Fushë Kosovë','038 601 057 & 038 607 655','600118120','','Kosova','',0.000000,0.000000),(4,'Litografia','Nëna Tereza, Nr.102','049 505 403 & 049 585 010','60098596','Gjakova','Kosova','',0.000000,0.000000),(5,'Keds','Gjakove','','','','','',0.000000,0.000000),(6,'PTK','','','','','','',0.000000,0.000000),(7,'Radoniqi K.R.U','','0390 320 503','600282636','Gjakova','Kosova','',0.000000,0.000000),(8,'Vala','','038 555 112','600016762','Prishtina','Kosova','',0.000000,0.000000),(9,'President Hotel','','044 221 597','600017231','Gjakova','Kosova','',0.000000,0.000000),(10,'Diari','Prishtine','','','','','',0.000000,0.000000),(11,'Agimi De','','','','Gjakova','Kosova','',0.000000,0.000000),(12,'Çabrati','','','','Gjakova','Kosova','',0.000000,0.000000),(13,'Tender','','','','','','',0.000000,0.000000),(14,'Qeveria e Kosovës - MAPL','','','','','','',0.000000,0.000000),(15,'Croatia Sigurimi','Gjakove','','','','','',0.000000,0.000000),(16,'Kibernetika','','','','Gjakova','Kosova','',0.000000,0.000000),(17,'Mimoza N.t.sh. ','','','','','','',0.000000,0.000000),(18,'Zona Park','','','','','','',0.000000,0.000000),(19,'D.sh.z Vogova','','','','','','',0.000000,0.000000),(20,'Kosova Press','','','','','','',0.000000,0.000000),(21,'Koha Group','','','','','','',0.000000,0.000000),(22,'Landi Star','','','','','','',0.000000,0.000000),(23,'Amitech Service','','','','','','',0.000000,0.000000),(24,'Asociacioni i Komunave','','','','','','',0.000000,0.000000),(25,'Qarshija e Jupave','','','','Gjakova','Kosova','',0.000000,0.000000),(26,'Renault','','','','Gjakova','Kosova','',0.000000,0.000000),(27,'Security Group','','','','','','',0.000000,0.000000),(28,'Abetare Domi','','','','','','',0.000000,0.000000),(29,'Erlinda Rizvanolli','','','','','','',0.000000,0.000000),(30,'Arber Gola','','','','','','',0.000000,0.000000),(31,'Lumnije Shllaku','','','','','','',0.000000,0.000000),(32,'Gazmend Nushi','','','','','','',0.000000,0.000000),(33,'Labinot Syla','','','','','','',0.000000,0.000000),(34,'SIGKOS','','','','','','',0.000000,0.000000),(35,'golf - x','','','','','','',0.000000,0.000000),(36,'La Villa','','','','','','',0.000000,0.000000),(37,'NIBELI','','','','','','',0.000000,0.000000),(38,'NOBELI','','','','','','',0.000000,0.000000),(39,'MEF- THESARI','','','','','','',0.000000,0.000000),(40,'Beni','','','','','','',0.000000,0.000000),(41,'GROUP FOR SEKURITY','','','','','','',0.000000,0.000000),(42,'Textil Nagavci','','','','','','',0.000000,0.000000),(43,'NGOHTORJA E QYTETIT','','','','','','',0.000000,0.000000),(44,'HIDROSISTEMI','','','','','','',0.000000,0.000000),(45,'Grup Furnitorësh','','','','','','',0.000000,0.000000),(46,'Kingdom','','','','','','',0.000000,0.000000),(47,'Çelësi','','','','','','',0.000000,0.000000),(48,'Artina - AQ','','','','','','',0.000000,0.000000),(49,'Hasi - R','','','','','','',0.000000,0.000000),(50,'Magnolia','','','','','','',0.000000,0.000000),(51,'Blini - BK','','','','','','',0.000000,0.000000),(52,'Inox','','','','','','',0.000000,0.000000),(53,'Delta Elektrik','','','','','','',0.000000,0.000000),(54,'Bardhi Trans','','','','','','',0.000000,0.000000),(55,'Ylli - N','','','','','','',0.000000,0.000000),(56,'Piceria Albi','','','','','','',0.000000,0.000000),(57,'Viva Fresh Store','','','','','','',0.000000,0.000000),(58,'Euroroka','','','','','','',0.000000,0.000000),(59,'KEIS PHARMACY','','','','GJAKOVE','','',0.000000,0.000000),(60,'Armend Vokshi','gjakove','','','gjakove','','',0.000000,0.000000),(61,'STATORI','','','','','','',0.000000,0.000000),(62,'BLINI - BK','','','','','','',0.000000,0.000000),(63,'RONI - TIMI','','','','','','',0.000000,0.000000),(64,'ZERI','','','','','','',0.000000,0.000000),(65,'SN-Computer Sh.p.k','','','','','','',0.000000,0.000000),(66,'Ipko','','','','','','',0.000000,0.000000),(67,'TV- SYRI VISION ','','','','Gjakovë','Kosovë','',0.000000,0.000000),(68,'Euro Goma ','','','','Gjakovë','','',0.000000,0.000000),(69,'Corbusier ','','','','Gjakovë','Kosovo','',0.000000,0.000000),(70,'Artan Haraqija ','','','','Gjakovë','Kosovo','',0.000000,0.000000),(71,'Hana Zeka ','','','','Gjakovë','Kosovo','',0.000000,0.000000),(72,'HELP','PRISHTINE','','','PRISHTINE','','TIMO STEGELMAN',0.000000,0.000000),(73,'D & Z','','','','','','',0.000000,0.000000),(74,'Qarshija e Jupave','','','','','','',0.000000,0.000000),(75,'Viktory - Com','','','','','','',0.000000,0.000000),(76,'Berisha Company','','','','','','',0.000000,0.000000),(77,'Pro-Vet','','','','','','',0.000000,0.000000),(78,'Albi - Ing','','','','','','',0.000000,0.000000),(79,'Fidani-L','','','','','','',0.000000,0.000000),(80,'Euroasphalt','','','','','','',0.000000,0.000000),(81,'Mulaj','','','','','','',0.000000,0.000000),(82,'TONI','','','','','','',0.000000,0.000000),(83,'Joos-Krasniqi','','','','','','',0.000000,0.000000),(84,'KEDS-it','','','','','','',0.000000,0.000000),(85,'KRM CABRATI','','','','','','',0.000000,0.000000),(86,'KRM CABRATI','','','','','','',0.000000,0.000000),(87,'LEKAJ','','','','','','',0.000000,0.000000),(88,'Diki&Drini','','','','','','',0.000000,0.000000),(89,'Natyra-Film ','','','','','','',0.000000,0.000000),(90,'Saf & Integral','','','','','','',0.000000,0.000000),(91,'Minire Bakija','','','','','','',0.000000,0.000000),(92,'VEMOR','','','','','','',0.000000,0.000000),(93,'Pa caktuar','','','','','','',0.000000,0.000000),(94,'NSH.Dona&Doni','','','','gjakovë','','',0.000000,0.000000),(95,'golf','','','','gjakovë','','erzen fetija',0.000000,0.000000),(96,'AGANI','','','','PRISHTINE','','',0.000000,0.000000),(97,'PORTAL PUNE','QAMIL HOXHA/4/4','038/223/841','','PRISHTINE','','',0.000000,0.000000),(98,'Joos-Krasniqi','','','','','','',0.000000,0.000000),(99,'Dijamanti','','','','','','',0.000000,0.000000),(100,'Albi - Pizza','','','','','','',0.000000,0.000000),(101,'D.P.T Rilindja 8','','','','','','',0.000000,0.000000),(102,'D.P.T Rilindja 8','','','','','','',0.000000,0.000000),(103,'D.P.T Rilindja 8','Gjakove','','','','','',0.000000,0.000000),(104,'KAG ASPHALT COMPANY','','','','','','',0.000000,0.000000),(105,'Përkthyes F. Noli','','','','','','',0.000000,0.000000),(106,'Rilindja D.P.T','','','','','','',0.000000,0.000000),(107,'Hani i Haraçisë','','','','','','',0.000000,0.000000),(108,'Çarshija e Jupave ','','','','Gjakovë','','',0.000000,0.000000),(109,'Epoka e Re ','','','','','','',0.000000,0.000000),(110,'NERTILI','','','','','','',0.000000,0.000000),(111,'Mimoza Kusari-Lila ','','','','','','',0.000000,0.000000),(112,'Concept Graphic ','','','','','','',0.000000,0.000000),(113,'Atele 33','','','','Gjakovë','','',0.000000,0.000000),(114,'D.P.H \" Corbusier\" ','','','','Gjakovë','','',0.000000,0.000000),(115,'MIRLIND KUMNOVA','','','','','','',0.000000,0.000000),(116,'Creative Touch ','','','','Gjakovë','','',0.000000,0.000000),(117,'ELITA','','','','','','',0.000000,0.000000),(118,'ELITA','','','','','','',0.000000,0.000000),(119,'Musa Halilaj','Gjakove','','','','','',0.000000,0.000000),(120,'Selim Mehmeti','Gjakove','','','','','',0.000000,0.000000),(121,'Teuta Shllaku','Gjakove','','','','','',0.000000,0.000000),(122,'Shqipe Qarkaxhija','Gjakove','','','','','',0.000000,0.000000),(123,'Kujtim Zarari','Gjakove','','','','','',0.000000,0.000000),(124,'Flutur Shehu','Gjakove','','','','','',0.000000,0.000000),(125,'Hajrije Shabani','Gjakove','','','','','',0.000000,0.000000),(126,'Teuta Qarkaxhija','Gjakove','','','','','',0.000000,0.000000),(127,'Federije Ndou','Gjakove','','','','','',0.000000,0.000000),(128,'Amellia Llapi','Gjakove','','','','','',0.000000,0.000000),(129,'CALI','','','','','','',0.000000,0.000000),(130,'Ibish Berisha','','','','','','',0.000000,0.000000),(131,'Faton Dylauka','','','','','','',0.000000,0.000000),(132,'Ehat Juniku','','','','','','',0.000000,0.000000),(133,'Shkumbin Gllogjani','','','','','','',0.000000,0.000000),(134,'Afrim Meka','','','','','','',0.000000,0.000000),(135,'Mentor Kadrija','','','','','','',0.000000,0.000000),(136,'Liridon Lula','','','','','','',0.000000,0.000000),(137,'gjykata ','','','','','','',0.000000,0.000000),(138,'DPH \"URA \" ','Gjakove','','70508370','','','',0.000000,0.000000),(139,'IDEA D','','','','','','',0.000000,0.000000),(140,'ETC','','','','','','',0.000000,0.000000),(141,'LIRA','','','','','','',0.000000,0.000000),(142,'VLLAZNIMI 2','','','','','','',0.000000,0.000000),(143,'\"FAN NOLI\"','GJAKOVE','','','','','',0.000000,0.000000),(144,'DPT \"Achillea\"','','','','Gjakovë','Kosovë','',0.000000,0.000000),(145,'\"NOA\" sh.p.k.','','','','Gjakovë','Kosovë','',0.000000,0.000000),(146,'Perfect Service','Rr.\"Leke Dukagjini\" 20 Prizren','','','','','',0.000000,0.000000),(147,'SAF','','','','','','',0.000000,0.000000),(148,'ntsh.rikon','','','','','','',0.000000,0.000000),(149,'ntsh rikon','','','','','','',0.000000,0.000000),(150,'koha ditore','','','','','','',0.000000,0.000000),(151,'n.p.sh.ceo sh.p.k.','','','','','','',0.000000,0.000000),(152,'elsig','','','','','','',0.000000,0.000000),(153,'Infra +','','','','Prishtine','Kosove','',0.000000,0.000000),(154,'Elida Bejtullahu','','044/188452','','Gjakove','Kosove','',0.000000,0.000000),(155,'DPH Te Driloni','N. Tereze','','','Gjakove','Kosove','',0.000000,0.000000),(156,'Fjolla Dobruna','','','','','','',0.000000,0.000000),(157,'Edona Luma','','','','','','',0.000000,0.000000),(158,'Ardita Ukmata','','','','','','',0.000000,0.000000),(159,'Tani Shpk','','','','','','',0.000000,0.000000),(160,'Insig','','','','','','',0.000000,0.000000),(161,'Gazmend Doli','','','','','','',0.000000,0.000000),(162,'Act Villa','','','','','','',0.000000,0.000000),(163,'Alpi Dpt','','','','','','',0.000000,0.000000),(164,'Portal pune','','','','','','',0.000000,0.000000),(165,'Rikon','','','','','','',0.000000,0.000000),(166,'EL-Shpetimi','','','','','','',0.000000,0.000000),(167,'Lingue Lex','','','','','','',0.000000,0.000000),(168,'Ak Qendrimi','Skenderbeu','','','Gjakovë','','Astrit bingjija',0.000000,0.000000),(169,'Dorina Grezda','','','','','','',0.000000,0.000000),(170,'Ati-Kos','','','','','','',0.000000,0.000000),(171,'Urban +','Prishtine','','','Prishtine','Kosove','Ilir Gjinolli',0.000000,0.000000),(172,'Lulzim Haxhiu','','044/188 447','','Gjakove','Kosove','',0.000000,0.000000),(173,'Hmmm. Crem Cafe','','','','Gjakove','','Amir Shala',0.000000,0.000000),(174,'NO NAME','','','','Gjakove','','',0.000000,0.000000),(175,'LISI - G','','','','Gjakove','','',0.000000,0.000000),(176,'ENFOROMENT','sadik stavileci p.n.','0390327862','601169825','gjakove','kosove','',0.000000,0.000000),(177,'Teki.R.Shala','Rogove','044188424','','Rogove/Gjakove','Kosove','',0.000000,0.000000),(178,'FINESE SHPK','XHELADIN HANA H/1Blloku1','045609007','','PRISHTINË','KOSOVE','',0.000000,0.000000),(179,'OXYGENE N.P.H','M.CAMAJ','','600008066','GJAKOVE','KOSOVE','',0.000000,0.000000),(180,'Kosova e Re','rruga \"Tirana\"','','','Gjakovë','Kosovë','',0.000000,0.000000),(181,'Lazer Ndrejaj','Gjakovë','','','Gjakovë','Kosovë','',0.000000,0.000000),(182,'Arlind Pozhegu','Lagjeja Carrapatok nr.11','','','Gjakovë','Kosovë','',0.000000,0.000000),(183,'D.P.SH  DJ-CITI','','','70824485','Gjakove','Kosove','',0.000000,0.000000),(184,'Drejtoria DMSH','Kuvendi Komunal',' 0390-320/976','','Gjakovë','Kosovë','',0.000000,0.000000),(185,'N.T.P.\"Gruda\"','Vitomirica Rajoni i Parë','044 139 330','','Pejë','Kosovë','Kujtim Gruda',0.000000,0.000000),(186,'N.P.T.\"Fidanishtja Garden\"','Planqor','044 765 144','600914370','Gjakovë','Kosovë','Kreshnik Frrokaj',0.000000,0.000000),(187,'shpk Bala','Rr.Nene tereza pn.','0390/330-002','','Gjakovë','Kosovë','Feim Bala',0.000000,0.000000),(188,'shpk EUROCOM','','044/701-702','661672571','Gjakovë','Kosovë','',0.000000,0.000000),(189,'shpk LISI-M','Skenderbeu pn.','0390/322-066','600597986','Gjakovë','Kosovë','Lisi M',0.000000,0.000000),(190,'nsht Trimi','Fshati Qerim','','600152730','Gjakovë','Kosovë','firma Trimi',0.000000,0.000000),(191,'shpk Armakos','Hajvali Prishtin','044/193/330','70802317','Prishtin','Kosovë','',0.000000,0.000000),(192,'shpk Kompresori','Rr.Nene tereza nr11','0390/320-500','600352520','Gjakovë','Kosovë','',0.000000,0.000000),(193,'N.P.T. Printeks ','Adem Jashari','044/143-140','600043632','Prizeren','Kosovë','',0.000000,0.000000),(194,'Repoblika Kosoves \"M.P.B\'\'','','','','Prishtin','Kosovë','',0.000000,0.000000),(195,'N.P.T. \"Freskia\"','Babaj Bokes','044/246 - 582','600018932','Gjakovë','Kosovë','Shkurte Rrustemi',0.000000,0.000000),(196,'agjensioni per zhvillimin rajonal(AZHR)','peje','','','peje','kosove','',0.000000,0.000000),(197,'BEKIM SYLA','FAIK KONICA','044-246-847','','GJAKOVE','Kosove','',0.000000,0.000000),(198,'Zjarrfiksat','','','','Gjakovë','Kosovë','',0.000000,0.000000),(199,'AFERDITA    ZHUBI','','','','','','',0.000000,0.000000),(200,'AHMET   AVDYLI','','','','','','',0.000000,0.000000),(201,'HEDIJE   HAMZA','','','','','','',0.000000,0.000000),(202,'VJOLLCA RRASI','','','','','','',0.000000,0.000000),(203,'BUKURIJE   XHEPA','','','','','','',0.000000,0.000000),(204,'ASLLAN  BERISHA','','','','','','',0.000000,0.000000),(205,'BRAHIM  KOKALLA','','','','','','',0.000000,0.000000),(206,'GONXHE  XHEPA','','','','','','',0.000000,0.000000),(207,'HATIXHE  BALA','','','','','','',0.000000,0.000000),(208,'SABRIJE   MALA','','','','','','',0.000000,0.000000),(209,'ARLINDA VELA','','','','','','',0.000000,0.000000),(210,'SHPRESA LUMA','','','','','','',0.000000,0.000000),(211,'PAL MARJAKAJ','','','','','','',0.000000,0.000000),(212,'SYLE REXHA','','','','','','',0.000000,0.000000),(213,'KASTRIOT  ROKA','','','','','','',0.000000,0.000000),(214,'NAZIFE  KUKAQI','','','','','','',0.000000,0.000000),(215,'VERA QETTA','','','','','','',0.000000,0.000000),(216,'SANIJE ALIJAJ','','','','','','',0.000000,0.000000),(217,'HYRIJE ARLLATI','','','','','','',0.000000,0.000000),(218,'VLLAZNIM SKIVJANI','','','','','','',0.000000,0.000000),(219,'GEZIM  KOLMEKSHAJ','','','','','','',0.000000,0.000000),(220,'METE  KABASHI','','','','','','',0.000000,0.000000),(221,'FIBERLINK','','','','','','',0.000000,0.000000),(222,'EL-DENTAL','','','','','','',0.000000,0.000000),(223,'LENA','','','','','','',0.000000,0.000000),(224,'EUROCOM','','','','','','',0.000000,0.000000),(225,'EUROCOM','','','','','','',0.000000,0.000000),(226,'OJQ KLUBI ROTARIAN GJAKOVA ÇABRATI','ISMAJL QEMAILI  NR.9','','601547477','GJAKOVE','','',0.000000,0.000000),(227,'NTP FIDANI- L','RR BABALLOQ - DEQAN','044 253 503','600040935','DEQAN','KOSOVE','',0.000000,0.000000),(228,'SKP SHPK','JUSUF GERVALLA, 22 ','044 176 752','600427993','PRIZREN','KOSOVE','',0.000000,0.000000),(229,'BERISHA COM ','FSH.UJZ ','044 179 573 ','600146155','GJAKOVE','KOSOVE','',0.000000,0.000000),(230,'HIDRO PROJECT SHPK',' Q,T, BILL KLINTON, 14-1','044 392 716','601173121','PRISHTINË','KOSOVE','',0.000000,0.000000),(231,'IOM','PEJE','','06000900','PEJE','KOSOVE','ASTRIT SYLAJ',0.000000,0.000000),(232,'NSH VIVA PRINT','MARIJE SHLLAKU P.N','044 132 703','600176722','GJILAN','KOSOVE','',0.000000,0.000000),(233,'PLEQJA NT','DEQAN','044 329 385','600094544','DEQAN','KOSOVE','',0.000000,0.000000),(234,'LE PONT NPNT','PEJE','044 253 168','600096839','PEJE','KOSOVE','',0.000000,0.000000),(235,'VB TOFAJ SHPK ','JUNIK','044 466 694','600499562','DEQAN','KOSOVE','',0.000000,0.000000),(236,'CDI','RR.NAKE BERISHA NR 12','038 22 668','5101968-7','PRISHTINË','KOSOVE','',0.000000,0.000000),(237,'CDI','RR.NAKE BERISHA NR 12','038 22 668','5101968-7','PRISHTINË','KOSOVE','',0.000000,0.000000),(238,'CDI','RR.NAKE BERISHA NR 12','038 22 668','5101968-7','PRISHTINË','KOSOVE','',0.000000,0.000000),(239,'petty cash','','','','','','',0.000000,0.000000),(240,'Dorina Thaqi','Gjakovè','','','Gjakovv138','Kosovè','',0.000000,0.000000),(241,'KSF\"Rojet e Nderit\"','Prishtinë','049 787 897','600364228','Prishtinë','Kosovè','',0.000000,0.000000),(242,'OIK-ORG.INFERMJERISE SE KOSOVES','PRISHTINE','','','','','',0.000000,0.000000),(243,'DHF COMPANY','','','600899663','PEJE','KOSOVE','',0.000000,0.000000),(244,'HANI - SHPK','','','','GJAKOVE','','',0.000000,0.000000),(245,'SELMANI NETWORK','','','','','KOSOVE','',0.000000,0.000000),(246,'ROJET E NDERIT','','','','PRISHTINE','KOSOVE','',0.000000,0.000000),(247,'Qazim Mehmeti','Ilir Hoxha nr14','049920911','','gjakove','','',0.000000,0.000000),(248,'KOMANY PETROL','','','','GJAKOVE','KOSOVE','',0.000000,0.000000),(249,'INSTITUTI I MJEKSISE SE PUNES','','','','OBILIQ','KOSOVE','',0.000000,0.000000),(250,'GRAFO LONI','','','','PRISHTINE','KOSOVE','',0.000000,0.000000),(251,'gewis','','','','gjakove','','',0.000000,0.000000),(252,'AQUAPHARM','','','','GJAKOVE','','',0.000000,0.000000),(253,'Flamur Fetahaj','Gjakovè','','','Gjakove','Kosove','',0.000000,0.000000),(254,'Logistics Plus','Prishtinë','044 255 193','','Prishtinë','Kosovè','',0.000000,0.000000),(255,'Zyra Kryeministrit','Prishtinë','','','Prishtinë','Kosovè','',0.000000,0.000000),(256,'ARMEND TOURS NPT','Rr.Nena TEREZE','0390324104','600137394','GJAKOVE','kosove','HAKI GJOSHI',0.000000,0.000000),(257,'ATK','Prishtinë','','','Prishtinë','Kosovè','',0.000000,0.000000),(258,'MD Consulting Sh.p.k.','Rruga Kalabrija Zona A1,C/1 No.3','','','Prishtine','Kosove','',0.000000,0.000000),(259,'Genci Rol  SHPK','Lagjja Veterniku p.n.','','600020219','Prishtine','Kosove','',0.000000,0.000000),(260,'Dritan Hadri','Gjakove','','','Gjakove','Kosove','Dritan Hadri',0.000000,0.000000),(261,'Endi Cana','Gjakove','','','Gjakove','Kosove','Endi Cana',0.000000,0.000000),(262,'Gani Rudi','Gjakove','','','Gjakove','Kosove','',0.000000,0.000000),(263,'Mimoza Brovina','Gjakove','','','Gjakove','Kosove','Mimoza Brovina',0.000000,0.000000),(264,'Erpoprint','Gjakove','044 859 000','600163860','Gjakove','Kosove','',0.000000,0.000000),(265,'Iinternacional Security Association','Rr.Mustafa Kruja nr.L-03','','601073042','Gjakove','Kosove','',0.000000,0.000000),(266,'Office Printy','Agim Ramadani ','','600034798','Prishtine','Kosove','',0.000000,0.000000),(267,'YLLKA BYTYQI','GJAKOVE','','','GJAKOVE','KOSOVE','',0.000000,0.000000),(268,'NTG BLENDI ','PRISHTINE','','600178405','PRISHTINE','KOSOVE','',0.000000,0.000000),(269,'Media Tech Print','PRISHTINE','','','PRISHTINE','KOSOVE','',0.000000,0.000000);
/*!40000 ALTER TABLE `xxl_suppliers` ENABLE KEYS */;
UNLOCK TABLES;

--
-- Table structure for table `xxl_user_roles`
--

DROP TABLE IF EXISTS `xxl_user_roles`;
/*!40101 SET @saved_cs_client     = @@character_set_client */;
/*!40101 SET character_set_client = utf8 */;
CREATE TABLE `xxl_user_roles` (
  `id` int(10) unsigned NOT NULL AUTO_INCREMENT,
  `role` varchar(255) COLLATE utf8_unicode_ci NOT NULL,
  PRIMARY KEY (`id`)
) ENGINE=InnoDB AUTO_INCREMENT=5 DEFAULT CHARSET=utf8 COLLATE=utf8_unicode_ci;
/*!40101 SET character_set_client = @saved_cs_client */;

--
-- Dumping data for table `xxl_user_roles`
--

LOCK TABLES `xxl_user_roles` WRITE;
/*!40000 ALTER TABLE `xxl_user_roles` DISABLE KEYS */;
INSERT INTO `xxl_user_roles` VALUES (1,'Admin'),(2,'Drejtore'),(3,'Zyrtare'),(4,'Ekzekutuesi');
/*!40000 ALTER TABLE `xxl_user_roles` ENABLE KEYS */;
UNLOCK TABLES;

--
-- Table structure for table `xxl_users`
--

DROP TABLE IF EXISTS `xxl_users`;
/*!40101 SET @saved_cs_client     = @@character_set_client */;
/*!40101 SET character_set_client = utf8 */;
CREATE TABLE `xxl_users` (
  `id` int(10) unsigned NOT NULL AUTO_INCREMENT,
  `name` varchar(255) COLLATE utf8_unicode_ci NOT NULL,
  `email` varchar(255) COLLATE utf8_unicode_ci NOT NULL,
  `department_id` int(10) unsigned DEFAULT NULL,
  `password` varchar(60) COLLATE utf8_unicode_ci NOT NULL,
  `role_id` int(10) unsigned DEFAULT NULL,
  `remember_token` varchar(100) COLLATE utf8_unicode_ci DEFAULT NULL,
  `created_at` timestamp NOT NULL DEFAULT '0000-00-00 00:00:00',
  `updated_at` timestamp NOT NULL DEFAULT '0000-00-00 00:00:00',
  PRIMARY KEY (`id`),
  UNIQUE KEY `users_email_unique` (`email`),
  KEY `users_role_id_foreign` (`role_id`),
  KEY `users_department_id_foreign` (`department_id`),
  CONSTRAINT `users_department_id_foreign` FOREIGN KEY (`department_id`) REFERENCES `xxl_departments` (`id`) ON DELETE SET NULL,
  CONSTRAINT `users_role_id_foreign` FOREIGN KEY (`role_id`) REFERENCES `xxl_user_roles` (`id`) ON DELETE SET NULL
) ENGINE=InnoDB AUTO_INCREMENT=40 DEFAULT CHARSET=utf8 COLLATE=utf8_unicode_ci;
/*!40101 SET character_set_client = @saved_cs_client */;

--
-- Dumping data for table `xxl_users`
--

LOCK TABLES `xxl_users` WRITE;
/*!40000 ALTER TABLE `xxl_users` DISABLE KEYS */;
INSERT INTO `xxl_users` VALUES (1,'admin','admin@gmail.com',1,'$2y$10$mNe7IMixiqBBPlPZHAeMiOCoZ82vByj29XJYnOrika1FHC2JFS64G',1,'hpnZKRfpXePWwZhE5DxqHqof3iNUeKuvzDe3pSH7XudQ15PEr72D3EdIOibd','0000-00-00 00:00:00','2020-05-18 20:56:18'),(2,'Lumnije Vula','lumnije.vula@rks-gov.net',1,'$2y$10$Ofhju41HdnQ6bPHezS0B4uht3xnEFGTHt6YyoKUIdDYPncdJmf6Aa',3,'LEfkUxPVXUmsUFhMWWeg6gYTciVZDugEMTCSFF7JFeR3oirXylXkT5lDiUTw','2016-03-14 09:42:53','2019-12-16 12:17:58'),(4,'Afrim Parashumti','afrim.parashumti@rks-gov.net',2,'$2y$10$e3atys2VQWCdqffRbjJpUevipf7xaUQoY7jiXwbBl/W3/r2ZipVw.',4,'Bnbj2hORV7aCwq9jhrAo90ZB5JpQfpjMCFYn4sRy72ljwg3J3dIB8BlOIFSP','2016-03-16 11:07:20','2016-03-16 11:19:19'),(6,'ekzekutues','durimkepuska@gmail.com',1,'$2y$10$AemZMcrv5eaI6ivmOEmWPeVetwazc0SkSUALHdchMFYYnyYtkoY1S',4,'xzkOXULKxDMdxNJCS41CHlxMPq0TMSQltYUDhduMmjXmnZ6MavjvoJNfvz22','2016-03-18 08:10:12','2016-06-27 10:28:09'),(10,'Jetmira Gllogjani','jetmira.gllogjani@rks-gov.net',7,'$2y$10$mRpljPZkzfdUgJ/WGN8ljOM2kQvfy4CxLcsfHb.7JRAcFoZ1QOVW2',3,'oJD24e7LbkjalDMuz7d6Jmq8aTC2Q7nfmE6a9bFKvwhQMCJoBs76nC0A6Z8r','2016-05-11 10:39:01','2016-05-27 06:21:43'),(11,'Flloza Bunjaku','flloza.bunjaku@rks-gov.net',5,'$2y$10$aCoJri57pquV9JEXGRzb4eUBehiFeHbpe026njpOQRbcC1nt3oGFi',3,'8ZDxldgY7SMLb2zkMsST6VIAPFr5rT7QhON248bZWwUTa2SWIgaJPknqFcEz','2016-05-11 22:00:10','2016-05-17 06:31:58'),(12,'Merita Vula','merita.vula@rks-gov.net',12,'$2y$10$qBLGHkumR4ZFw.Y8a9PaD..XY.VC2K1gpfdmi0l4/Ut5R7oY.BI7u',3,'kfKUC1CShHx0BNtbLqlW8zMvZecjg2EweOfsOBUA2b9JkdwNLSQz3A8chALT','2016-05-11 22:01:18','2017-02-06 13:06:24'),(14,'Valbone Juniku','valbone.juniku@rks-gov.net',10,'$2y$10$SPZWI6IZ1UkqCzpI9EhfG.JJl/oEMYmHqqzr7xdt5ZhuWq7so785y',3,'0BOwxRSkYS2T9nFfFpFVHTkqOETMsIUN1YFlcpIfSdXg9ij761liGRqRoIxv','2016-05-11 22:02:50','2016-05-23 11:50:04'),(15,'Dardane Riza','dardane.riza@rks-gov.net',3,'$2y$10$Qw7YZM2P7SIVWqPEwcJXB.dHHZirMhipc0AlGqkgO60Clm8oeVeYu',3,NULL,'2016-05-11 22:03:53','2016-05-11 22:03:53'),(18,'Flora Zhubi','florije.zhubi@rks-gov.net',13,'$2y$10$kcwh.6GNFmTuzYMatgChFupk8PcAm4lpX1Fx2kNCSKtKSR6STKp86',3,'QCPggA0jgQ1xlwhsMrnZjI2VJrBh9NAkUVBBYAnLip7KjgJJNJELciG2gPuR','2016-05-11 22:07:48','2016-06-01 07:05:26'),(20,'Nikolle Lleshi','nikoll.lleshi@rks-gov.net',6,'$2y$10$F7SRbvTQahA1kJBjSlEQs.obQmwocRyvCh5.RtNVPtpM8KzV2xeRm',3,NULL,'2016-05-11 22:09:44','2016-05-11 22:09:44'),(21,'Vjosa Qarri','vjosa.qarri@rks-gov.net',15,'$2y$10$t2vVNZM3uVm1JFvj0YfH5ucpYBu.67qQC5aTUKgqGJIy23zkqOUqq',3,NULL,'2016-05-11 22:12:41','2016-05-11 22:12:41'),(29,'Dardan Krypa','dardan.krypa@rks-gov.net',1,'$2y$10$TLbUFjIq4vNxklFOcfRi/.lgDJd8z7EuyB3xjMrY2Xlr3kw5A5qLK',1,'GqfD6tZEsUlkSwVH6NxRvBdd8hREPRTNCuGQdEGoru4u8UjeUvkUjtlyn6XX','2016-10-26 05:21:04','2021-01-27 11:43:58'),(31,'Ideal Kurshumlia','ideal.kurshumlia@rks-gov.net',1,'$2y$10$tEDLMEnr6YnymLT/IyVhNegJ1yvXwC4/XOOAbT/rYXXntwa8MCxHW',3,'1ReKoxBX9hP6b6hlh5aq7XCtWajYJUMS0mGBkcJ3Hk3N54Ndx5Fz2UqJr8X1','2016-11-02 12:28:40','2017-02-02 13:22:04'),(32,'Fatos Deda','fatos.deda@rks-gov.net',9,'$2y$10$uD7zyK4K.rQxc21aHjSG6eHs7UKLZwa4G4YKxs/FuWyx8F9fVMPFS',3,'tvH9i7Lk6PiH2AShnzHAGzZQO7ht7NEOKpYyMQbKMoyvgVDzSYSdixODfN7V','2016-11-22 07:15:44','2016-11-23 09:07:02'),(35,'Dafina Thaqi','dafina.thaqi@rks-gov.net',7,'$2y$10$BDARpwbAEYFCuYdp1pJgfeHg9ImF6GjQosHZLyus67rDYo2DUtUcm',3,'96nWqwEi6OLNBURmytC21gdhuu2QdUdeSl2svitZZDYDtbEIJgSgkE0eJPCW','2017-02-06 13:41:50','2017-02-27 13:49:40'),(36,'drenusha.nixha','drenusha.nixha.hoxha@rks-gov.net',11,'$2y$10$uiK9zcpK.JZtykrehb8O5u/89GllQetRtxocTve6AEejZS04ucQA2',3,'GJkaDNYKM6TBNZswoUPrNND8uEQABUX0tNYPrApYI1JdYlj6HCPmqGNIynYb','2017-02-06 13:43:46','2017-02-09 12:04:21'),(37,'Vjollca Dujaka','vjollca.dujaka@rks-gov.net',4,'$2y$10$6.1SPCZXs/3vI8hzFhfa0.vmC0S6IYJDohMhSkE5IKsgqJM/sEzo6',3,'4EPDzCtICcL1XgjxsH5HnbyDTn06MKxSSrNwFWoZznqF0SfmVe8pakRujDNy','2017-02-07 11:09:17','2018-03-12 13:18:53'),(39,'Teuta Mejzini','teuta.mejzini@rks-gov.net',2,'$2y$10$3sG/KqmI2RNWtx52RTI8D.4686s.bHw4bQnP3Okan9lttJ/geYjqS',3,'DXuDjFzLkAYhFPuRTqAnqnzJupFrVUPw3Fg9A38zXJgI7z7QITq831VAzXtf','2017-06-06 05:54:04','2018-03-23 13:46:55');
/*!40000 ALTER TABLE `xxl_users` ENABLE KEYS */;
UNLOCK TABLES;
/*!40103 SET TIME_ZONE=@OLD_TIME_ZONE */;

/*!40101 SET SQL_MODE=@OLD_SQL_MODE */;
/*!40014 SET FOREIGN_KEY_CHECKS=@OLD_FOREIGN_KEY_CHECKS */;
/*!40014 SET UNIQUE_CHECKS=@OLD_UNIQUE_CHECKS */;
/*!40101 SET CHARACTER_SET_CLIENT=@OLD_CHARACTER_SET_CLIENT */;
/*!40101 SET CHARACTER_SET_RESULTS=@OLD_CHARACTER_SET_RESULTS */;
/*!40101 SET COLLATION_CONNECTION=@OLD_COLLATION_CONNECTION */;
/*!40111 SET SQL_NOTES=@OLD_SQL_NOTES */;

-- Dump completed on 2021-04-16 14:17:30
